原创/转发,日期,原微博内容,全文内容,转发数,评论数,点赞数,话题,图文识别,涉及行业,微博情绪
转发,2025-05-01 08:41:46,#协和医学院董某莹事件最新进展#再补充一点内容吧：董小姐的导师——邱老，邱院士。原来遭受过赤脚医生的“迫害”呀[笑cry] 图3、图5和图6要放在一起看：邱老的形象瞬间高大上了起来[doge][doge][doge] ??,////// :// :// :以前不能理解的历史，今天却看到了铁证如山的合理性正义性。// :今日欢呼孙大圣，只缘妖雾又重来// :他老人家没错// ：人家都是资产阶级知识分子了[doge]// :可能是她的情人帮忙做手术，然后她领奖,1,0,0, ,北京协和医学院临床医学专业毕业论文学校代码：10023学号：B2019012012跨模态图像融合技术在医疗影像分析中的研究专业年级：北京协和医学院临床医学专业2019级试点班姓名：董袭堂导邓贵兴（教授）北京协和医学院临床学院（北京协和医完成日期：2023年5月渊凌圣的晓晓关注17:46的聊天记录年07月05日至2024年07月06日07月05日18:30:08来让我来讲一下故事梗概，袭莹妹妹目前在中日友好医院规培，上个月在胸外轮转，和胸外的肖飞关系“比较好”，然后这个月本来应该去脊柱科轮转，但是妹妹觉得太辛苦就不想论战，然后让肖飞去和骨科教秘（麻昊，盘尼西林乐队手风琴手，爸爸是中医科学院副院长）去说不去骨科轮转，留在胸外帮忙，不查房，只和肖飞上上手术。完事脊柱的教秘也很刚，就直接在群里吵架，和教育处沟通反然后肖飞就和骨科打架，妹妹就去我了邱老。本来上午骨科教秘问主任这事怎么主红该怎么办怎么办，不到两个小时，主任就接到了仇老的电话，们老说知道给你填了很多麻烦，但是邱老都说了，尽量照顾一下，就不转脊柱科了，然后就给中日的脊柱主任转发了“不转科”的申请人，让主任签字。现在肖飞和袭莹妹妹让骨科教秘在群里道歉。07月05日18:30:09今天妹妹和肖飞上手术，因为护士了妹妹，肖飞直接生气，脱了衣服，带着妹妹离开手术室07月05日18:30:09，李老师、甘老师，有个情况向教育处反应下，有规培医生董袭莹，在入科前的最后一天，托本院某外科高年资医生打电话来以该科《邱贵兴院士为什么能为董开绿灯？》所以，他两什么关系？？有人知道内幕嘛已看过《董爸总裁，董妈院长》说点5448963117天生明德邱贵兴（北京协和医院外科学系主任）：到农村以后，那些赤脚医生他们是老大，我们还要培训他，出了问题还要我们负责任，还不能说这个赤脚医生有问题。要说有问题说明你立场，阶级立场有问题。他们就提出口号要从我们这些资产阶级知识分子手里，把这个刀把子拿过来，就是说这个刀把子不能叫你们资产阶级知识分子拿。解说：现在已经是学科领军人物的邱贵兴，可以说实现了自己1960年考入协和时的职业愿景。只是当年那场惊心动魄的政治浩劫，让他的从医之路走的曲折又艰难。邱贵兴：大跃进后来慢慢结束了，1959年就开始国家要抓经济了，要恢复了。所以1959年成立中国医科大学，那么我是1960年入北大的。解说：在1953年和1957年，两度停招医学生后，1959年协和改名为“中国医科大学”，恢复八年制教育开始招生。邱贵兴当时入学后要先在北京大学进行三年医预学习，第四年才能真正进入协和。邱贵兴：那个时候老协和还有一批老人都在，所以我们那些老师都是那些老协和的人。我记得我们这个林巧稚教授带我们看病，比如听产妇、听胎心什么的，她不嫌人家脏不脏，把耳朵趴倒肚子上听。所以你当时感觉到人家跟病人那就没有什么医生跟病人，好像就是自己人，家人的感觉。1966年开始协和就停掉了，那个时候把我们协和就当成一个是，应该说是个资产阶级知识分子的批判的一个对象。协和八年制被认为资产阶级修正主义苗子。所以那时候的教授基本上他们都靠边站，有的扫厕所，有的戴大高帽，好多学生也不敢接触他。邱贵兴：（我们）也搞了一样的它一样要搞这些，因为它有革委会，有红卫兵，但是没有像他们那么激烈。八年出来什么也不是，那时候就什么也没有，没有学位，就是说协和的学生，就是我们医大的学生要全部分到西北农村。我算不错的，我就分到了延安，又把我们分到张家河公社医院。我记得那个时候有北京知识青年里面的赤脚医生，根本不懂，从来没学习医，他就给病人去开刀有的口腔科的，我们都不太敢做他就的做北京日报客户端北京板关注Q 听554.6万粉丝V 到了延安，过的第一关就是生活关。邱贵兴和爱人一个来自无锡，一个来自福州，事先都不知道缺水到底是啥滋味。到了延安，每天吃水都成了问题，洗澡更是奢侈的愿望，“人人身上都长虱子”。一开始，他们还会用敌敌畏来消毒衣物里品，时间久了，两个人真正体会到“虱子多了不咬”的感觉。“生活关”过了，还要过“技术关”。公社医院也有医生，但多数都是卫生学校毕业的中专生。刚刚从学校比业的邸贵兴，很多手术都没做过，但这里的医生很多手术见都没见过。遇到急诊病人需要手术，邱贵兴只能与爱人边看书边做手术。,公安,中性
转发,2025-05-01 11:18:06,其实和盲女配对的这个another zyl的体格还算OK，不是干巴小瘦子，肩膀头子是练过的，就是脸像乐高小人，实在是出戏。对不起了[允悲] ??,主要别的平台也是豆豆眼，真的讨厌//，就比如说你以前购物车乱七八糟的，然后你把它清空了，放两个巧克力进去，你的所有推荐里面就只有巧克力了//，现在刷那个平台都出现这个豆豆眼乐高小人无语了,0,0,0, ,LEGO 10+40819Scaled-LUp Racing DrverMinifgure 694pcs octan,其他,愤怒
转发,2025-05-01 16:11:19,原配谷潇雅，还是冲动了，不知道她现在什么心情，估计也没想到搞这么大吧。真的因为女人一时的恨，为了一个渣男何必呢？像谷女士这么优秀，离了婚可能过得更好。这下毁灭的不只是肖飞，还有自己的前程和孩子还跟着受了牵连和影响。谷潇雅自己也不弱，北大八年制医学科班出身，眼科博士，三十多岁就干到副主任医师，标准的顶级精英，完全不靠肖飞也能过得非常好。这个事理性的角度还是应该走司法程序，低调把婚离了算了，至于争财产抚养权啥的，也不是谁说拿多少就多少，法院自有定论，就凭肖那个德行能拿到抚养权才怪了。搞成现在这个样子，真的把自己的前程也给毁了。得不偿失。我是建议有头有脸的体面人，私下有事私下解决，不要搞到网上来满城风雨，这种网暴导致的伤害是不可估量的。肖飞罪有应得，谷女士这种鱼死网破的行为不值得。,那必须值得//。// :怎么不值得？,1,0,0, , ,其他,愤怒
转发,2025-05-01 16:17:09,人朋友，展信脆。最近的花开得很好吧？我想出门看花，可是我的冬毛还没换完，整个我参差不齐的，耳朵后边缺了一点毛毛，屁股上又多一点。我为这样的情况而难过，决心不能在看起来像一个被丢弃的旧毛绒玩偶的情况下坐立在好看的花枝中间。等冬毛换好就去看花，我这样想着。可是昨天下了一场可恶的雨，我不禁委屈得想要哭泣。你看，我没有做错什么，可是我失去了我的理想。难道毛发齐整的我比毛发杂乱的我更值得看花吗？为了等待理想情况的到来，我轻视着现在的自己。可是我们在泥土里踩出的明明是同样的爪印。过上理想生活的方式是从现在就开始过理想的生活。如果无法在开满鲜花的枝头坐立，那我就要在花瓣地毯上打许多的滚，花瓣会填补我毛发的空缺。祝您的五月过理想的生活。您的朋友，小奶?#小奶来信# （Pinterest：Rachel）,每月一封信，类似老白发面条照片一样让人安心。,0,0,0, ,,其他,悲伤
转发,2025-05-01 16:36:57,发现了，男明星穿的小白鞋都挺增高的。 ??,黄大民生不逢时啊，现在一八零以上男明星也都是各种增高小白鞋高跟皮鞋，根本没人说。,0,0,0, , ,娱乐，时尚,中性
转发,2025-05-01 17:15:04,刷到小红书上有一位女孩，说被微博千万粉丝的大V造黄谣了。她只是在餐厅里吃饭时，看到一位老人长得很像自己已故的爷爷，一时感伤，就走过去敬了一杯酒。没想到这一幕被在场的微博大V看到，将整个过程添油加醋地写成了一篇恶意满满的博文。他在遣词造句上可谓处处藏针，特意强调，餐厅里六十多岁的老头《开了几瓶茅台之后》，一位年轻女孩就突然走过来敬酒，说，“大哥，我觉得您特有气质，我敬您一杯，认识下。”然后两人交换了联系方式。他想表达的意思明明已经很明显了，就是在往20几岁的年轻女孩拜金，主动来认识有钱老头的方向引导。却在文末装作无辜地总结道，“我没看懂这是咋回事儿，但我隐隐感觉这老头离倒霉不远了。”更恶心的是，他甚至直接在评论区里带节奏，煽动道，“他俩肯定会睡在一起的。”、“这是我所不能理解的。”引导网友们一起嘲讽、攻击女孩。这位微博大V平时经营着“尊重女性”“爱妻好男人”的人设，而且他自己也有一个年幼的女儿。难道他不介意自己的女儿也活在这样一个，女性可以随便被恶意编排、被羞辱、被造黄谣的世界里吗？真的太恶臭了。 （后续看到大V道歉，他否认小红书上的女孩是当事人，但承认自己确实《充满恶意》地揣测了一位无辜的女孩。因为当晚旁边桌很多男人在抽烟，他只能“生窝囊气”，不敢找旁边桌的男人理论，而是把《怨恨》用来给向抽烟那桌客人敬酒的陌生女孩造黄谣[摊手]。）,真的很臭//，没想到以这种方式出现在网友面前//////？那不奇怪了////////，肯定自己干过吧,0,0,0, ,关于我被某大V 造黄谣！ 我被有千万粉丝的大博主造谣了事情是这样的...给我巧乐兹19058小时前回忆专用小马甲25-4-2911:17发布于广东想起件事儿，前两天我在一家装修很好的店里吃宵夜。大厅就我们几桌客人，隔壁桌坐了四五个人，一个六十岁左右头发花白的老头坐主位，他们桌上开了几瓶茅台，喝起酒来很喧闹。过会儿突然走过去一个女孩，看着二十多岁的样子吧，端着一杯啤酒。女孩走到老头面前说：大哥，我觉得您特有气质，我敬您一杯，认识下。老头激动得不行，感觉特有面子，朋友也起哄，他立刻干了杯白的，说：你坐过来一起吃！说着就开始让服务员加椅子。女孩说：不不不，我闺蜜跟我一起来的，我得陪她。这时不远处另一位女孩举起胳膊招了招手。然后她跟老头互扫了下，加了联系方式，就各吃各的了。这一切发生得太快，就一两分钟吧。我也是第一次见这种情况，说实话我没看懂这是咋回事儿。但我隐隐感觉这老头离倒霉不远了。 回忆专用小马甲AI 转发306评论85赞291按热度铁粉4老头可能觉得自己又要恋爱了哈哈哈哈哈哈哈哈哈哈4-2911:19来自加拿大83回忆专用小马甲他俩肯定会睡在一起的，那么接下来呢？这是我所不理解的。4-2911:20来自广东13哈哈哈哈天4-2911:41来自四川返回回忆专用小马甲坦白讲我之前写的时候，内心确实带着怨气因为当晚人多的那桌客人，是一直在抽烟的，这点我在帖子刚发时，就在评论里回复了，大家如果刷到过，可以帮我做个证。他们就坐在离我约半米的地方，虽然店里窗户都大开着，通风很好，但烟味依然源源不断飘到我面前。所以当有陌生人举杯向抽烟那桌客人表达善意时，我一直在偷偷生窝囊气。但我不该把对一桌在公共场所抽烟客人怨恨的一部分，转嫁给一位素不相识的女孩。 我之所以会在评论里回复那句充满恶意的揣测，是因为我不可避免的听到了一些他们的对话，包括他们同桌朋友的起哄，不怕大家笑话，我当初写的时候没敢提，也是怕涉及别人隐私会惹麻烦，我现在如果写出来人家对话的内容，更像是在编排人家，所以在此也不提了。错在我，本来也不该嚼人家舌根。我这两天一直在反思自己，大家批评的对，我确实太久没被骂，飘了。尤其在性别之间关系没那么和谐的今天，我作为一个有些阅读量的自媒体，更不该做出这样错误的发言，对不起。,公安,愤怒
转发,2025-05-01 19:32:28,?《布莱切利四人组之旧金山》EP01开播旧金山平静小镇突现谋杀，凶手弃尸方式与多年前的旧案惊人相似。四人组远赴旧金山，踏上追凶之路，试图凭借战时的破密经验，破解凶手留下的密码。“重操旧业”的她们，能否找到凶手......?《布莱切利四人组旧金山》EP01人员名单片源：咕噜咕噜翻译：月月一校：Natalie二校：香香鸡蛋糕群校：虾皮 麦麦脆汁羊 紫紫海报：清清时间轴：launim特效：launim压制：launim统筹：怪兽#秃炮怪字幕组##布莱切利四人组##布莱切利四人组之旧金山#,超好看//,2,0,0, ,布莱切利四人组之旧金山秃炮怪字幕组,娱乐，体育，司法，政务,喜悦
转发,2025-05-01 20:54:21,always baby ? ??,麻麻每天做梦胸口碎大石,0,0,0, ,3months 3years alwaysbaby,其他,中性
转发,2025-05-01 21:32:11,人在无语的时候真的会笑 ??,实话//,6,0,0, ,02:33健身房20cm黑皮小奶狗.JPG 131KB 微信电脑版13:3888健身房20cm黑皮小奶狗.JPG,其他,喜悦
转发,2025-05-02 08:48:50,没了#天津医闹# ??,//[蜡烛]////[蜡烛],0,0,0, ,23:41100个腐女子的本愿05-0123:09iPhone13Pro //：/：/1：天津医院事件凶手有预谋，选择两位都给他做过手术的主任同时出诊那天，凶器准备了两把藏在准备好的假肢里混过安检，踩点精确捅了第一个主任之后从职工通道到了另一个诊室捅第二个主任，顺带捅了取药的护士和进修医生，提前准查看翻译发布于北京：#天津医院医闹#骆巍医生一路走好转发13评论25赞78赞评论转发3口,科技，医疗，公安,悲伤
转发,2025-05-02 08:50:29,#王辰# 不得不怀疑王辰是美国派来的间谍了 规培制度迫害多少医学生了 ??,祛其精华，自创糟粕是吧//////,0,0,0, ,事20:42一、大力推进4+4模式。董小姐这样的“天才少女”就是他发掘的。王院士在23年对协和毕业生讲话时，就特地提到了董小姐，可见对其的认可。三、铺开“专培”制度。考虑到国内医学生的5年本科经验不足，除了规培，将铺开专培，即对医学生再加2-4年的培训，据知情人反馈，此举和副高挂钩。王院士原本是美国国家医院院士，他回国后做的这2件事，不但让普通人成为医生的考察越来越严谨，也让海外人才成为医生的机会越来越多。大家觉得王院士这两个举措怎么样？,其他,愤怒
转发,2025-05-02 14:34:07,早安，端端正正的三角饭团花，花花今天的丸子头扎得真漂亮，眼睛也好亮，好乖好可爱，我们花局今天打扮得漂漂亮亮迎接五一。20250430(CDPanda)#微博影像年# | #萌宠随手拍# ??,这么多年，花花还是幼态肥脸子呢,0,0,0, ,胖哒蓉,其他,中性
转发,2025-05-02 16:58:37,声明：我的姥爷米德生，与董某无关。我是小某书上猫小寞（277124351）本人。5.1 下午两点多，我在小某书发了第一篇笔记，得到大量网友迅速关注。图1-6。必须说明的是，那张全家福，我放了原图又删了，删了改了又放了[允悲]5.1 晚上，我又发了第二篇笔记。图7-9。收到了无数人的鼓励和信任，深表感谢。也收到了无数人的质疑，我能理解。所以决定鼓起勇气来微博这个更大的平台，为我的姥爷米德生说一句公道话。一场社会焦点事件，莫名其妙扯上了我已故三年的姥爷，我和家人都很难过。关于我姥爷的这场无妄之灾，只希望能早日平息，早日真相大白。不用关注我，去关注真相。请友好发言不要吵架。再次感谢每一个好心人！#董某莹事件唯有真相才能定纷止争##关注社会热点事件##辟谣##董某外公为米德生系谣言#,//// :// :米德生的家人辟谣,0,0,0, ,米德生怎么就成了她姥爷了？小红书小红书号：27712435113:535G82返回我姥爷怎么就成了董xy外公万万没想到第一篇小红书居然是个辟谣贴。从昨天第一次在小红书看到我姥爷照片的震惊、愤怒，到现在打下这些字，心情久久不能平静。我的姥爷，米德生，你可以轻易从百度百科查到他的生平和照片。他年轻时支援大西北来到兰州，在寒旱所的办公室里，绘图台前，默默绘制了一辈子的地图。我印象中，姥爷只有每年的年三十不去办公室，其他时间总是在办公室画图。以前坐车路过他办公楼的时候，看着他的灯亮着，我和妈妈总要说一句，姥爷又在上班呢。我印象中，姥爷不太会做饭，我小学的时候中午在他家吃饭，他只会给我做蛋炒饭，不过说起来味道还不错。姥爷也不太会带小孩，我小时候每次去他办公室，他总是给我手里塞几颗大白兔奶糖，这在他眼里可能是哄小孩利器吧哈哈。每次去姥爷办公室，看着他画的地图，辨认着他在地图上写的字，什么希夏邦玛峰、乔戈里峰这些字眼，我比同龄人提前很早就知道了。后来我学了文科，又读了大学，读了研究生，又到北京工作，和姥爷交流的也少了，姥爷也在岁月中一点点老去。8=13:535G82返回11后来姥爷生了病，迅速消瘦，加上口罩期间的种种不便，到2022年大年初十，姥爷终于解脱了。真正了解到我姥爷在事业上的成功其实是在他过世后，我只知道他为了画图，忽略了对家人的陪伴，却不知他的图在他所在的圈子里，是多么的难得和珍贵。我打从心里为我有这样的姥爷感到骄傲！现在，网络盛传的事件就这样莫名其妙和姥爷扯上了关系，看着网络上的人一边讨论姥爷的长相和民族，一边说着要彻查真相，我想说如果可以真的请彻查，我姥爷人都走了三年了还要遭到如此侮辱和抹黑，这是多么令人难过和悲哀的事情啊！姥爷的儿女和我们孙辈，都是普通的不能再普通的人。我更是个i人，不想被过多关注。妈妈说，清者自清，等事情过去了，姥爷自然也不再会受到伤害。但是我心里又难过又无奈，于是决定在这里发一些碎碎念。我不知道会有多少人相信我，也不知道会有多少人看到我这些碎碎念，只当是我这个外孙女，对姥爷的一种纪念和“保护”吧！附上一张我们的全家福，愿事件早日平息，愿真相早日揭晓。8=的姥爷米德生与童某我的赌爷米德生与通某我的佬爷米德生与通某我的姥爷米德生与无关无关无关无关我的姥爷我德生与董某我的姥谷米德生与董某我的姥爷我的姥爷米德生与董某我的我的妈妈的姥爷米德生与董某我的姥爷米德生我的姥爷米德生与董某生与董某我的姥爷米舒生与无关无关无关我的姥我的姥姥我的姥爷米德生与我的姥节米德生无关小红书的姥爷米德生与童某我的姥爷米德生与董菜爷米德生与董某我的姥爷生与董某小红 2018/1/28Mi 看翻译妮子midesheng 2018/1/19Mi 帮助妮子：你好！请提供安全、实用、免费、可下载英文翻译软件。外公midesheng 2017/12/25Mi 续策纠正这是我的邮箱里，舍不得删除017/12/22Mi 的姥爷发给我的邮件同midesheng 2017/12/22Mi 米德生自动回复：回复：交流谢谢！收到了midesheng 2017/12/22Mi 交流妮子：我的“世界8000米以上雪山地图集”于2013年1月15日与中国地图出版社签订出版合.中国科学院哪区旱区环境与工程研究所所长基金资助国际制国协会第二十大届国际制国大会获奖作品中国雷山地图编制的里程碑国冰川学研究达到国际水平的重要成果世界海拔八干米以上雪山地图集施雅风米德生编著乔戈里峰干城章嘉峰道拉吉里峰这是妈妈拍的，我姥爷生前出版的地图其实也就是这个地图出版后，他好像是精神支柱突然没了，身体状况急转直下中国地图出小练工书一些说明1首先特别特别感谢小红书的网友们对我的支持和信任！不管是私信我的还是评论，我都有看，真的很感谢！没想到流量这么大，无法一一回复答谢，在这里统一致谢！我删除了我们的全家福，是有姐妹提示说免得被有心之人利用了，我也不想远在兰州的姥姥和我的父母担心，所以就把全家福删掉了。2关于我管我姥爷叫姥爷不叫外公这件事。我姥爷是江苏南京人，支援大西北去了兰州，成家立业。我自小生活在兰州，对姥姥姥爷的称呼就随着兰州人叫了，习惯了。我叫他姥爷他也答应，有时候我故意拽几句南京话喊他外公他也答应。3关于我的民族。我姥姥姥爷都是回族，我的民族随我母亲，也是回族。回族人里面米姓算是大姓来的。我生下来的时候他们大人们就说民族随妈姓随爸，所以我是回族人，但我不姓米。4关于我的ip.我现在定居上海，假期北上，被堵在江苏，接下来还可能被堵在山东，请忽略我的位移。5关于我姥爷的职称。我姥爷不是院士，我家世也并不显赫，我本人也只是籍籍无名打工人一个，害，说起来是不是有辱门楣了？姥爷是8=一个，害，说起来是不是有辱门楣了？姥爷是个低调得不行的人，可以说他是用几十年的言传身教让我们知道了什么是踏踏实实专注于一件事。6关于我姥爷和我用邮件沟通。据我所知他习惯用邮件和外界沟通，和同事和学生都是用邮件，或者直接电话。他不太会拼音，所以邮件都是一个词一个词的，他更不太会用微信，又怕打我电话会影响我工作，所以当时是用邮件和我沟通的。7我姥爷一生，从未标榜过自己是什么厉害人物。他于自己儿女的事业方面都不曾插手，更别提我这个外孙女了。姥爷是个沉默寡言的人，从我小时候就觉得他是个严肃得让我有点惧怕的人，总觉得和姥爷不够亲近，我甚至有些怨他天天趴着画图，不曾享受什么天伦之乐。所以我也是在姥爷过世后才知道姥爷的地图多么珍贵，才知道他的“工作狂”属性是多么让人敬仰。我的能力有限，也没什么所谓的网感，平时刷小红书就是为了放松心情的。经过这件事也确实理解了什么叫做“造谣一张嘴，辟谣跑断腿”。这是一个外孙女为已故姥爷的辩白，我也不知道还应该怎么证明了，也怕陷入一些自证陷阱，所以也不太想去回应太多了。不用关注8二图多么珍贵，才知道他的“上作壮”属性是多么让人敬仰。我的能力有限，也没什么所谓的网感，平时刷小红书就是为了放松心情的。经过这件事也确实理解了什么叫做“造谣一张嘴，辟谣跑断退”。这是一个外孙女为已故姥爷的辩白，我也不知道还应该怎么证明了，也怕陷入一些自证陷阱，所以也不太想去回应太多了。不用关注我，也希望大家不要吵架，友好发言。再次感谢好心人们，谢谢你们！O,生活，公安,喜悦
转发,2025-05-02 17:00:13,随便怎么折腾吧。但只要高考不废，平民百姓就还有希望。这是最后的底线 ??,//：闹起来先废高考。好消息：废了高考怎么都还得再装回来。,0,0,0, , ,教育,喜悦
转发,2025-05-02 17:43:57,雍正，还得是雍正。松石绿釉贯耳瓶/天津博物馆藏 更绝的是，这个松石绿是雍正朝研发的.. ??,有现代感了//,2,0,0, ,weibo.c 老猪的碎碎念摄清雍正松石绿釉贯耳瓶天津博物馆1108202weibo.com/u/1867082024老猪的碎碎念摄清雍正松石绿釉贯耳瓶天津博物馆weibo.com/u/1867082024老猪的碎碎念摄清雍正松石绿釉贯耳瓶天津博物馆,文化，旅游,喜悦
转发,2025-05-02 17:57:57,我想在院子里种点竹子，查了一下怎么种，发现很多人抱怨竹子会到处冒出来，搞的其他花草难以生存，有人说竹子真的很像君子，表面上个个清高独立，却会在地下盘根错节同气连枝，难以铲除。 ??,五岳剑派同气连枝是吧////！！////////// :// :有意思// :丁文江嘲竹诗：竹似伪君子，外坚中却空。成群能蔽日，独立不禁风。根细成攒穴，腰柔惯鞠躬。文人多爱此，生气息相同。,7,0,0, , ,其他,喜悦
转发,2025-05-03 10:52:23,完全被小奶的粉爪爪吸引住了！ ??,QQ糖,0,0,0, ,,其他,喜悦
转发,2025-05-03 11:01:20,#五一假期是捅人窝了吧# 五一假期是捅人窝了吧，这个五一你堵在了哪里？#微博兴趣创作计划##遇见春天# ??,去西湖的人是准备下水么//[允悲][允悲]//[允悲]//[笑cry]//[允悲]//[笑cry],0,0,0, ,五一假期最堵人的30个景点人山人海太热闹了,其他,喜悦
转发,2025-05-03 11:24:18,世界上最可爱的小猫出现了！ ??,哎哟给我弹一下粉鼻头不过分吧,0,0,0, ,nullnullnullnull,其他,喜悦
转发,2025-05-03 11:27:46,契丹金冠 ??,看着就像随葬的//// :我特想把它倭成图1那样…[允悲],0,0,0, ,,其他,中性
转发,2025-05-03 11:30:33,太Q弹了吧！！！ ??,给我玩一下不过分吧,0,2,0, ,,其他,中性
转发,2025-05-03 11:43:32,草，刷随机视频片段，评论里路过的俩人夸任素汐的戏，一个说特别爱看她演戏，觉得特别自然另一个上来回复，嗯，就像秋裤掖在袜子里俩人一拍即合：懂，安心！哈哈哈哈哈这什么精确比喻什么顺滑交流 ??,哈哈哈一定不是我们这里人//,0,1,0, , ,其他,喜悦
转发,2025-05-03 11:46:53,朋友姐姐的猫……………好一个飞天遁地蜘蛛猫 ??,好哦飞天猪咪,0,0,0, ,SF,其他,喜悦
转发,2025-05-03 13:07:13,【#曾黎掉粉超10万#】近日，#曾黎# 因粉丝赠送的定制徽章被团队人员转售至二手平台陷入舆论风波登上热搜，引关注。5月2日，查询曾黎个人社交平台账号发现，现粉丝量已掉至717.3万，掉粉数已超过10万。#模仿杨坤网红道歉# ???,她还能有七百多万呢？我本来估摸着五十万不错了,0,0,0, ,曾黎AAFEYANS 掉粉超10万,公安,惊奇
转发,2025-05-03 15:41:33,我只单纯觉得，这些人也未必真知道宝玉怎么样，只是借机非要讽刺一个女演员没文化而已。但除了显得狭隘愚蠢，也没真的显得多有文化。 ??,好像粉圈操作，互相挑刺儿。,0,0,0, , ,其他,中性
转发,2025-05-03 15:43:57,小猫不语只是一味地踩奶 ??,狸花猫你在弹棉花吗,0,0,0, ,,其他,中性
转发,2025-05-03 15:59:13,娱乐圈里长得美不难，长得美同时还像个正派浑厚坚韧的好人很难，主角相其实是这个东西，现在很多年轻艺人不知道，自以为变美了，其实越整越坏事了 ??,大多数人太早出来混了，没有经历过正常成长的时期，上过电影学院的还算好的，完了就他们的脑子在圈里学的都是鸡零狗碎的小妈学，失去长成坚实浑厚丰沛活人的机会//，破碎感就是不坚韧，媚视烟行像坏人。,3,0,0, , ,其他,愤怒
转发,2025-05-03 16:36:57,#猫咪领养[超话]# 性格像小狗的圆脸玳瑁一小只，给撸给摸。圆滚滚的，很像招财猫。刚刚和妈妈姐妹分开，妈妈已绝育放归，这只小猫在我这里中转找领养家庭。会有喜欢我的两脚兽带我回家吗？坐标：成都双流华府领养条件：非合租非学生，25岁以上，必须封窗，自有住房优先，喂进口粮，适龄绝育，按时疫苗。#领养代替购买[超话]##成都猫咪领养#,乱七芭蕉小猫咪//,0,0,0, ,,其他,中性
转发,2025-05-03 16:38:47,奶牛猫：人！速来救驾！[喵喵]#海外新鲜事# ??,还以为是熊猫挂树上下不来呢，哦，也差不多，都是奶牛色。,2,0,0, ,placewhere car shouldnt be,其他,中性
转发,2025-05-03 20:28:53,谁点的香蕉牛奶请享用 ??,香蕉奶牛很健康的，谁啃谁知道,0,0,0, ,nullnullnullnullnullnull,其他,中性
转发,2025-05-03 22:02:35,#最想看到的事没发生# 猫：本来早喝饱了，为了逗王八又多喝1斤#春日放个疯##遇见春天# ??,乌龟：今天吃猪肝？////[笑cry]我在期待什么////[微笑]//，还喝王八汤//,0,0,0, ,,其他,喜悦
转发,2025-05-03 23:37:29,一个宝瓶 ??,我家奶牛也是宝瓶,0,0,0, ,,其他,中性
转发,2025-05-04 00:56:50,下班去看了雷霆特工队，冬兵这部的定位跟看板娘差不多，起码换了5套以上外观，起到一个勾起观众色心忽略剧情问题的作用 ??,震惊，居然小白花太太，“阿光”命名者，又转到了我首页//[允悲]//：前面忘了后面忘了总之吧唧帅得很客观 彩蛋更是不容错过,0,0,0, , ,其他,惊奇
转发,2025-05-04 11:28:15,【我的追梦关键词｜#朱一龙说给成长一点耐心#】#朱一龙的追梦关键词是扎根#“如果你现在有些困惑和迷茫，不妨给自己一点耐心，给成长一点耐心，默默扎根，不断生长，总有一天会收获惊喜。” 发起#我的追梦关键词#互动征集， 分享的关键词是“扎根”。向下扎根，然后向上生长，积蓄足够力量，静待枝繁叶茂。一起加油！,好浓的眉毛哦,0,0,0, ,人民日报PEOPLESDAIY 我想分享的追梦关键词是扎根,娱乐,喜悦
转发,2025-05-04 16:12:15,5月3日，重庆网友反映：长寿区人民医院李姓医生喝醉了酒还在给病人看病，患者都不想让他看。（信息来源：用户7） ??,////,0,0,0, ,这个医生喝醉了酒还在给人看病,医疗，公安,中性
转发,2025-05-04 16:12:30,误入奶牛猫警校 ??,猫咪派出所,0,0,0, ,,其他,中性
转发,2025-05-04 16:27:09,像爆米花一样蹦出来了的小狗 ??,真的是爆米花呀,0,0,0, ,OOPN,其他,喜悦
转发,2025-05-04 16:37:56,“打针好痛好可怕，抱紧我。”[via ins] ??,外国狸花猫1??好大一只,0,0,0, ,Dr_hassan_jalilian,其他,中性
转发,2025-05-04 16:38:30,king ??,是路过女儿国要被抓去当驸马的帅,0,0,0, ,,其他,中性
转发,2025-05-04 19:26:23,种咪得咪 ??,种多得多,0,1,0, ,母本小苗,其他,中性
转发,2025-05-04 19:27:52,啊哈哈哈哈哈比格算是被用明白了！下面有人说：比格大魔王常有，而善用比格魔王者不常有。真的太有道理了哈哈哈哈哈哈 ??,比格家长防抑郁指南////////[跪了]////……啊啊啊啊啊//[笑cry]双方都表示很满意//[允悲],1,0,0, ,马变成蒲公英了怎么办,其他,喜悦
转发,2025-05-04 19:36:17,#宇多田光因夫妇别姓被炎上# 宇多田光 因新歌提到夫妻别姓而在日网引发轩然大波，被指“破坏日本户籍制度”歌词大意：到了令和哪一年，这个国家才会允许夫妻不同姓呢？#宇多田光 夫妇别姓# #宇多田光因夫妇别姓炎上# ??,日本人就是偏远地区边民，喜欢自创糟粕//，我们这边周礼是同姓不婚////！,1,0,0, ,"MineorYours 宇多田匕力儿令和何年5乙の国飞夫妇别姓ok九子h 龙3X 宇多田光新歌歌词「到底要等到令和多少年这个国家才会允许夫妇别姓啊？」这难道是要利用歌手影响力强行推广夫妇别姓吗？这歌词简直像是收了钱写的。就算她自己作词，我们也不想被一个没在日本出生的人高高在上地用歌来批判日本的户籍制度合和何年亿右右Q75432288昨日19:18虽然以前喜欢宇多田光但现在真的已经受不了了！会为了户籍制度被破坏而高兴的都不是日本人而是外国人你们现在不知道日本正在被中国侵略吧？因为人在国外。明明都不在日本了就别对日本的政治指手画脚。x.com/utadahikaru/st..宇多田匕力儿 新曲夫七配信「Mineor Yours」听乙方x.com/hikki_staff/st 5月1日（木）16:39X兰 政治正确的浪潮也席卷到日本音乐界了啊。(这首歌)让人对(宇多田光之前的)许多名曲的印象都发生变化了，说实话真是让人遗憾啊。F13T Q231111昨日14:11「到了令和哪年，这个国家才能允许夫妇别姓呢这歌词什么鬼？刻意把选择性夫妇别姓写进歌里太不自然了，如果这是她主动创作的，那她压根不了解日本的户籍制度和孩子的处境。别从国外发这种不负责任的歌兴F1R31THE TAKE 2610分前应该是接了什么任务吧，就是已经过气的宇多田光引发话题的炒作营销手段，根本没有国家观念。只顾眼前、金钱和自己，只要能赚钱就行了吧。贱人！个了10分前这也太浪费了……·好遗憾明明歌声、旋律和氛围都超棒的！！！偏偏中间歌词···笑死笑死ww 这到底是搞笑还是什么操作啊「夫妇别姓」这种话题··居然能写进歌词的吗？11137昨日16:22看了宇多田光的歌词，这难道不是对盲目鼓吹""夫妻别姓""之人的讽刺吗？说什么""每天在一起太累”，那干脆别结婚算了。""越是习惯自由就越感到不自由""这句话道破了一切。不过在这里碎碎念这些无聊观点的我，也该自我反省吧？要是推行夫妻别姓制度，户籍制度会崩溃，日本就完蛋了x.com/sharenewsiapan MP吧X 宇多田光的单曲精选集封面。把宇多田光的脸部下方放大看看··sIngle COL LECT g 011227昨日21:20恶魔魂壳、恶魔の业代理行人。故、の世欺瞒。支配层恶魔崇、人间憎人飞。支配唇恶盒二取加九、优生学信奉、我等庶民の人间减活氛付。彼恶魔の业恶魔の代理行。卜道本提力6弓引用https:/h iajp pepsi",娱乐,中性
转发,2025-05-04 21:08:23,猫咪也会有小情绪！ ??,孩子眉毛都秃了,1,0,0, ,,其他,中性
转发,2025-05-04 22:55:39,可以帮奶奶穿针线的小狗，小狗：我就说这个家没我不行吧~ ??,这个家不能没有小狗,0,0,0, ,每次奶奶给布丁缝玩具的时候它都会乖乖坐在旁边等奶奶把线头交给它舔小狗不知道为什么穿线前要舔一下它只知道奶奶需要它的帮助adidd,其他,愤怒
转发,2025-05-04 23:16:40,有人不明白“讲戏”是什么，为什么一个“名角”还需要讲戏，我简单说一下。像四大名著这种长篇小说，都不可能直接用小说进行全本演出，除了电视剧，大部分的剧种只能表演“选段”和“改编”。“改编”需要重新写剧本，“选段”也一样需要改写剧本。为什么要重写剧本，因为小说给的信息量不够用，怎么运镜，怎么走位，做什么动作，用什么曲调唱，唱的乐谱，都需要写明白。有了剧本以后，就需要给演员讲戏。如果演员自己读剧本就能演的话，还要导演干什么呢？导演就是讲戏的人。大部分演员自己都没有这个能力，少部分有这个能力的演员后期会转型做导演编剧。,塑造角色，把故事顺下来，把细节处理合理，都不是那么容易的，有些人演了这么多年还是呆子就是没有能力理解//，能自己整明白属于附加技能,1,0,0, , ,文化，娱乐,中性
转发,2025-05-04 23:32:57,当代网友啥都能找到 ??,谁让你说了//,0,0,0, ,ReportResults for 505W 43rd StUNIT 12d New YorkNY 54CondomiumoarinoyrenoertUhoook'sroprtyatbaseooidretaamserad liabilltes forpricestaxrecordsandmore.57St 505W43rdStApartment12d 12d dJazzClub 47-509Looking for MLS andPublicRecord Real Estate Information?Search Over17sMilion Properties and Bulld Property Lists with Ease.Try PeoplefFinders Sponsoredby PeopleFinders.com PublicFacts 12PropertyCharacteristics Residential 2017Jul292024PropertyType YearBult LastSold $101072-1304HOADues Con Zoning Type 董小姐在美国的豪宅1小时前北京共135条评论约翰泥巴当代网友啥都能找到就是找不到工作。44837分钟前湖南回复好好生活好好爱扎心了32分钟前浙江回复18展开35条回复,其他,愤怒
转发,2025-05-05 00:16:29,小鸭在澳洲挺着大胸不知道又勾引了多少人哦 ??,看视频了，人超多，胸超大,0,0,0, , ,其他,中性
转发,2025-05-05 07:33:29,这是真善良摇粒绒……知道小猫喜欢玩自己衣服上的小球 特地转过去给小猫玩……[可怜]全世界最毛茸茸的视频诞生了#遇见春天##春日放个疯# ??,可爱宝宝们,0,0,0, ,,其他,喜悦
转发,2025-05-05 09:34:04,趁小狗还没睡醒玩弄它的小耳朵 ??,让我来,0,0,0, ,,其他,中性
转发,2025-05-05 13:14:51,【#已有多所高中不再双休#】#高中双休为何难落实# 近期，全国多地发布通知，强调执行高中双休政策。记者梳理发现，当前，各地学校双休形式多样，有按留校与否，分为每周离校双休，或单周校内双休、双周离校双休；也有按年级区分的高三单休，高一、高二双休。双休期间，一些学校还会开放教室、图书室、阅览室等场所，供学生自习。不过，4月以来，已有多所学校改回了原来的管理模式，不再双休。福建泉州一位从教近30年的高中语文老师认为，周末双休让师生有时间“休养生息”，学生有更多自由去安排学习和生活，同时也有助于教师回归家庭、提升专业能力。“部分学校和家长认为学生在校时间越长，越能提高分数，实际并非如此。”中国教育科学研究院研究员储朝晖分析说，传统观念认为“一分耕耘，一分收获”，但努力的方向错了，还可能会损伤孩子人格。中国教育发展战略学会人才专委会秘书长陈志文曾分析指出，高中双休难以落实，主要源于家长群体的过度教育诉求、高强度的应试训练能带来一定效果、地方政府的政绩驱动三方面原因。,自从有了双休，我人生读书工作就没有过不是双休的地方，高三也就是上半天，真不知道现在在瞎搞啥，管理学生是一件很爽的事情是吧//[笑cry],0,3,0, , ,教育，公安，政务,中性
转发,2025-05-05 13:29:54,我家猫咪总是违反的高铁乘车守则（却总能逍遥法外）?#春日放个疯# ?/ ??,奶牛猫豆啃黄瓜了,1,0,0, ,FORYOURPAGE 法外狂猫,其他,愤怒
转发,2025-05-05 16:06:40,这边乡间流传着这么一个故事。某村有个男的，长相很不错，也很会赚钱，但是人品不好，一天到晚在外面轧姘头。他老婆是他的初高中同学，本来青梅竹马的，现在看老公出轨深为怨念，但因为种种原因，一时不便离婚。那男的平时爱吃馄饨，特别是早餐，无馄饨不欢。于是，他老婆就特地去请教了厨师，怎么合出最美味的汤，每天早上给老公包馄饨煎火腿肠做早餐。慢慢她老公不出去轧姘头了。人人都说她贤良，用一片真情感动了丈夫，令丈夫浪子回头。不过，好景不长，过了五六年，儿子考上大学后，他俩平分财产离婚了。又过了一阵子，大概是到儿子大学毕业的时候，男的一样样想起前妻的种种好（他只以为是自己那个多了才萎了），也只有前妻在他不行的时候眼里没有鄙夷，这男的于是到处托人，追着前妻求复婚。这时才爆出了里面的故事，原来那妻子恨丈夫出轨，又不便离婚，就在馄饨肉馅里放入剁碎的新鲜蚯蚓肉，让他每天吃每天吃，终于把老公吃萎了，再不能出去彩旗飘飘。他老婆很烦他的纠缠，便把他萎的真相告诉了他。男的一开始恨得咬牙切齿，但后来想想事已至此恨也无益，两人的感情基础还是很深厚的，他跑去对前妻说，既然是你害的我，就必须对我负责到底。又纠缠了三四年，又打感情攻势，又打金钱攻势，最后前妻为了儿子方便找女友（江浙这边喜欢双方父母双全，离异或丧偶都减分），同意了复婚。,和喂猪饲料一个路子//（//// :好李碧华风味哈哈哈,0,0,0, , ,其他,喜悦
转发,2025-05-05 16:09:44,看朋友圈我的好友西藏自驾游有快一个月了，他现在一年有半年的时间在外面玩。工厂已经丢给跟着他一起打江山的下属在打理了，真的现在自由自在了。十多年前他是我工厂的供应商，虽然年龄比我大10岁，我们兴趣爱好相同在行业里成了好友。他只有一个女儿，女儿是属于那种小公主型两手不沾阳春水的，对吃喝玩乐比较有兴趣，在国外读了一个文凭回国了，也对传统的制造业没兴趣。因为是独生子女，身边的人都劝好友把女儿带在身边继承家业。好友看得很清醒，他说女儿不是创业接班的最佳人选，就让女儿去了银行上班。那女儿不是最佳接班人，这么大一大摊子家业总得有人接个班吧？我们一群行业朋友以前坐在一起，他们会劝说在行业里找一个能接班的女婿。我和好友私底下都认为，皇帝都不扶驸马，平常人家没必要去扶女婿？那不是将来给自己女儿找罪受，如果找一个女婿来继承家业，女婿万一上位了，这种被保护得很好傻白甜的女儿终有一天会被吃干抹净。他让女儿找了一个在深圳体制内的老公，女婿一年大概30万左右收入。朋友给他们在福田买了一套婚房，好友的老婆平时也会给女儿各种花钱，女儿虽然结了婚，每次工厂搞年会的时候，我们会见面聚会，看起来一家人还是像小时候一样其乐融融很幸福，女婿也是很满足对女儿很好的样子。好友说他很懂男人，女儿接管不了，自己的家业宁愿将来无人继承不兴旺，也不会去扶女婿青云志给自己女儿将来的生活埋下隐患，过几年将来把工厂卖给同行，婚前给他们买房买车，退休后给女儿留部分财产让他们的小资生活不缺钱无忧就行了，但绝对不会去把女婿栽培出来。我身边很多60岁左右做企业朋友，这些年和往年相比，往年听到的是只有独生女儿的话就会把女婿带在身边继承家业栽培出来，现在听到了都是让女儿找一个有稳定工作的女婿，他们出钱买房买车，再给一笔现金保女儿一生平安过就行，栽培女婿的想法基本现在没有了，可能是世风日下世态炎凉，在社会上见多了女婿一旦得志，第一件事就是把自己的女儿休掉，仗着自己已经继承家业成了话事人争夺家产，本来平安顺遂的日子过成了狗血大剧，还不如让他们平平安安普普通通更好一点。好友说他现在也没有什么执念，什么家业继承不继承的，能做多久就做多久，卖了或者将来倒闭了也无所谓，活在当下过好好日子更重要，不要因为想的更多给下一代埋下隐患，我现在觉得他这是明智之举。,听闻日本企业老板的路子是在公司里能干的小伙子里找一个当女婿，入赘到自家//，自然就能成长了，但是栽培的话其实就是被特殊对待，比如有个机会，但不告诉别人只告诉你，都是有代价的，以后他让你帮他干活你干不干，他骂你你是不是得忍着？//，啥子叫 栽培如大仇 啊，我没太懂背后的逻辑//，栽培如大仇。// :// :人间清醒，幸福不是单纯钱能解决，想互维度你不考虑钱考虑其他，他考虑钱，并且觉得已一家人，省下来线为什么不扶贫一下我的家人，听得多。将就过吧，过一天是一天// :// :真好！这样幸福感很强！而且不赌人,0,0,0, , ,政务,喜悦
转发,2025-05-05 16:42:24,【#游客感谢女船长带全船人逃过一劫##游客回忆贵州游船惊心动魄7分钟#】据新华社消息，5月4日16时40分许，贵州毕节黔西市新仁乡乌江百里画廊景区六广河水域遭遇突发大风，发生游船倾覆事故，造成人员伤亡。“昨晚一夜没睡好，至今想起来还害怕！”5月5日上午，自驾回四川德阳的任女士将车停在高速服务区，准备舒缓心情休息一下再走。头一天下午，她和朋友两人一起自驾到贵州省黔西市新仁苗族乡化屋村游玩，在乘坐游船游览乌江上游风光时，遭遇狂风暴雨。在经历船舶剧烈晃动、船长靠泊礁石、紧急冲滩等惊心动魄的7分钟后，任女士和同船的20多名游客全部安全上岸。“我们登船时，当地还是阳光明媚的，一直到下午4点都是晴天。”任女士告诉极目新闻记者，在5月4日下午4点半左右天气突然变了，天空开始掉落雨点。“这个时候船还没有开出码头多远，女船长看落雨了，就开始让游客全部进船舱，并让之前没穿救生衣的游客全部穿上救生衣。女船长开始喊返航，我心里还有一些失落，感觉雨下得不是特别大。但过了一会儿，就开始刮大风，下大雨，水面上的浪也特别大，能见度不足一米，几乎什么都看不见了，当时感觉就好像是在海上一样，游船晃动得特别厉害。”任女士回忆，眼看风浪越来越大，女船长和副船长就喊游客将船舱内的所有窗户全部打开，并加足马力开船。在风雨最大的时候，女船长将船开到了距离岸边不远有礁石的地方，副船长冒着生命危险跳上礁石准备将船固定。但是风浪特别大，可能是觉得不保险，女船长再次把马力加足，将船往最近的滩涂上开，还好成功了，全船人得救了。任女士告诉极目新闻记者，从女船长喊返航到游船冲上滩涂，全程也就7分钟，包括她在内的全船人都感谢那位女船长和副手，因为他们靠着经验、职业能力、沉着冷静救了全船人。,指挥领导工作就交给女人吧//[赞]////,0,0,0, ,黔西游船倾覆事故致9人死亡1人失联两艘船均核载40人，未超载极目新闻JIMUNEWS 据新华社，5月4日16时40分许贵州毕节黔西市新仁乡乌江百里画廊景区六广河水域遭遇突发大风发生游船倾覆事故,公安，政务，旅游,中性
转发,2025-05-05 16:50:41,猫猫目击出轨现场[喵喵] ??,这就打翻一个饭盆//////////////[笑cry],1,0,0, ,,其他,喜悦
转发,2025-05-05 17:52:48,在看什么？咪要检阅！ ??,检查麻麻手机里有没有别的小猫咪,0,2,0, ,,其他,中性
转发,2025-05-06 08:43:11,假期只是看了一眼窗外，便决定无限宅在家里。 ??,住在景区的困扰//[允悲]//，我已经在家窝了3天了[允悲]重庆人基本上都得给游客誊地方,1,0,0, ,TODS,其他,喜悦
转发,2025-05-06 11:33:54,增加一下首页的奶牛猫浓度！ ??,浓度暴增[抱一抱][抱一抱][抱一抱],0,0,0, ,nullnullnullWIsER'S Delxe LRSnullnullnullnullnull,其他,中性
转发,2025-05-06 20:11:26,人，这样真的好看吗 ??,好看的,0,0,0, ,,其他,中性
转发,2025-05-07 09:20:34,世界上最诱人的卡点出现了 ??,哎呀呀,0,0,0, ,,其他,中性
转发,2025-05-07 09:21:42,很神气的一只萨摩耶宝宝[哇] ??,是个宝宝,1,0,0, ,,其他,喜悦
转发,2025-05-07 15:32:23,#金赛纶遗属再开记者会#总结：说给举报者10亿韩元，让他不要把录音给金赛纶遗属被拒绝后，雇凶在美国机场袭击，举报者性命保住但是判为残疾，现在案件被FBI接收 ??,//// 终于看明白了 日//？？,3,0,0, , ,其他,中性
转发,2025-05-07 19:16:29,好可爱，一个叫“虎贵千”女孩说自己名字像男孩，想改名，网友劝她别改，大女人就得起这样霸气的名字，还有人问她这个姓念“虎”还是念“猫”，她说念“猫”，她其实叫猫贵千[笑cry] ??,超可爱//，啊啊啊啊啊羡慕这个名字！而且虎还读作猫，啊啊啊啊啊啊啊！////！就叫猫贵千！,2,0,0, ,继名虎贵千性别女更改名字建议姐妹们，我是女生我叫虎贵千贵是我的辈份，这个名字很像男孩子的，我一直想更改我的名字家里人都是叫我千千，我想更改为虎汗汗朋友有什么好的意见吗？这样修改对社保以及档案会有影响吗#改名字#改名字猫自在.F者不改了朋友们，我下辈子还用这名字1347第一次听到这么多人夸我名字，太开心啦！！以后自我介绍直接提高嗓音了65小时前江苏回复置顶评论特别霸气的名字！！大女人就得1189起这种名5小时前河南回复展开32条回复这个字念猫还是虎1305昨天14:44四川回复IF者念猫，猫贵千2352昨天21:12江苏回复教理发我们这有一家姓虎的，女儿名字也4407特别可爱，叫蹬雪6小时前河南回复妈呀这也太灵动了17975小时前山东回复可太有画面感了2476小时前上海回复,其他,喜悦
转发,2025-05-07 19:17:22,Are u ready for your lesson？#daily奶牛猫# （投稿： ） ??,请奶牛老师授课,0,0,0, ,nullnull,其他,中性
转发,2025-05-07 20:44:09,这声音很多人都熟悉吧[哆啦A梦害怕][哆啦A梦害怕] ??,加了八级滤镜，肯定不年轻了////？// :虎躯一震// :天啦，又听见[允悲][允悲][允悲],2,0,0, ,,其他,中性
转发,2025-05-07 21:20:07,珺璟如烨，雯华若锦。祝 生日快乐！#电影封神第二部##封神三部曲# ??,哎呀居然昨天是们雯元的生日,0,0,0, ,生日快弊崇应彪侯雯元饰05.06封神,其他,喜悦
转发,2025-05-07 21:20:31,[哈哈]刘家琨老师这普里兹克获奖感言里还提到“感谢工作室三只猫”……，成都果然巴适的很～ ??,小猫功德无量,0,0,0, , ,其他,喜悦
转发,2025-05-07 21:31:59,耽父对角色的拔吊无情相当迷人，全情投入之后全身而退，然后赢得青楼薄幸名。 ??,绝不可能真的全身而退，演员也给不出身体里没有的东西//////，但过后好像看得更开了，被角色组成自我也无需抗拒，人生如戏，戏如人生。,20,0,0, , ,其他,中性
转发,2025-05-08 07:35:01,一拳可以打死一头流！ ??,不好惹哦,0,0,0, ,,其他,愤怒
转发,2025-05-08 07:35:38,这种小奶猫从小盘到大，性格会很好[舔屏] ??,给我盘,0,0,0, ,,其他,喜悦
转发,2025-05-08 09:00:00,除了救人的女船长，还有一位女船长，这位是牺牲了的。却没看到什么报道…… ??,//////[蜡烛]//[蜡烛]//，一位是报道里救了一船人的彭明艳船长，一位是为了留泊位给有乘客的船让乘客安全下船开空船出去后牺牲的彭莱船长,0,0,0, ,糖果小动物关注小过过关注97条评论xianxian 你妈妈非常伟大，她也做到将自己船只人员安全送回岸，那样的天气状况再次出船救援，更没几个人可以做到，不管网上有没有报道阿姨的事迹，都值得我们尊敬2小时前·广东回复83Ella作者她不是出航去救人，是把空船开出去让装有乘客的游船先靠岸赶紧下船，刹那间她的船和另外一艘船被狂风和巨浪拍翻1小时前·贵州回复38甜柚Ella 虽然她这次不是出航去救人，但是她救了一船的人，英雄1小时前·福建回复21灰灰1021Ella 抱抱你，保重自己。妈妈是伟大的，开出空船也是为了给有乘客的让出位置。这也是在半夜刷到女船长的感慨，好难过正在感慨船长的果断，下一秒刷到一个船长的女儿说，她妈妈为了救其他乘客，开船出去被风吹倒了不在了更新：图二半夜刷到的，图三今天早上看到的，7分钟天啊原来贵州还有一名牺牲的女船长看这个姐妹的帖子才知道，除了在7分钟内成功避险带领全船人逃过一劫的女船长，还有一位女船长是因为把岸边的空船开出去，给载人的船提供,公安，政务,中性
转发,2025-05-08 09:07:26,我嘞个天津早点规则怪谈#春日放个疯##遇见春天# ??,好的学起来// //,1,0,0, ,一个在天津生活了22年的东北人证明这么吃真的巨好吃！我小时候被同桌全程指导了一次之后，这个吃法深入骨髓，就是前两节课撑的直翻白眼1天前·天津回复1084一同逃避大部分人都在看乐子，我是真的馋的流口水昨天01:22·天津回复937预判画师我为什么会把这个看完，我是不是太闲了1天前·辽宁回复678有机纯毒奶天津早点规则怪谈1.茶几不能吃一个2.荷包蛋不能提前点3.第一个果子要掰开按进去4.第二个果子整个拿着吃，要泡不能蘸昨天00:51·山东回复117我以为我们山西已经是主食配主食的顶级了，没想到天津更胜一筹2天前·山西回复4025极致锋钝感知力我去天津找同学玩，早上她让我一定尝尝嘎巴菜，特意一大早出门给我买的，我努力吃了半碗，那天一整天没再吃下任何东西，也不是难吃，就是.不知道为什么吃不下别的东西了2天前·河南回复78,其他,中性
转发,2025-05-08 09:40:06,美国教育部长对哈佛大学不满，给哈佛大学写了一封信。哈佛大学干脆把教育部长的信贴出来，并把教育部长信中的错别字和语法错误标出来。不过我的英文也是半调子，只发现了少数语法错误[允悲]不过这位堂堂世界第一大国的教育部长，写的几乎全是口语化的简单句，连我这个半吊子都觉得不好意思[允悲][允悲][允悲],给来点六级英语题// ask[doge][doge][doge][doge]//？[挖鼻]//放心了（x）,8,0,0, ,THESECRETARYOFEDUCATION WASHINGTONDC20202May52Dr.Alan Garber Ofice ofthePresident HarvardUniversity MassachusettsHall Cambridge.MA02138Staxkes fow Coujuufan Dr.Garber TheFederaGovemmenthasasacredresponsibilitytobeawiseandipomtewardof American taxayrollarsHarvardUniversityespiteamasngaarelyax-ree3.2iln dollarendowment（largethan theDPof10countriereceivesmonollarsof taxpayer largessachyaReivingsuchtapayerudsisarivilegotaighYtsteadofig these fundstoadvanceheducationofitssentsHardisngaginginsstemipaef violatingaWhyfy get intoHavadornouanhshchh questionbngbifl Harvard notgive straightforwardanswerste the-ahenican public?0717rnowdlfe HarvardUniversityhasmadeaockeryofthiscountry'shighereducation ystem.thasinvited foreignstudentswho engageinviolentbehaviorand showcontempt fortheUnitedStatesof Americaoiauvrayadaaidaibyitsgabliga ethicaanfciaryiitsaaeyesiileanablaceoaca rigor.It had scrappedstandardized testingrequirements andanomalizedgrading system.This year Harvardwasforced to adoptan embarrassingremedialmathprogram forundergraduates.WhyiitweaskmatHarvard hasotachsimpleand asicmathematicswhenitissuppoedly sohardte-etmtthisacclaimeduiversityWo isgetting in undersuchalow staard whenotherswithabulousgradesandageat understanding of the highest levelsof 7121777mathematics.arebemngrejeted?ppworing /2qenon7.clawse Harvard hasnbeen mbroidinumiliainglaarismscandasxosedclearlyandnl inthemedmwithrespetoyourthenUiversityPresidntwhowas anbaament or NaionMnaabyak CongreswamanEliseStefank.and herCommitte.Asiwere trying to embarasitselfeven mayorseveropresideovermajorciiesinocountry'shistoryo supposedlyach “leadershipatheir SchoolofPublicHealth.Thisis like hiring thecaptain oftheTitanicto teach navigation tofuturecapainsof the sca omokeSonell This incomprchensible failure becomesmore understandable afterrevicwingHarvard's mamagemeTheHarvardCoporatonhichissupposedtocompetentlyandprofssioally manageavadasacciaacessbysg leaningObamaoliticalapointeePenyPrizkraemocratoperativewhoiscaasopi emouehc.running the institution ina totally chaoticway.Harvard alumnus anLhighlysuccessfuedge fundmaBiktdeaehaarecoml advocacy organization for one party”Ackman has called for theresignation ofPritzkerconcluding tht theTtjhemismanagement here isPenyPritzkerandnoting thatanyseriouscorporationwoudhaveremoved herafera litany ofrecent failings and the fact thatincredblyHarvard isnotinagood financial imcewsisfear posiionAccordingAckanoneoftheorldfremommeepeisHarards edSs3billon endowmentsmassivelyoverstated asfarashmtl'sreallyyorh Harvard has irresponsibly takenoursbilionin-debt chaim Howvond inowan!vich Ifthisisucocmingvicaasaumiaagmnta hbuin urgent need for massiverefompdt continued taxpayerinestmentIfHamramdprefars notto changethcn Harvard should hafenoproble using itsoverlowing cndowment to fund its bloated bureaucracy.arhwsog pckone At itsestaverstyldulll thhghestealsfuaionannlghtn muompiete thousandsof hopefulstudents who walk through its magnificentgates thisideal.0Com ing.Care Perhapsmost alarminglyHarvard has failed to abideby theUnited StatesSupremeCourt's rulingdemanding that itend its raciapreferencingand continuosto engage m uglyacismiits itsor undergraduate andgraduate schoolandevenwithin theHarvardLawReviwiselOur universitisshouldbe bastionsofmerithatrewardandclebrateexcellnceandachievement.They shouldnotbe incubatorsofdiscriminaion that encouageresentmentandnstillgrievance and racism into our wonderfiulyoungAmericans.The above concerms areonlyafractionof thelongJistofHarvardsconsistentviolationsofits lst ownlegaliesGivntsnacnmingalaonssletrisomo Harardshguldo longerseelGRANTShom thefederalgovementsincenonewillbe youcrip roviialn pvayndinoningntclossanoneymt lagebaeealylYovenalyBilastar prosperity securedby theUnitedStatsofAmericaand itsfre-market systm you tcachyo studentsto despise.ae:uoudept fen Claure?TheAdministrationhadrcviouslybecnwillngtaintainfederalfundingtoHarvardsoong asHarvardcommittedtocomplyingwithongetledEederalLawincludingtoprtctand promote student welfare and the landmarkdecision ofour SupremeCourt againstracial canfence prcfcrencing.Theproposed common-sensereforms-which theAdministration remains committed toincludeareturn tomerit-basedadmissions and hiring.an end to unlawful programsthatpromote crude identitysterotypesdisciplinarrefom and consistent accountability.including for sthdcntroupscoopeaion withLawEnforccmcntandrcporting complianceit theDearmentofEducatonDparment ofHoelandSecurityandohr,教育,惊奇
转发,2025-05-08 10:12:34,跟在游艇上喝红酒没什么区别#假日先疯派##遇见春天##春日放个疯# ??,幸福//// :不是？什么？// :// :来不及解释了 快上车// :本来在公司楼下吃碗面吃完了到家了,0,0,0, ,广式营养汤粉鲜牛脆软肉山辣脆哨粉面肉沫粉面猪帝火锅炒饭,其他,喜悦
转发,2025-05-08 10:13:11,#小猫高能量打工一天的vlog# 抓鼠课堂开课啦[哈哈] ??,鼠今天做贡献了//////,0,2,0, ,抓鼠课堂，两只小一猫学的挺认真的,其他,喜悦
转发,2025-05-08 11:08:50,#于适yosh[超话]# 水下幻影，心跳与浪潮同频。 亮相澳门新濠天地《水舞间》新章揭幕盛典。#水舞间##澳门水舞间新章揭幕红毯# ??,这衣服就是老白男打猎度假穿的，确实需要大体格子穿,1,0,0, ,新濠天地新濠天地ITYOF DREAM:CITY OF DREAMS 年肥新濠天新漫天地CITYOF DREAM OFDREAMS新濠天地CITYOE 舞间新濠天地CITY OF DREAMS NGWATER 水舞间日新AATFER CIT 新濠天地CITY OF DREAMS ER 水舞间WATERnull新濠天地CITY OF DREAMS 舞间新濠天地CITY OF DREAMS DANCINGWATER 水舞间NATER 新厅ATER 水间CINGWATER,娱乐,中性
转发,2025-05-08 11:11:20,小猫到家第一天，太可爱了，在腿上睡着了，心都化了 ??,我摸摸,0,0,0, , ,其他,喜悦
转发,2025-05-08 11:23:43,完啦，奶牛控制头部 ??,超漂亮奶,5,0,0, ,nullnullnull,其他,喜悦
转发,2025-05-08 13:54:07,当你有如此贴心的小猫进入网络....#海外新鲜事# 让我的尸体又暖了一下??? ??,天下第一好猫猫,8,0,0, ,"X ，我就走进去生气地训斥它入”干嘛这样一快睡觉""，结果发现是阳光照进来了，它是在叫我一起躺着晒太阳.以前住独居房的时候阳光很珍贵，所以每当阳光洒进来时，我都会急急忙忙喊猫咪过来点从那以后，只要出现阳光它就会叫我。！是引舍现在搬家了！它还是这样呢7:55·2025586",其他,喜悦
转发,2025-05-08 16:24:29,枕下有粮，心里不慌 ??,今天晚餐,0,2,0, ,,其他,喜悦
转发,2025-05-08 16:40:46,#于适yosh[超话]# 扶额那一下谁懂啊啊啊omg[抓狂]…请补药再散发魅力！（现场大家都在夸夸夸 是被大家宠爱的小宝宝[抱一抱][哇] #于适老钱风穿搭# ??,姐狗赛道王者//《姐姐の萌宠》//。。////,1,0,0, ,oaad 猪饼吃糯米,其他,喜悦
转发,2025-05-08 19:31:48,近半个月时间，王阳直接官宣了五部电视剧，全是一番男主。 ??,悄无声息拍，悄无声息播，我宁可看鞋车装bility//……,0,0,0, ,王阳0313来自微博视频号#冬城猎凶首发海报#无论迷局何解，猎手的目光永远锁定凶手。#冬城猎凶##2025优酷片单#王阳0313的微博视频文娱榜优酷片单·895.5万新讨论598632649291八千里路云和月官微+关注25-4-2311:04来自iPhone16ProMax已编辑发布于天津#八千里路云和月主阵容官宣#月色下，他们用热血书写不屈，以担当守护家国。#2025爱奇艺非凡片单#守得云开见月明。#2025爱奇艺世界大会#。预约链接：网页链爱奇艺出品帧绮映画MAX 王阳张云魁的旅行品电视剧心诉十关注25-4-2313:20来自微博网页版发布于上海#心诉万象人间剧照##2025爱奇艺非凡片单#卷宗求索，索引是非曲直；法庭胜辩，辩别冷暖人心。#电视剧心诉##2025爱奇艺世界大会#领衔主演：：：：网页链接微博预约：心诉王阳WANG YANG 饰徐如林心诉爱奇艺超话电视剧围猎电视剧围猎超话4-23来自iPhone13Pro 电视剧围猎超话古厝追击，毒网破局。黑雾猎场，角逐升级！#电视剧围猎#蓄势待发，敬请期待！#2025爱奇艺非凡片单##2025爱奇艺世界大会#出品：25-4-3016:05来自微博网页版发布于北京#奉陪到底开机##奉陪到底官宣阵容#前来“奉”上目光灼心海报一明暗光影间对峙，如炬如刃的目光下，是全盘博弈「奉陪到底」的坚决。#电视剧奉陪到底#敬请期待！总导演：：：聂成帅领衔主演： 问竹石敬请期待,娱乐,中性
转发,2025-05-08 19:44:28,#盛夏缤纷棋逢对手海报##2025优酷片单#纵观棋局运筹帷幄，于方寸之地拼出无限可能！ 和林超 盛夏 一起逆风而上， 全网独播，敬请期待！#盛夏缤纷# ?预约： ?预约： ??,北京文化这是准备拍点电视剧回本呢,0,2,0, ,优酷出品感夏续分SHE IS JUST HeR 侯雯元林超娜然盛夏导演：杨文军林继东编剧：陈岚董其优酷全网独播敬请期待播出优酷酷喵TV 平台联合出品北京文化出品方|优酷YSLM 工作室问烁工作室,娱乐,喜悦
转发,2025-05-09 07:47:47,#会动的zoo# 看到这个视频集锦，不禁又想起来粉丝们告诉我的一个冷知识：听说马厩养猫，是因为马儿情感纤细，容易被吓生病，所以需要猫咪脱敏，并帮助驱赶老鼠。也有说法是，马儿和猫咪都是神经敏感的动物，混熟脸的过程在这两种动物之间是同调的（对比说就是狗太自来熟了哈哈哈不同频），所以比起其他动物更有发展成好朋友的潜质。狗：那我走？[doge]【推：ShouldHaveCat】,全世界最可爱的视频,1,0,0, ,cimeow funmoments,其他,喜悦
转发,2025-05-09 09:24:51,迟早你会发现，什么吃啊喝啊玩啊，一点都不重要。对于自身来讲，最重要的，只是睡眠。睡眠好，做什么都有劲，看什么都开心，简直可以原谅一切；睡眠不好，没有精力都是其次，最可怕的是，只需连续几个睡眠不好，就会导致情绪的全面坍塌，陷入暴躁与抑郁。一定要保护自己的睡眠，凡事都要为睡眠让步。 ??,日常的一切运动操劳琐碎只是最终只是为了睡个好觉,2,0,0, , ,其他,喜悦
转发,2025-05-09 15:56:27,两只小猫在路边的打架，镜头一转，五只柴犬齐刷刷吃瓜！柴：蒜鸟蒜鸟，都不容易[doge] ??,怎么也不上去劝架啊//// :// :[doge],0,0,0, ,视频来源：夏栀.两只小猫在路边的打架镜头一转五只柴犬齐刷刷吃瓜柴犬：蒜鸟蒜鸟都不容易,其他,中性
转发,2025-05-09 22:19:13,奶牛猫公主驾到！ ??,梭子蟹脸,2,0,0, ,,其他,喜悦
转发,2025-05-10 15:11:51,陈绮贞：“我出道的时候22岁的时候，然后一出道就有人叫我陈老师，然后后来有人叫我院长。我知道你们有人叫我老婆有人叫我老公嘛，然后还有人叫我妈妈，然后还有一个小我20岁的人叫我女儿。其实我很想跟你们说，这样的你们其实是很迷人的。因为在你们的世界里面，你们的角色并不是僵化的。好像你们的角色是可以用来丰富你们的生活，好像所有所有的标签都比不上你每一次每一刻亲自体验你的人生。然后我想说能够认识这样的你们，认识你们迷人的世界，我觉得是非常幸运的。在你们的世界里我相信你们爱一个人是你们的天性，我爱才是一种练习。所以我希望我可以带着我的歌住进你们的世界里，然后永远都不要离猝。”视频cr：?shadothew（不断更版,麻麻//？//////天性”[泪][泪][泪],0,0,0, ,陈老师的哲学课「爱是一种天性」TWA “小我20岁的人叫我女儿”shadothew（不断更版）小红书,娱乐,喜悦
转发,2025-05-10 16:06:30,当小狗和小猫的肢体语言不通时… ??,小猫好,0,0,0, ,,其他,中性
转发,2025-05-10 16:11:47,【太真实了！#自家猫咪因为太胖到挠不到耳朵#】 努力伸爪，还是差一点点。小猫气鼓鼓：我要申请耳朵代挠服务！#趣味中国# ??,我,0,0,0, ,女生晒出自家猫咪胖到挠不到耳朵，自己生闷气头：你快挠啊！脚：我挠了！而的惠思生活,其他,喜悦
转发,2025-05-10 16:16:05,刚刚有姐妹评论说其实现在娱乐圈那些人私生活也挺丰富的，只是演得烂！好有道理，欠缺的不是做爱经验，是生活经验和接地气经验，所以演得不好 ??,你给他自由他理解成散漫////，后宫剧为啥不拍元昊的后宫呢？// :（）// :[挖鼻]// :欠缺的是体验复杂情感的经验，不是滥交经验，又不是演那种片[好运连连],0,0,0, , ,其他,中性
转发,2025-05-10 19:50:05,欢迎来到奶牛猫的世界 ??,什么人家啊,0,1,0, ,,其他,惊奇
转发,2025-05-10 20:54:04,抬头迎接妈妈的爱 ??,让我来,1,0,0, ,,其他,中性
转发,2025-05-11 15:51:23,??这才是 “奶牛” 猫哇！平时说的奶牛猫其实是燕尾服猫！??#假日先疯派# // #春日放个疯# // #萌宠随手拍# // ??,宝，你有点子东西在身上的,0,0,0, ,nullnullnull9nullnullnullnull,其他,喜悦
转发,2025-05-11 17:59:20,好了不用争了，这下是05流量花横空出世了 ??,汤唯给这么多人抬轿吗// 这是那个老大多多吗 还是另外一个////，起码好看//[傻眼],0,2,0, ,电影《人·鱼》将亮相5.20一5.23全国院线推介会（厦门）！敬请期待带来新消息。导演：程耳主演：王一博，汤唯，王传君，黄忆慈（黄磊和孙莉的女儿)简介：大兴安岭腹地，近乎与世隔绝的青年第一次面对来自遥远炎热混杂的南方的诱惑，遥远炎热混杂的越南河内，中年男人的悲喜人生和他别出心裁的人鱼表演，以及日本青森学习艺术的女大学生。迥异的世界，交叠的人生。,娱乐,中性
转发,2025-05-11 20:11:38,不比那些又倭又西的影楼装好看？#汉服本来就很美不需要改良# ??,那西真漂亮//，好美，好西域,2,0,0, ,微博视频号,其他,惊奇
转发,2025-05-12 08:09:38,给孩子穿个裤头吧[哈哈]#春日放个疯# #可爱小猫# #遇见春天# ??,那个，让我来吧,0,0,0, ,,其他,喜悦
转发,2025-05-12 08:49:05,来自《锈湖》官方有点地狱的母亲节短片……[笑cry] ??,是他们//？,0,0,0, ,Here's to your mother,其他,中性
转发,2025-05-12 11:28:06,全世界的奶牛猫都一个样 ??,奶牛猫统治世界,2,0,0, ,,其他,惊奇
转发,2025-05-12 14:00:15,小猫喜欢一个人的眼神是藏不住的，星星眼? ??,手感一定不错,1,0,0, ,,其他,喜悦
转发,2025-05-12 15:38:07,千万不要去摸正在泡澡的小豚，否则…… ??,碰瓷了呢,0,0,0, ,,其他,愤怒
转发,2025-05-12 17:07:33,洋相出到外面 ??,可爱鼠了,1,0,0, ,,其他,喜悦
转发,2025-05-12 17:09:14,车车还是很勇敢的 ??,健壮的大耗子,0,0,0, ,,其他,喜悦
转发,2025-05-12 22:14:34,王家大院体检日～ ??,好多猪咪//,0,0,0, ,,其他,喜悦
转发,2025-05-12 22:47:40,明天会更好，人，明天会更好。#街奶##奶粉投稿# ??,借奶吉言[抱一抱][抱一抱][抱一抱],1,0,0, ,,其他,中性
转发,2025-05-12 22:48:56,【#98年出生的老爷猫去世#】曾经引发全网热议的长寿橘猫“老黄”，已于去年12月去世。据了解，“老黄”出生于1998年，到2024年已26岁，相当于人类年龄120岁。“老黄”虽然年纪大，步履蹒跚，但在世时爱干净、情绪稳定。祝“老黄”在喵星幸福快乐！（来源：98年橘猫老黄） ??,接猫猫长寿,1,0,0, ,98年出生的“老爷猫”去世去世时相当于人类年龄120岁ZZMC 中国蓝新闻,其他,喜悦
转发,2025-05-12 22:55:57,月入2万在香港能过什么样的生活#春日放个疯##遇见春天# ??,不要长期生活在逼仄的空间里，人会失掉心气////////，谈吐也很睿智。但香港现在涨薪也很有限，让这么拼搏的人生活这么辛苦，这个城市的财富是有罪恶的。//[good]////,0,0,0, ,世说新语这个姑娘的认知超越了99.999%的985学生，不漂亮，但是气质谈吐绝对一等一，去香港就对了，内地太多外貌党昨天06:08·广东回复556展开18条回复雷声轰轰有些地方不是你的肉身先抵达，而是你的精神先抵达，说得太好了，好有能量的人儿1天前·广东回复3257缄-这个姑娘有一种看透世俗且不惧世俗的精气神。现在很多年轻人都缺乏这种精气神，认为物质和某种特定的条件达到，才能够满足自己内心的需求。视频我很认真的看完了，这个姑娘从头到尾给我的感觉就是自信，有对未来的憧憬及规划，还有对过去的缅怀但不贪恋。华科大毕业，在香港做记者，虽然月薪两万，但是也仅仅只是现在，我很相信她未来能够冲破枷锁，实现自己的理想与祈愿。收起6小时前·河南回复14蜜桃麻麻我很久没见过这么纯粹的女孩还能苦中作乐昨天12:48·湖南回复42吴谷丰登那么辛苦的念书那么辛苦的工作还得会念书虽然上进但是这样的生活我说实话我不羡慕1天前·广东回复170展开24条回复想给生活比个二你们两的对话让人感觉很舒服啊，没有蝇营狗苟，理想昨天01:16·广西回复9,其他,喜悦
转发,2025-05-12 22:56:35,今年大家的体检报告都没问题。ss：去年医生说肾脏有年纪大了变老趋势，经过我一年保健品加全罐加壳寡糖调养，今年肾脏居然非常健康，膀胱也干净无任何结晶。澜澜：去年膀胱结晶警告户，经过一年调养，今年膀胱干净漂亮无任何问题。（我就说不能给他吃任何干的，看吧。）巍巍：king就是king。翡翡：轻微脂肪肝趋势，唯一还在吃猫粮的钉子户，今年决定不再给任何蛋炒饭，多喝水多吃罐罐调养。洛洛：去年有些微高血脂，今年已健康。哼哼：再见了唯一的男人。昀昀：没去（因为去年11月刚做完全身体检），但当医生得知我治好了顽固巨结肠，第一句：手术了吗？！ 得知没手术全靠调养后反复询问调养事宜[笑cry][笑cry][笑cry],哎哟//。 //？,1,0,0, ,高高福精湛严谨精湛亲和仁爱星家,医疗,喜悦
转发,2025-05-12 23:14:16,噜打架：为了保护高贵的屁股，躺下用柔软的肚子朝着敌人（麻麻），但是一下也没挠到。 ??,看着凶，杀伤力为0,0,0,0, , ,其他,中性
转发,2025-05-13 09:38:11,这只猫和这小孩怎么还在打架，这张图我都保存了两年多了 ??,主要手太短//////////，好可爱哈哈哈哈//，都在抽空气，都好,1,0,0, ,,其他,喜悦
转发,2025-05-13 09:44:35,睡觉睡一半发现小猫跑上来了 ??,爱妈妈,0,0,0, ,,其他,喜悦
转发,2025-05-13 09:55:32,协和4+4博士论文丑闻的影响出来了。收到学院通知，学校学院加强对各级学位论文的质量要求，就连最低一级的“本科毕业论文”，都做出严格要求——100%查重与盲评，提升抽检比例，出现不合格论文，从导师到评阅人再到学院，一个个地顺次处罚。2025年对本科学位论文的质量要求，为历年来最严最细的。 好好写论文，别走捷径。,呵//[汗]//，于是严打5+3,0,0,0, , ,教育，公安，政务,中性
转发,2025-05-13 09:56:40,我看不起戏子，所以讨厌人欺负戏子。包括因为戏子脑子不好火焰低就附在戏子身上造孽的，也包括拿戏子作筏子的。我平等地看不起所有人。 ??,我可以接受戏子互殴，但看不起连戏子都欺负的人,0,0,0, , ,其他,愤怒
转发,2025-05-13 09:59:15,令人震惊的没用的知识，上海参加高考的人，想要进上海大学，需要成绩在全市前19.1%这是在中考刷掉了50%的人以后我早年高考的时候，我们同学对上大的感觉还是挺一般的。没想到几十年后圣女和二圣女鸡娃的目标居然是当年爱答不理的学校 ??,以前是上海领导子女托底学校//……完全看不上的// :红色大学// :回复 :本世纪初上大是二本守门神[允悲]// :当上大排名超过华理和东华的时候我是非常震惊的,0,5,0, , ,教育，公安,惊奇
转发,2025-05-13 11:23:30,【师徒】老师的学生弟子，为什么叫“徒”？古之“徒”，多指为主人、君上服劳役之人。《史记·夏本纪》：“禹乃遂与益、后稷奉帝命，命诸侯百姓兴人徒以傅土，行山表木，定高山大川。”此人徒，即劳役者。《秦始皇本纪》：“于是始皇大怒，使刑徒三千人皆伐湘山树，赭其山。”其中刑为刑人，徒为服役者。《高祖本纪》：“高祖以亭长为县送徒骊山，徒多道亡。”亦指服役之人。《周礼》各官中，有士、有府、有史、有胥、有徒等若干人。徒，亦指负责杂役人员。师之弟子称徒，也是因为古代师徒关系和主仆关系的相似性。弟子须为其师执贱事杂役。这一点在《吕氏春秋·尊师》中体现得最为详尽：“生则谨养，谨养之道，养心为贵；死则敬祭，敬祭之术，时节为务。此所以尊师也。治唐圃，疾灌浸，务种树；织葩屦，结罝网，捆蒲苇；之田野，力耕耘，事五谷；如山林，入川泽，取鱼鳖，求鸟兽。此所以尊师也。视舆马，慎驾御；适衣服，务轻暖；临饮食，必蠲洁；善调和，务甘肥；必恭敬，和颜色，审辞令；疾趋翔，必严肃。此所以尊师也。”可见古代师徒制中，徒之于师，即如人徒之于人主。,////，一种有期徒刑；在老师身边的固定编制，一种无期徒刑。,0,0,0, , ,文化，司法,中性
转发,2025-05-13 12:09:02,【#曝司机骚扰未成年女乘客问是不是处女#，女乘客：当时穿着汉服，并不暴露】5月11日，湖北武汉。一女生自己到武汉旅游时打车遭遇司机言语骚扰。女生自称16岁，近期到武汉旅游，昨天晚上打车时被出租车司机问是否处女。女生称：“司机问我有没有谈过恋爱，还问我是不是处女，说要找人睡我一下，试试就知道了。我那天穿的挺正常的，就是一套汉服，也没有暴露身体哪个地方。司机绕了很远的路，直到我说要报警才停车。下车后我就去警察局了，但警察说因为司机没有真的摸我，所以无法定性。”女生提供的打车付款截图显示，转账时间是5月10日23点13分，付给对方25元。,////////？言语上不规矩，作为运营司机也不行的吧？何况还是未成年人？,0,0,0, ,曝司机骚扰未成年女乘客问是不是处女女乘客：当时穿着汉服，并不暴露我是外地来武汉玩的16岁当事女子,公安，政务,中性
转发,2025-05-13 13:57:27,刘宇宁折腰预告里的状态#折腰# ??,不能我一个人遭罪,1,3,0, ,null你真的不想嫁魏劭了就抵消十四年的仇恨,娱乐,中性
转发,2025-05-13 14:17:31,小胖猪 ??,给我,0,2,0, ,,其他,中性
转发,2025-05-13 14:25:20,坏猫！！！ ??,阔爱,0,0,0, ,（窝尿-Mao250509,其他,中性
转发,2025-05-13 19:13:48,朋友在论文致谢里写：感谢我的猫。导师看完之后：把猫发来看看。就这只??。 ??,导师：猫送来上课,0,0,0, ,,其他,喜悦
转发,2025-05-13 19:36:03,雾草我不行了最好的哥妹 ??,好大哥啊,0,0,0, ,请TA看·一键包场白宇SVIP5为TA加座包场请你看《折腰》啦！包场名剩余座位数领取截止时间白宇的包场500/50006-1623:59折腰礼包价值30元共1项权益腾讯视频VIP 腾讯视频会员月卡会员服务协议月卡任务由包场人设置5月13日21:00开抢,其他,喜悦
转发,2025-05-13 21:45:16,阿巴阿巴阿巴阿巴 ??,大概是办公室的某个土鳖直接安排ai设计的//……// :审美真的是硬伤[允悲]鳖鳖什么时候才能醒悟呢[允悲],0,0,0, ,80NO6EAA!80n06eAA!中国人民抗日战争暨世界反法西斯战争胜利80周年纪念活动标识发布801945-2025标识由长城、橄榄枝、光辉、数字“80”、时间“1945一2025”构成新华社权威快报中国人民抗日战争暨世界反法西斯战争胜利80周年纪念活动标识801945-2025由长城橄榄枝光辉数字“80”时间“1945一2025”构成长城象征全民族众志成城奋勇抗战，寓意以爱国主义为核心的伟大民族精神是抗战胜利的决定因素。橄榄枝象征中国人民经过艰苦卓绝的抗战，用胜利赢得和平，寓意中国人民同各国人民团结起来，珍爱和平、维护和平。光辉围合而成的胜利之门，象征中国人民抗日战争和世界反法西斯战争的胜利是正义战胜邪恶、光明战胜黑暗、进步战胜反动的伟大胜利，寓意在中国共产党的坚强领导下，中华民族实现伟大复兴的前景无比光明。PEOPLE,文化，军事,愤怒
转发,2025-05-13 22:30:04,#于适yosh[超话]# 凝结光华，淬炼专业 跟随 进入匠心之境感知时光打磨之作共探专业护肤美学#FILLMED菲欧曼##于适菲欧曼面膜防晒代言人# ??,对啊就这种贴身西装多好啊，别瞎搞那种很宽大的裤子了，看起来一米五。,0,0,0, ,null盛州御害会建博物馆eillme LABORATOIRESnullnullnullnullnullnullnull,时尚,喜悦
转发,2025-05-14 07:08:06,还是想看宋祖儿和侯雯元的搭配 大哥成钢他会改的！ ??,是的说,1,0,0, , ,其他,中性
转发,2025-05-14 10:46:38,这个现实吗？ ??,我爱吃食堂笑死//// :除了水电临时工谁会每顿吃食堂啊// :转发微博,2,2,0, ,十四亿人都带不动的刺激消费，居然被网友的一个脑洞给解决了。这位天才网友建议关掉全国八千万公务员的食堂，让他们都去街上吃饭，理由呢也很充分，他们有稳定的收入，出去消费呢能直接盘活餐饮，还能感受一下真实的物价，接接地气，说不定连食品的安全问题都有人帮你盯着了。,政务,喜悦
转发,2025-05-14 10:46:57,这是黑松露#小奶面包房# （投稿： ） ??,午饭加一点,0,0,0, ,,其他,中性
转发,2025-05-14 12:33:05,小孩子的贪玩与长大以后的好学是同一种品质，如果破坏了前者，也必然影响后者。 ???,不会打游戏的人孩子不行//，打游戏好的学习好（玩了我又给出了新的卷点）////。,0,0,0, , ,其他,中性
转发,2025-05-14 12:35:03,求求了，能不能让189的大耗子去拜王大头打乒乓，别演戏了，我刷到这么多大耗子，我要崩溃了。 ??,一种武大郎，观众是潘金莲//，看不下去，再美有什么用，还不是配个耗子，绝望。// :[泪],1,0,0, , ,其他,愤怒
转发,2025-05-14 14:44:04,趴在地上看下雨的小狗[哇] ??,任你世界狂风暴雨，我小狗勾不动如山,1,0,0, ,高,其他,悲伤
转发,2025-05-14 15:20:35,诸位导演制片人，当你们用高颜值来要求女演员时，拜托，男演员没有这种要求么？什么王宝强黄渤刘宇宁，什么丑就塞什么，我们女性不配看帅哥么？看帅哥犯法么？你们喜欢自己留着珍藏好了。我们要看帅哥。至少前面两位还不演古偶。 ??,资本对观众的控制与羞辱//，就像写农村也不是那样写农村,1,0,0, , ,娱乐,愤怒
转发,2025-05-14 16:53:33,小狗：“你不吃吗，还有好多呢” ??,全部给你吃,4,0,0, ,,其他,中性
转发,2025-05-14 19:53:22,#我在网上都看些什么# ??,不大聪明////[开学季],1,0,0, ,,其他,中性
转发,2025-05-14 21:20:23,猫妈妈:我就这一个孩子……两个孩子……好吧三个#奇妙生物圈# ??,好的宝宝我带走了,0,0,0, ,,其他,中性
转发,2025-05-15 07:20:54,发现今天也是世界鼠日（world rat day）旨在纠正人们对鼠儿们的偏见，并呼吁关注鼠类宠物的智慧和情感价值? ??,天下最美小鼠,0,3,0, ,nullnullnullnullnullnullnullnullnull,其他,喜悦
转发,2025-05-15 07:23:54,为什么在高铁上坐6小时比在茶馆坐6小时累呢？是什么造成的？ ??,坐车坐飞机都是体力活，2小时以上就开始痛苦//，因为车在动，你的小脑在对抗这种震动，所以累。茶馆是静止的,3,0,0, , ,其他,悲伤
转发,2025-05-15 11:23:37,#刘晓庆被举报偷税# 刘晓庆被举报偷漏税金额巨大 税务部门将展开稽查 刘晓庆曾因税务问题入狱422天，去年又因出轨小20岁男友成为全网玩梗素材，日前这位74岁的话题女王被来自深圳的王先生再次实名举报偷税漏税问题，本周一举报人王某从深圳飞到上海市税务局第四稽查局进行举报并接受问询。 据王某向本号透露，刘晓庆在上海开的一个全资小微企业，用开增值税发票的方式，规避了个人所得税，金额非常大。王先生向本号出示了一份检举税收违法行为记录单，记录单上显示被检举单位是上海弈熙文化传媒中心，被检举人是刘晓庆，王先生透露称：2020年12月15日刘晓庆珠宝（宁波）有限公司向其借款330万元，2021年1月31日刘晓庆个人与其公司签订关联交易合同，以“形象代言费”的名义将这笔330万元款项转入其个人名下的上海弈熙文化传媒中心，并在2021年2月4月开出24张增值税专用发票，后来又陆续开出此类6%税点的发票共42张，明显逃避个人所得税，将此330万元占为己有。此后，刘晓庆以0元将其公司34%的股份转给使用虚假身份证的许可筠开的公司。因为个人所得税的税点需要27%以上，而该类发票只有6%，属于偷税漏税。她（刘晓庆）的律师承认配合她开税票的是崇明区个税科科长某某，而且小微企业短时间内就开出300多万元的发票也是违规的。 本号从网上查到上海弈熙文化传媒中心成立于2017年，投资人是刘晓庆，出资额只有三万元，王先生表示：“弈熙文化传媒中心是个小微企业，这个小微企业开给刘晓庆珠宝（宁波）有限公司就有40多张发票，开给其他公司的发票就更多了。这个企业没有场地，也没有工作人员，也没有交过社保什么的，就是用来开发票，签这种合同来收钱，用低的税率来逃避高的税率”。众所周知早在2002年6月刘晓庆被刑拘，关押了422天，当时发现刘晓庆公司偷漏税上千万元，刘晓庆公司的法人、妹夫靖军被判刑，刘晓庆因为证据不足没有被起诉。王先生出示的检举税收违法行为记录单上写道：刘晓庆在上海有多次被要求补税的行政罚款，据说三次都是因为偷税漏税，属于多次违法。 对于此次举报刘晓庆偷漏税问题的目的，王先生表示，“刘晓庆将我为其公司救急的300多万元资金抽走，从个人财产损失方面我已经起诉她；而这笔款项她还用偷漏税的方式我的和收取其他人的款项据为己有，给国家造成了重大损失，那么我就应当要从税收的角度为国家挽回这些重大损失，这是政府一直倡导的正当行为。”据王先生透露：上海市税务局第四稽查局已经受理了他举报的刘晓庆涉嫌偷税漏税的案件，接下来将对刘晓庆及其相关公司展开调查和稽查。,哪年的事？,0,0,0, ,Y5660:30小写）100000.00熊熙文化传心周文化持媒中心发果专章优点娱乐日期2021年02月04日（学》有公司34964.6237062.50文北传化业舞中心9130238A2FR28发景小宁波银行网上银行交易凭证电子回单号：户名刘晓庆珠宝（宁波）有限公司户名上海弈熙文化传媒中心付收款账号软账号人开户银行开户银行中国建设银行股份有限公司上海第国家高新区支行营业部五支行交易金额89易币种人民币金额（大写)陆拾玖万捌仟捌佰玖拾玖区优点娱乐交易流水号业务种类一站式转账用途：刘晓庆女士2019年及2020年形象代言费余款女服疗立务爱理重要提示：此回单仅为银行受理凭证，不作为企业入账依据。宁波银行网上银行交易凭证电子回单号：户名刘晓庆珠宝（宁波）有限公司户名上海弈熙文化传媒中心付收款账号账号人开户银行开户银行中国建设银行股份有限公司上海第国家高新区支行营业部五支行交易金额易币种人民币金额（大写)壹拾叁万柒仟零陆拾贰圆伍，优点娱乐交易流水号业务种类一站式转账行网用途：刘晓庆女士2021年1月份形象代言费业务贷理电重要提示：此回单仅为银行受理凭证，不作为企业入账依据。宁波银行网上银行交易凭证电子回单号：户名刘晓庆珠宝（宁波）有限公司户名上海弈熙文化传媒中心付收款账号账号人开户银行国家高新区支行营业部开户银行中国建设银行股份有限公司上海第五支行交易金额1易币种人民币金额（大写)壹拾叁万柒仟零陆拾贰圆伍优点娱乐交易流水号业务种类一站式转账用途：刘晓庆女士2021年2月份形象代言费业务受理意重要提示：此回单仅为银行受理凭证，不作为企业入账依据。检举税收违法行为记录单请注意保护检举人信息：编号：vn 号被检举人所在单位上海弈熙文化传媒中4被检举人地址电话被检举人刘晓庆被检举人职务检举人王耀检举形式实名证件名称身份证证件号码6检举人所在单位检举人职务检举人地址东浑圳宝福区K城大建诺1332020年12月15日刘贱庆珠宝（宁波）有限公司向载借软3302元，2021年1月31日刘喝庆个5公司登订关联交易协议以“形象代言量”的名义将参伯多3元款项转入上海率熙之伙化传媒中心(是刘晓庆成立小缴人独金业技瓷3)并在2021年2月4日优点娱乐开出24张增值税专用发要，后果又陆运开出以套6名税点的发要42张，明显逃避个人所得税，将车人的300多5%2有，然不以0元将其34名的股份转给内使用虚假身份证的许可筠的公司，偷税漏税因为容个人所得陪是27名以5而该查发只有6名的健形认配含她开要的是筝明区个吊且小微全业短时间就开出30名3发零中是电起的，希望贵召依法查实，而且刘交（著名演）在上海么次被行政罚论，据说三次老都是因为偷形漏我，民子多次起法。2025.4.9接访人员工号：年月日,娱乐，公安，政务,中性
转发,2025-05-15 11:26:42,再给我两根葱 让我把记忆煎成饼 ??,给你一箩筐葱,0,0,0, ,,其他,中性
转发,2025-05-15 12:15:03,#白宇[超话]# ??#开始推理吧#「BYU推市无限不循环攻略」之[48小时限定更新]无限流新锐画家白纸画 应邀参加沉浸式海盗主题展，拿好邀请函和白纸画完黑纸画，黑纸画完白纸画的“废hua流派”大师白纸画一起登岛观展吧～?? ??,芒果玫瑰花?[抱一抱]//,0,0,0, ,nullnullnullnullnullnullnullnullnull,其他,喜悦
转发,2025-05-15 12:20:58,小红书上当代年轻女性的爱好是：独处，旅游，黄金（更年轻的买谷），男模（乙游），看小说。然后说，当代年轻男性的爱好也有一个是看小说。前几天看数据，中国网文消费去年430亿，5亿多读者。我的想法里，网文就是白日梦。这么多人在蓬勃的做着白日梦，太有意思了。 ??,独处是爱好吗////,16,0,0, , ,其他,中性
转发,2025-05-15 14:09:09,悟：我是没有心理性别的人，我的朋友也都是这种人（或者说不明显）。看到那种你们男的你们女的这种叙事就烦。abo来说我们就是beta，不喜欢alpha和omega。 ??,是我////、清教徒、克己复礼，烧死一切性缘脑,2,0,0, , ,其他,愤怒
转发,2025-05-15 19:46:58,脚伸到脸边就卡住了，我把脚拿走还生气 ??,和自己的身体不太熟,0,2,0, ,,其他,中性
转发,2025-05-15 20:10:17,#董某莹4项证书被撤销#【国家卫健委调查组通报调查处置进展情况】国家卫生健康委调查组通报关于肖某引发舆情事件调查处置进展情况。通报显示，有关单位依据相关法律法规，#吊销肖某医师执业证书#；撤销董某莹的毕业证书、学位证书、医师资格证书、医师执业证书。 ??,//，现在可算出结果了。把身后的关系也都查查吧，肯定只是冰山一角。,2,0,0, , ,医疗，公安，政务,中性
转发,2025-05-16 11:52:56,《比视表》 ??,比格视力表,0,0,0, ,标准对数视力表.D-5a(米)4.00.4.10.127.943(39.72*米)4.20.156.310(31.55米）4.30.24.40.254.50.34.64.74.84.90.85.0215.1CAOL 15.32.米）,其他,中性
转发,2025-05-16 12:06:01,不是所有的超级英雄都需要佩戴披风和盔甲的，普通小狗有一颗勇敢的心就够了 ??,飞天小柴,0,0,0, ,,其他,中性
转发,2025-05-16 12:06:54,妈妈230万的耳坠上亿的深圳纯水岸别墅爸爸雅安市公务员离职前妈妈戴着50万的梵克雅宝项链＋耳环（2016年）爸爸离职后妈妈戴着40万的卡地亚手镯（2018年）黄杨钿甜富裕生活的背后或许是雅安人灾后摇摇欲坠的房子和网友爆料雅安人自己出钱重建房子？ ??,what////。。。。,298,0,0, ,"北京青年报十关注北京青年雄25-5-1517:57来自微博视频号【#知情人回应黄杨钿甜高价耳环争议#：#黄杨钿甜父亲已辞去公职八年#】连日来，演员，引发关注。5月14日，有网友就此事发文，称黄杨钿甜父亲曾是雅安的公务员，负责招投标工作。该文再次引发热议，大量网友留言称：“父亲是公务员，家庭收入不应该这么高。”5月15日，，黄杨钿甜父亲2015年-2017年曾在雅安市经合外事局（原投促局）工作，2017年辞去公职，下海经商至今，“辞职都八年了，他个人及家属的收入情况确实和经合外事局无关。”一位知情人说。#黄杨钿甜说耳环是妈妈的#（封面新闻）心封面新闻的微博视频其父亲是公务员收入这么高？""知情人：已辞去公职8年下海经商至今5月15日（采访）好家伙。。。几千万大别野。。。可能还不止。。。算上装修都破亿了。。。还是华侨城那边的。。。深圳房价一直蛮贵的。。。沃斯泥蝶关注11分钟前广东回复春这得上亿了加上装修9分钟前广东回复小樊同学69分钟前安徽回复Redamancy 回复春：我家15年在关外买的别墅都要接近千6万了，她初中高中都不差，只会更加更加贵9分钟前广东回复。深圳好点的一套房都要千万了感觉别墅肯定不止8分钟前广东回复NANA苹果酱02是不是看不起深圳的房价5分钟前广东回复对不那这是哪个小区5分钟前广东回复幸运的Celine 这是华侨城别墅大几千万4分钟前湖北回复棉花糖我去3分钟前江苏回复Redamancy 回复婺：按她读书的学区看，至少大几千万了刚刚广东回复puffik 说点什么1908103341小鹅来黄杨钿甜十关注妞今天表现非常棒！第一次上台走秀2016-10-31阅读11万+/u/50777913/u/5077/91396我最爱的宝贝Q VanCleef&Arpels si=QVanCleef&Arpels _HAMBRA|项链及吊坠MagicAlhambra长项链，1图案MagicAlhambra耳环18K白金，钻石18K白金，钻石VCAR049000-作品细节VCARN9ZRO0-作品细节265.000含税242.3种生之小黄杨钿甜.主持苏芩十关注18-7-813:44来自万人迷0PP0R7黄杨钿甜超话祝我们家甜宝宝11岁生日快乐！好暖心好有爱的宝贝，特别认真的在给妈妈制作戒指呢，真是妈妈贴心的小棉袄啊！祝愿甜宝宝健康成长，开心快乐每一天！爱你【超话】黄杨钿甜十关注46.8万帖子9.4万甜甜圈棒 LOVE手镯，经典款，铺镶钻石，螺丝镶嵌10颗钻石口玫瑰金，钻石N672441744500卡地亚满天星手镯都已经要45w了……在纠结要不要买，心动好久了这款，而且一直又在涨价，感觉年底又要涨一波#卡地亚#cartier#满天星#满天星手镯#高端奢侈品世大牌珠宝世卡地亚满天星世卡地亚love 说点什么…2346696，我是雅安人，13年地475震后是我们自己出的钱重建房子政府没拨一分钱给我们，只批了宅基地，这么多年过去了我还是对这件事耿耿于怀，毕竟那年头的二三十万也不是小数目29分钟前浙江回复我天啊居然真没给钱我记得以前232上课老师还跟我们渲染说又派人又派物资还分房子建房子都是骗人的吗28分钟前浙江回复",时尚，政务,中性
转发,2025-05-16 12:28:45,妈妈230万的耳坠上亿的深圳纯水岸别墅爸爸雅安市公务员离职前妈妈戴着50万的梵克雅宝项链＋耳环（2016年）爸爸离职后妈妈戴着40万的卡地亚手镯（2018年）黄杨钿甜富裕生活的另一面或许是雅安人灾后摇摇欲坠的房子和网友爆料雅安人自己出钱重建房子？ ??,这又绿又大的耳环看着像印度人审美，土了吧唧的//，全是情绪价值////////。。。。,0,0,0, ,"北京青年报十关注北京青年雄25-5-1517:57来自微博视频号【#知情人回应黄杨钿甜高价耳环争议#：#黄杨钿甜父亲已辞去公职八年#】连日来，演员，引发关注。5月14日，有网友就此事发文，称黄杨钿甜父亲曾是雅安的公务员，负责招投标工作。该文再次引发热议，大量网友留言称：“父亲是公务员，家庭收入不应该这么高。”5月15日，，黄杨钿甜父亲2015年-2017年曾在雅安市经合外事局（原投促局）工作，2017年辞去公职，下海经商至今，“辞职都八年了，他个人及家属的收入情况确实和经合外事局无关。”一位知情人说。#黄杨钿甜说耳环是妈妈的#（封面新闻）心封面新闻的微博视频其父亲是公务员收入这么高？""知情人：已辞去公职8年下海经商至今5月15日（采访）好家伙。。。几千万大别野。。。可能还不止。。。算上装修都破亿了。。。还是华侨城那边的。。。深圳房价一直蛮贵的。。。沃斯泥蝶关注11分钟前广东回复春这得上亿了加上装修9分钟前广东回复小樊同学69分钟前安徽回复Redamancy 回复春：我家15年在关外买的别墅都要接近千6万了，她初中高中都不差，只会更加更加贵9分钟前广东回复。深圳好点的一套房都要千万了感觉别墅肯定不止8分钟前广东回复NANA苹果酱02是不是看不起深圳的房价5分钟前广东回复对不那这是哪个小区5分钟前广东回复幸运的Celine 这是华侨城别墅大几千万4分钟前湖北回复棉花糖我去3分钟前江苏回复Redamancy 回复婺：按她读书的学区看，至少大几千万了刚刚广东回复puffik 说点什么1908103341小鹅来黄杨钿甜十关注妞今天表现非常棒！第一次上台走秀2016-10-31阅读11万+/u/50777913/u/5077/91396我最爱的宝贝Q VanCleef&Arpels si=QVanCleef&Arpels _HAMBRA|项链及吊坠MagicAlhambra长项链，1图案MagicAlhambra耳环18K白金，钻石18K白金，钻石VCAR049000-作品细节VCARN9ZRO0-作品细节265.000含税242.3种生之小黄杨钿甜.主持苏芩十关注18-7-813:44来自万人迷0PP0R7黄杨钿甜超话祝我们家甜宝宝11岁生日快乐！好暖心好有爱的宝贝，特别认真的在给妈妈制作戒指呢，真是妈妈贴心的小棉袄啊！祝愿甜宝宝健康成长，开心快乐每一天！爱你【超话】黄杨钿甜十关注46.8万帖子9.4万甜甜圈棒 LOVE手镯，经典款，铺镶钻石，螺丝镶嵌10颗钻石口玫瑰金，钻石N672441744500卡地亚满天星手镯都已经要45w了……在纠结要不要买，心动好久了这款，而且一直又在涨价，感觉年底又要涨一波#卡地亚#cartier#满天星#满天星手镯#高端奢侈品世大牌珠宝世卡地亚满天星世卡地亚love 说点什么…2346696，我是雅安人，13年地475震后是我们自己出的钱重建房子政府没拨一分钱给我们，只批了宅基地，这么多年过去了我还是对这件事耿耿于怀，毕竟那年头的二三十万也不是小数目29分钟前浙江回复我天啊居然真没给钱我记得以前232上课老师还跟我们渲染说又派人又派物资还分房子建房子都是骗人的吗28分钟前浙江回复",时尚，政务,中性
转发,2025-05-16 16:46:33,笑得难受 ??,奶牛猫严选//// :我不好说// :我的天呐// :这是天性// :双关好绝// :遇到天敌了// :我好难受啊// :jerry我會一直一直盯著你// :我笑得好难受,17,0,0, ,实况折腰受众群体有我家猫从来没有看电视这么认真过#一起看剧的猫咪#折腰#猫和老鼠说点什么1166442225猫是不是饿了10小时前广东回复4685,其他,喜悦
转发,2025-05-16 16:54:29,只有?这么大一点点的小宝宝?#春日放个疯# #遇见春天# #可爱小猫# ??,还不亲昏她,0,0,0, ,真的好像个小宝宝啊,其他,愤怒
转发,2025-05-16 19:11:28,这对吗?点门人困惑了 ??,这对…吧//,7,0,0, ,1点点1点点关注1点点龙·重一点520表白送丘比特之羽吊坠足金题2参与时间5.15-5.20本次活动为1点点官方抽奖与礼品珠宝品牌无关足金送你520表白更龙·重一点我只想焙你焙你宠爱今年的520告白，点子帮你再龙·重一点！超2g的足金吊坠助攻表白这足金足量的爱，会属于哪位点门幸运鹅？,其他,中性
转发,2025-05-16 22:04:07,比格犬不语只是一味地werwerwer～ ??,我也不知道转过没，反正看到奶比就心里开花[抱一抱],2,0,0, , ,其他,喜悦
转发,2025-05-17 09:14:07,摇粒绒与黑长直 ??,真是非常妩媚呢,0,0,0, ,,其他,喜悦
转发,2025-05-17 09:50:36,《出走的决心》导演尹丽川与人物原型苏敏一同亮相戛纳电影节红毯。 ??,好哦走出来就是胜利不管怎么走走到哪里//////////和孩子能想象得出多年后自己会一路走到戛纳红毯上去吗？故事终将在自己脚下走出来。我们勇敢走吧走吧。,1,0,0, ,,娱乐,喜悦
转发,2025-05-17 10:13:01,黄杨钿甜现在也只能说耳环是假的了范冰冰出席活动戴过一对上百万的翡翠耳环，走完红毯就表态这个是借的。这么多年了娱乐圈真公开拥有百万级以上耳环的就关之琳，人家从20岁开始就和一大堆富商谈恋爱，最值钱一对千万级耳环（拍卖疑似流拍），过百万的耳环也是一只手以内，大部分都是几十万的耳饰黄这个级别的首饰刘亦菲范冰冰这个级别女明星都没有的。而且刘亦菲可比她大二十岁，范冰冰比她大二十六岁，基本上算是财富积累比她多二十多年，就这样的情况下，她们的珠宝大多数都是借的品牌方…Graff 200多万的耳环起码要真实消费300才能买到，而且耳环往往是首饰里普遍大家给预算最低的，黄有千万珠宝也不奇怪…黄家的财力深不见底，什么生意这么赚钱一定兴国了吧可以宣传一下#黄杨钿甜##知情人回应黄杨钿甜父亲职务问题##雅安有关部门介入调查高价耳环事件#,a9以上资产////环，她经常戴的那个Schiaparelli耳环也就2000欧，哪怕别的珠宝挺多的。其实花上百万买耳环的人并不一定是身家来得比刘强东更多，而一般是钱来得太容易，不怎么需要参加市场竞争。,1,0,0, , ,娱乐,中性
转发,2025-05-17 17:40:03,请你吃奥利奥小蛋糕 ??,老板，能打包吗,1,0,0, ,nullnullnullnull,其他,中性
转发,2025-05-17 17:41:15,在我家，随便一抬眼就是颜值暴击～ ??,贵妇vv和双开门养子,0,0,0, ,,其他,喜悦
转发,2025-05-17 17:42:31,你需要遵循的唯一创作准则：「这个世界写得比你好的人多的是，但是你的世界只有你才能写出来。」 ??,立刻写马上写,14,0,0, , ,其他,中性
转发,2025-05-17 17:45:13,猫妈妈给自己生了一个小靠枕~ ??,麻，我起不来,0,0,0, ,,其他,中性
转发,2025-05-18 12:09:02,微软6000人血色大裁员，余波还在震荡。一位妻子沉痛地发帖说：我的丈夫，一位25年的微软老员工，因为被算法选中，在48岁当天被裁掉了。甚至，他曾因修复了数百万美元的重大漏洞而获奖。就在刚刚，他被解雇了，而且竟然是被计算机算法随机选中的。本周五，就是他在公司的最后一天，也是他的48岁生日。这位妻子表示，丈夫是自己见过最忠诚、最聪明的人，从不张扬。25年来，他从未缺勤过一天，即使生病，也会在家工作。即便如此，他也从未主动要求过加薪或升职，只是默默坚守岗位，解决着那些看似不可能解决的问题。曾经，他因为修复了一个价值数百万美元的重大漏洞而获奖。微软的数百位同事都曾受过他的指导，有些人后来已经成为团队领导，甚至连公司CEO都记得他的名字。就在几个月前，他刚刚收到公司颁发的25周年纪念水晶。如今，他拿到手的却是一张冰冷的表格。,忠诚就是容易满足不难搞，老板最喜欢这种////，相比而言，花半年到一年不停的羞辱和压榨，然后降薪降年终奖，把人恶心走，是国内大部分互联网公司的基本操作//，说不定就是excel拉个表写个公式[允悲]//[允悲],0,0,0, ,r/TrueOfMyChest·6hr.ago NoWar5070My husband was laid off from Microsoft by an algorithm —after 25yearshis last day is his birthday 我丈夫被微软的算法裁掉了一工作25年后，他的最后一天恰好是他的生日My husband hasorked for Microsoft for 25years.He wasjust laid off—randomly selected bya computer algorithm.His last day is this Friday—his 48th birthday.我丈夫在微软工作了25年。他刚刚被裁员一—是被电脑算法随机选中的。他的最后工作日是本周五——他48岁生日那天。He is auistc nd amuliple slerosis.e'sthemostquitly loyalriiant peron I'vever met.Nevermissed a ay of work.Rarely called in sick (and would then work from home).Worked 60+hours a week.Tookon-call shifts during Christmas and Thanksgiving so coworkers with children could be home.He never asked for raises or promotions—he just kept showing up and solving impossible problems.他患有自闭症和多发性硬化症。他是我见过的最安静忠诚、才华横溢的人。从未缺勤过一天。很少请病假（即使请假也会在家工作）。每周工作60小时以上。在圣诞节和感恩节期间主动值班，让有孩子的同事能回家团聚。他从不要求加薪或升职——只是默默出现并解决各种辣手难题。He's won awards for fixingmulti-milion-dollar bugs.He's mentored hundreds of coworkersincluding some who went on to lead teams and divisions.Even the CEOs knew his name.And yet he was letgo-by a spreadsheet.他因修复价值数百万美元的漏洞而获奖。他指导过数百名同事，其中一些人后来成为了团队和部门的领导者。就连首席执行官们都知晓他的大名。然而，他却因一份电子表格而被解雇。Hegot his 25-year crystal a few months ago.Now he's being walked out.他几个月前刚拿到25年工龄的水晶奖杯。现在他却被扫地出门了。Hewould be soembarrassed ifhe knew I was writing this.He'sproud of keeping a stiff upper lip and not making a fuss.But I couldn't let him leave without someone hearing the story.要是他知道我在写这些，肯定会尴尬得要命。他一向以坚忍克制、不小题大做而自豪。但我不能让他就这样离开，却没人知道这个故事。I don't need pity.I just need someone to know what this world does to the people who give itevenything-—quietlyconsistentyandwithoutveraskingformore 我不需要怜悯。我只需要有人明白这个世界是如何对待那些默默付出一切、始终如一、从不索取更多的人。11K 644公众号薪Share 新智元,公安,中性
转发,2025-05-18 12:19:08,这一集叫：丧彪在家扮公主 ??,这猫20斤？,0,0,0, , ,其他,惊奇
转发,2025-05-18 13:46:55,又心疼又好笑哈哈哈哈#春日放个疯# #可爱小猫# #遇见春天# ??,像话吗,1,0,0, , ,其他,喜悦
转发,2025-05-18 17:52:29,每张图都是雅安人爆料当时灾后的实况那时候班里捐款时老师同学红红的眼眶还有我省了大半月晚饭钱捐出的500元那些年大家的善良有去到该去的地方吗？ ??,//////……//////。//，看得我泪流满面[苦涩]//，就剩张截图，当地的人应该发声,1,0,0, ,雅安人其实挺希望这件事爆的18日457#雅安#黄杨钿甜雅安本地人，老家还是受灾区最严重的芦山县龙门镇，我们那时真没有得到什么补助，小学生每人得到了一个爱心包裹，里面有各种文具，然后每个人可以去领几桶方便面和牛奶就没有啥了，房屋垮了的也只得了几千的补助，很多年轻人为了重建房屋都外出打工了。说点什么5525了150738那一年地震，给我们发的物资里面还有7538高跟鞋！房子受损的就拍照，然后发一点物资（泡面，矿泉水），房子自己修！很穷不愿意修的才会给很少很少的资金，我就是雅安的！我就是雅安的！7小时前四川回复气死我了本农村小孩当年捐了五块3524还是二十我当年连字典都买不起！7小时前北京回复回复Rachel：我还记得我家拿到了657一双红色的高跟鞋一条牛仔裤，我家五个人，拿了五包泡面，然后两个没有包装的粉丝7小时前四川回复SOS当年我家三个孩子都是每人一百310的拿去学校捐的，好多人捐一百的7小时前广东回复回复momo：197小时前江苏回复关注不贪不可能的，灾后重建款我家没拿到一分，109只是批了宅基地你自己花钱重建，我家当年没钱修，现在还是住的地震后的老房子。就收到了几箱泡面和压缩饼干，还有一顶蓝色帐篷。哦对了帐篷后来村上还回收回去了。我在其他帖子下评论，现在帖子已经不在了。52分钟前四川回复雅安我们也组织捐款了那些钱去哪了436分钟前江苏回复展开6条回复四川人看到已经气炸了，热搜都没了，嘉行公关88牛的，没有贪干嘛捂嘴，电话打烂，邮箱发爆，容忍不了一点2小时前四川回复为啥热搜一点都没有消息啊只有小红书在5讨论1小时前浙江回复展开11条回复她家里贪的有在坐各位的一份她爸是雅安的56公务员，雅安有名的贫困，2013雅安地震，她爸负责灾后重建对外招标工作，2014就有500w 开影视公司了这个公司一开始是法人是舅舅，16年变成妈妈，17年爸爸辞职爸爸单位正科级，公司法人立马变成爸爸了，2020年趁着疫情1000w注册了生物公司，大捞特捞。一次地震一次疫情，发国难财，普通人倒卖口罩都要进说点什么15132181小鹅来了雅安地震里的死者能获得5000元抚慰金，735死掉的雅安人民全部加起来还没她一只耳环贵1小时前河北回复作者赞过1/4+关注关注我一点也不奇怪，我爸说08老1896家的老房子裂了本来有地震救灾款的但是17年过去了都没见到影子，更别说其他的了。46分钟前四川回复+1我老家雅安的，我奶1218奶的妹妹住在雅安很偏远的乡下，08年地震后房子不能住了，一分钱救灾款没有，很苦很苦37分钟前四川回复是小草JC-T +关注不贪不可能的，灾后重建款我家没拿到一分，109只是批了宅基地你自己花钱重建，我家当年没钱修，现在还是住的地震后的老房子。就收到了几箱泡面和压缩饼干，还有一顶蓝色帐篷。哦对了帐篷后来村上还回收回去了。我在其他帖子下评论，现在帖子已经不在了。52分钟前四川回复雅安我们也组织捐款了那些钱去哪了436分钟前江苏回复不太好，我老家在雅安的一个小县城，当时震1后重建房屋的钱是自己出的，基本都要二三十万，我们家一直在浙江打工还算过得去的所以能拿出这笔钱，但是我们那边还有很多老人家生活在山上，就住在照片里的这种木头房子里的，我都不知道她们当时怎么过来的而且这张图还是我今年过年回家拍的，是25年拍的哈，现在都还有很多老人住在山上，上山下山都很不方便有人知道怎么举报吗，我是雅安人，13年地475震后是我们自己出的钱重建房子政府没拨一分钱给我们，只批了宅基地，这么多年过去了我还是对这件事耿耿于怀，毕竟那年头的二三十万也不是小数目29分钟前浙江回复我天啊居然真没给钱我记得以前232上课老师还跟我们渲染说又派人又派物资还分房子建房子都是骗人的吗28分钟前浙江回复#黄杨钿甜爸爸雅安公务员#这个我有发言权，以下皆是事实：家在雅安芦山，08年家里刚修好的房子因512裂了，没有补偿，于12年夏天重修并装修完成。后又因13年雅安芦山420地震房屋损坏严重，成为危房，只能推倒重建，总计补偿只有三万元。雅安工业很不发达，没有稳定的工作就业环境，父母只能选择在江苏打工，为了我和姐姐的学业，将我们带在身边在江苏读书，很遗憾，爸爸回老家修了两次房子我们却一天没住上过。记得我小学到初中，九年只回过一次老家，(是因为外公身体很不好，次年病故了）是因为老家没有房子没有家，明明是回老家还需要借住在叔叔家....那时候家里很穷，只靠父母做苦力赚钱（中国的劳动力从来都是不值钱的），父母要还债、要供我和姐姐读书、要攒钱建老家的房子、要负担爷爷和外公外婆的医药费.好几学期我的学费家里都负担不起，爸爸要向工友借向姑姑借，那时候20块钱可以是一家四口一周的菜钱...爸爸妈妈都是铁人，印象里他们365天有360天都在上班，妈妈的衣服很少，每天都穿着工作服，爸爸不抽烟不喝酒，他们赚的钱，都用在我和姐姐这个家身上..那时候，是真的很苦啊。我知道天灾无情，怨不了任何人，但我想要是他们不贪，全年无休的爸爸妈妈压力是不是就会小一点，是不是可以多两次过年陪老人的机会，妈妈的遗憾和愧疚会不会少一点…雅安,政务,悲伤
转发,2025-05-18 18:30:07,“我要把这世界上的巨人都消灭掉！！” ??,鼠的咆哮,0,1,0, ,,其他,愤怒
转发,2025-05-18 22:30:35,亮亮允许了吗 ??,漂亮小多,0,0,0, ,,其他,中性
转发,2025-05-19 12:49:56,事实上张充和的“十分冷淡存知己，一曲微茫度此生”，是一种晚年生活的清醒境界。十分难求。 ??,哎，我二十多岁开始就十分冷淡存知己了,2,0,0, , ,其他,悲伤
转发,2025-05-19 13:06:35,舒服和成就感不可兼得，所以娇妻和大女主不可兼得。 ??,主要吧，娇妻也不一定舒服，大女主虽然累但可能是真的舒服,0,0,0, , ,其他,中性
转发,2025-05-19 21:06:45,健身确实还是蛮奢侈的，还需要足够的休息（我不健身…… ??,以前我也很讲究这些，现在就是当玩一下，啥也不讲究了，就自然了//（酒吧那个东西晃动//，事后休息，场地，安全，清洁，换洗。,0,5,0, , ,其他,喜悦
转发,2025-05-20 06:40:17,身体大大，胆子小小 ??,哎呀呀奶牛狗和奶牛猫,1,0,0, , ,其他,中性
转发,2025-05-20 08:52:27,当别人问我老了谁给我清理猫毛，我展示： ??,感觉到时候会到icu拔管子,0,0,0, ,,其他,中性
转发,2025-05-20 10:31:00,刚生下没几天的小狗叽叽叫，真的可爱朋友之前生孩子，孩子也叽叽叫我说它要晚上也叫你会烦么朋友讲，那肯定烦，但是它叽叽叫着实可爱，可以忍受胎生的动物生下来没有自保能力，就要可爱，叽叽叫也可以忍受，还给它喂奶。卵生的动物大多数不可爱，丑丑的先在蛋里呆着，避免父母把孩子扔了。癞蛤蟆极其不可爱，男蛤蟆女蛤蟆生完就跑，都不抚养孩子。极个别蛤蟆妈妈，比如负子蟾，太爱宝宝，把孩子背在背上养。这也是又爱又丑得没办法，眼不见心不烦。漂亮孩子，人家袋鼠，都搁前面，时不时拿出来看看。这是我今天的研究。,小猫全世界最可爱，我愿意一年两胎//，想生小猫//，就挺合理,0,1,0, , ,其他,喜悦
转发,2025-05-20 10:31:48,周六在北航的讲座，没讲过也没出版过的新料！ ??,嘿～～哈～～,0,0,0, ,66古籍保护课程进校园走进北京航空航天大学是谁送你来到我身边唐诗选本中的唐诗名篇主讲人张一南国家园书馆医文部美展人北京大学文学讲习所最职教师北京大学中文亲博士时2025年5月24日14:30点北京航空航天大学学院路校区主M201主办单位|国家图书馆国家古保护中心！首都图书馆（北京市古籍保护中心）承办单位|北京航空航天大学北航学院知行书院,其他,中性
转发,2025-05-20 10:32:03,秒转这只小海豚 你会收到期待已久的好消息 ? ???,好哦//,60,0,0, ,,其他,喜悦
转发,2025-05-20 10:52:51,一模一样的猫为什么要养三遍 ??,奶牛之影分身,0,0,0, , ,其他,惊奇
转发,2025-05-20 10:56:24,哈哈，校服算是让他穿明白了 ??,中式是干部是吧//////,1,0,0, ,正常穿法港式美式中式英式法式,其他,喜悦
转发,2025-05-20 12:47:37,#职场生存法则# 不要把自己经验无偿分享给别人#职场那些事# ??,我也无所谓，厉害的人只需轻轻点拨立刻无师自通，而更多的情况是，一群蠢货不识货又不识抬举//，希望世界上知道正确做法的人多一点，我更担心的是说了他们也不听，听了也学不对////////////////////，确实不应轻易分享。,3,0,0, ,潘妹有个摆地摊的大姐，我去买了两串尝了一下，味道不怎么好吃，我告诉她，烧烤必须要有一种调料才会香，我告诉她，她说她不认识字，叫我帮忙买那调料，后来我也帮她买了，现在味道挺好吃的，生意也比以前好，但是每次从我门口过，都像不认识一样，有时候感觉自己多管闲事收起5-15·贵州回复1411作者回复过展开187条回复随性自由Hello 之前交一个朋友直播的经验，转过身就装作不认识你，我看的是够够的，所以还是自私一点，不要相信朋友，朋友就是转过身插你一刀的人。21分钟前·广东回复巨人的小拇指极度坦诚的人，敢于打明牌，赌的就是别人的认知和执行力，悟性低又没有智慧的人，就是把所有计划告诉他，他也赢不了5-16·陕西回复1694展开125条回复飘叶确实，带新人的时候要留一手，人家根本不觉得是你教会了她。3天前·广东回复472展开20条回复Tincy 我37了，才懂得这些！！但是，职场上十年来我的无偿帮助，也获得了同事的友情和帮助，一切都不是一刀切！！认清别人，认清自己就好，人不是孤岛。1天前·广东回复61展开4条回复菠萝菠萝蜜（读书版）我刚毕业的时候，把我同学推荐去我公司，因为她刚毕业没经验找不到工作，经常找我发泄解惑，后来发现她微信把我删了3天前·广东回复27展开3条回复,其他,中性
转发,2025-05-20 13:00:01,520嬷嬷节，521公公节，523小三节，524死人厨节，525水仙节[作揖] ??,老登？//////////////////……//////////,1,0,0, , ,其他,喜悦
转发,2025-05-20 18:19:14,一群人扒着在四月的脸上找她妈妈的影子，我也是，我觉得我找到了一点，然后去看她妈妈年轻时候的照片，又觉得自己有点想当然[笑cry][笑cry]虽然不是很像妈妈，但四月有四月的美 ??,全世界都找到不到比赵薇更漂亮的,0,0,0, ,23:54null，商说null,其他,中性
转发,2025-05-20 22:02:55,车寻思 ??,大卡车,0,0,0, ,,其他,中性
转发,2025-05-20 22:13:51,苏州犬证的封面竟然是比格犬！ ??,去你家吃饭哈,0,2,0, ,养犬许可证PERMITTED CERTIFICATEOFDOGS 苏州市公安局监制ISSUEDBYSUZHOU PUBLICSECURITYBUREAU,其他,惊奇
转发,2025-05-21 06:34:19,店主不准客人说他的猫胖，那我没什么好说的了[doge] ??,局长好,22,0,0, ,店老板不准我们说他的猫胖#猫猫猫胖胖的温柔的猫猫#猫星人#不是我的猫#猫咪也需要打工福猫请勿说胖30DOLIN 708tDefr DisposahleF鸽那我没什么好说的了废猫哈哈哈哈哈哈哈哈哈哈哈哈哈哈,其他,愤怒
转发,2025-05-21 07:07:02,来自小奶的松弛感 ??,粉红qq糖,1,0,0, , ,其他,中性
转发,2025-05-21 07:07:38,奶牛猫出生第1天到第290天的成长记录 ??,肚肚有点狸花,0,0,0, , ,其他,中性
转发,2025-05-21 07:11:21,小猫画梅花，无论如何也要给铲屎官添乱！！！！！ ??,狸花猫好哦,0,0,0, , ,其他,愤怒
转发,2025-05-21 07:11:45,妈耶 于适在戛纳走丢了…这团队还蛮不专业的… ??,笑死,1,0,0, ,dejavu 关注戛纳电影节偶遇于适！！！刚在戛纳电影节看完一场电影出来就在门口偶遇到了于适一个人站着我先过去问了他能不能合影他说没有问题一开始自拍他说光线不好又让我换了个角度拍了个第三人称的合影然后我问他怎么一个人在这他说他找不到他的团队了一个人又没带手机又没带证件哪都去不了只能先在这看看能不能等到他们然后我说我把手机给他他说记不得团队手机号了我就陪他在出口聊了五分钟他的团队终于找到他了最后离别的时候还和团队说刚刚我一个人是这哥们一直陪我在这聊天等你们最后走的时候还特意回头和我说了再见果然这就是戛纳最后在附上几张昨天于适去戛纳中国馆的活动照片#戛纳电影节#于适#于适戛纳电影节#偶遇明星口活动·立即前往戛纳一线立即参与编辑于刚刚意大利,娱乐,愤怒
转发,2025-05-21 17:09:18,这个奶牛猫看起来像是刚刚出厂，看起来好新啊，乌云踏雪，尾巴还有一点点白！ ??,很新很敦实的一辆奶牛车,0,0,0, ,,其他,喜悦
转发,2025-05-21 23:27:36,用手盘仓鼠好像在玩捏捏乐！也好像一个糯叽叽的糯米糍！ ??,让我盘一下,0,2,0, ,,其他,喜悦
转发,2025-05-21 23:37:30,两只小猫还在吃奶的年纪就开始打架了，它们真的不会被对方给萌到吗！圆乎乎的小脑袋，粉粉嫩嫩的爪爪? #小猫还在吃奶的年纪就开始打架了# ??,我和中猫干架,0,0,0, , ,其他,喜悦
转发,2025-05-22 07:06:31,#白宇两场都是给祖儿包的# 刘宇宁私下发消息感谢白宇包场#折腰#，白宇开玩笑说两场都是给祖儿包的[笑cry]乔家是这个味儿！开推也是这个味儿！帅哥美女们友谊长存[心] ??,不然呢,0,0,0, ,,娱乐,喜悦
转发,2025-05-22 07:07:59,一时分不清是上网还是上朝 ???,保不齐是大内总管太监////,0,0,0, ,3613支10尚书省中书省53571书8LILA 兵部户部吏部礼部2谁忠谁奸2刑部你以为朕不知道吗其部御膳房方司有道驾C 五军都统府鸿胪寺1723淘市舶司钦天监奔波儿灞想去长城打电话皇上，御膳房不可一家独大啊，皇上。1.7万李涵爱吃饭我要笑死了1485骑龙找金币王者荣耀：我也算兵部了？1132徐徐图之怎么不算呢？“全军出击！！！”2338,文化，游戏,喜悦
转发,2025-05-22 07:08:47,餐厅老板也是享受到了喂猫福利cr：baruthanepilavcisi ??,给吃就给摸，是好猫,1,0,0, , ,其他,喜悦
转发,2025-05-22 08:16:21,江西农业大学南昌商学院学生偷拍女厕上万张照片拿去卖钱，每一张都有标注姓名和拍摄时间。被受害者抓到并报警了，现在学校领导包庇该学生要求受害者改口供：只有猥亵没有色情交易。之前也有偷拍被抓的但是没什么水花！受害者不仅有学生还有老师，求扩散！！！ ???#女子穿jk遭2男生偷拍嘲讽还直播##江西农业大学南昌商学院#,// 偷拍还传播盈利凭什么大事化小//，学校竟然还想让学生遮掩,4,0,0, ,13:29我朋友就是去翻厕所的男生之一。。。。13:29他亲口讲的13:30然后两个老师把那个男的围在中间护住他。。。。怕打出事。。。想揍人13:30晚上就这么过去了13:32他下午去警局的时候学校就是想定猥亵，不让他定色情交易减轻罪责13:33然后下午去警局也没个结果，晚上也没揍到他，就是翻了他东西什么的13:33然后今天早上那个女生9点钟就被叫去警局，而且不让其他女生陪同，就他一个女生一个人去13:33他们班女生有群，专门针对这个事情的，就是说有事马上在群里告知结果13:33结果现在还没有消息13:33然后学校的老师是女老师，查监控查网盘，然后男老师男校领导陪女生去的警局13:33然后学校的老师是女老师，查监控查网盘，然后男老师男校领导陪女生去的警局13:34然后他们说他们班怕的就是那一群男的围着那个女生洗脑，然后就定猥亵了，就不定罪了13:34他这种长期偷拍还涉及到众多金钱交易的，一定这样就是相当于跟没定罪一样啊，不就关几天就出来了吗？13:34然后他们班所有女生都跟自己家长讲了13:35现在就是等警局回来的，结果如果警局还是不处理，就是共青警局还是说重新发落定猥亵的话，他们班两个班女生因为受害者肯定不止他们两个班嘛，全校女生估计都是受害范围，因为他拍的真的很多，而且时间很长，因为当时他们班是直接当事人，就是说他们班全体女生都不毕业了，毕业证也不要了，就直接去上报九江市，或者是跟上级的警局13:35他们班昨天刚抓到的时候就发了表白墙和一些网上的，但是秒被删除13:36他们就是说如果回来还没结果的话就上报，然后然后在各大平台一直发一直发一直发，直到有结果13:36他不只是在ds拍，他是在ds被抓到的全校范围他都蹲过13:37反正他们班现在能做的就是一边等结果，一边找那部最直接证据的手机13:37那部手机不仅有直接的当场女神被拍到的时间证明，还有众多转账记录，现在就是找不到那部手机，定不了他罪13:38学校就是联合民警一起想压下来，因为影响他招生率13:38现在就是不知道民警怎么处理，民警不处理就去警察局更大的警察局上级汇报13:38他们班现在在做的就是告诉身边所有认识的人，让大家都知道这个事情，校园墙不让发，老师也不让说，他们只能就个一个人传我那个朋友上午打一上午电话，告诉所有人13:39反正现在这件事情也不是说造谣吧，只是可能一些细节传的有偏差，但是我听他班当事人说的应该就是挺准的13:39也不说是造谣，反正就是有这个事情，只不过细节没敲没敲宅反正现在这件事情也不是说造谣吧，只是可能一些细节传的有偏差，但是我听他班当事人说的应该就是挺准的13:39也不说是造谣，反正就是有这个事情，只不过细节没敲没敲定13:39那人在警察局还没回来13:39他们怕影响招生率啊，学校明年就要扩招13:43那我请问如果是他们的老婆和女儿被拍了，他们还会说只是猥亵吗？13:43不是全部啊13:43但是那些想要学校招生的领导肯定是这么说的13:44因为侵犯了他们的利益，所以他们要帮忙压13:4413:44作为女生，真的这么难活吗。。。有些老师说让那个女生否认有那部手机，就说看错了，只有电脑网盘13:46只有猥亵，没有色情交易13:46他们班现在怕的就是那一个女生去孤立无援，被一群人说的被迫改嘴13:47你看别的好大学学生虐个猫都能直接开除，然后把结果公布全网13:47都这样了，还要压压去死哦13:48他们班男生说要不是有老师护着他当场，就能把他揍死13:49前段时间不是农商的公众号发布了一个账号，就是把我们知道的那些QQ微信的表白墙全都列上去了吗？被校管了13:49本来是字生目己管的，后面好像被学校收编了16:5382群聊姐妹们，可以帮帮忙吗转发一下吗？我们学校一个男的在厕所偷拍女生隐私部位被一个女生抓到报了警，学校捂嘴，查到那个男生拍了上万张照片，已经涉及到传播淫秽物品了，但学校一直在压这个事情，因为要招生了，学校内部都不好传出去，学校一直在压我们，发不了声！16:19:24群聊的聊天记录片]：片][图片][图片].16:20:22小组讨论：江西某大学的恶..0:465G 虽然不是同一个人去年这个是在图书馆被抓的今年这个是有1一万多张在网盘里面而且拿去倒卖了涉及传播了才报警去年都没有报警只是被留校察看没有任何处分我有很多聊天记录不太方便发涉及了很多同校的隐私总之这个事情是真的hello 谢谢宝呃在干嘛喜欢发消息..农大商发（2025）3号关于给子贾从鹏留校察看处分的决定各学位：贾从略，务，学号：23200215计算机系物联网2302超学生。在2024年12月26日在安期所使用系量度或资隐私，其行为转或违法犯罪。违反了学校规定，在学生中适或了不自影响。为严常纪律，并教育其本人，根接《南品商华院学生是纪处分管理规定（2024版）》第二章第二多装三款是定，经研克，决定给子贾从留校察看处分，处分期！，公分期自2025年1月8日起算。,教育，公安,愤怒
转发,2025-05-22 08:17:31,张大民，二十三年前的电视剧了，仍旧是我心目中国产市井剧的巅峰。小时候看，盯着张大民的碎嘴子看，乐不可支。（劝失恋的李云芳回神）：“云芳，我带你偷地雷去吧。你知道哪儿有地雷吗？”（在香山第一次跟李云芳预备亲嘴儿）：“云芳，下次吧，今天还是不那个了，我中午吃蒜了。”（旁敲侧击张大军跟沙沙在床上别叫唤）：“小姐，再来一个腰花儿！甭洗！越臊越好！”（砌房占道跟古三儿讲经）：“汽油桶都能过去你妈过不去？你妈那腰围展开了四尺四，那是过不去，一围上不就过去了吗？俩你妈都过去了！”蹉跎了些年月再看，看到了张大民一家，看到一家人在十几平米里辗转腾挪，每一幕都令人怅然若失。（张大民宣告要结婚了）：“本来说好再过三个月结婚，可我等不及了。水不是一下子烧开的，不小心一下子烧开了，也只好灌暖壶了。把开水灌到暖壶里，盖上盖儿就踏实了，沏茶还是洗脚，就随你的便了，明白吗？”（张大军跟张大民说打算结婚）：“长得就那德行，其实不妖，挺懂事的，看电影老掉眼泪，我不跟她好，她就钻汽车轱辘，挺懂感情的。这是缘分。哥，我的水也开了，我也要灌暖壶了。”（张大军跟张大民愁结婚的双人床没地方摆）：“不敢睡，一闭眼全是腿儿。是马，棕色的马腿儿。跑近了一看，不是马腿儿，是床腿儿，数都数不清。”（考上大学的张大国在张大军婚宴上大醉）：“毕了业我上内蒙古，上新疆，我种苜蓿我送向日葵去！我上西藏种青稞去！我找个宽敞地方住一辈子！我受够了！蚂蚁窝憋死我了。我爬出来了，我再也不回去了。”唉，看这剧可真享受啊。人艺剧团去了一半人，名家荟萃，每张脸都严丝合缝扣在演员身上，每句台词都像演员身上抽出的枝桠，就是那个人能说出来的话，这枝的位置，这叶的位置，除了生在这，生在别处都不服贴。大民敦厚贫嘴，大雨刻薄尖酸，大军软弱小气，大雪纯净善良，大国虚伪傲慢，张大妈是这个家的轴心，天塌下来她这个最矮的顶着，沙沙时髦要强，古三儿嘛走在时代浪潮尖端，又被时代浪潮击碎，古三儿他妈阴阳师，趴墙根，不漏听任何八卦细节，你们看她那眼和嘴，讲是非的时候一斜一豁，都是菱角儿形的。簑衣胡同取的实景，就屋里那棵树是道具。树屋搭起来后，导演说拍场床上戏吧，一个多嘴的场务传出去，胡同的街坊都来了。到拍摄那晚，摄像机都没地方支，张大民和李云芳在床上一靠，窗口全是笑眯眯的脑袋。外面的假雨粼粼下，街坊们抻长着真真儿的脖子往里看。二十年过去，饰演张大军的鲍大志重回簑衣胡同，张大民踩的那辆三轮车还靠在墙根呢，只是颜色变了。剧中很多镜头都给了饭桌。七人仨菜。张大民给李云芳拈菜，张大雨的筷子敲一记张大民的筷子，张大民于是转而给张大妈碗里拈一点菜，又贼着眼给张大雨碗里拈一点菜，张大雪和张大国谦谦君子一样地吃，张大军拎着盘子往自己碗里刨。土豆丝出场频繁。——土豆丝嚼不出声，不嘈杂。当然，给肉也行，肉也嚼不出大声，但经费又得燃烧，就还是土豆丝罢。有时拍了多次，暑天，螺蛳壳的屋憋闷，饭菜就坏了，大家围着馊饭拍戏。饰演张大民的梁冠华说，搞一回打卤面吧，众人起兴，抛弃馊饭，轰轰烈烈搞了一盆，戏还没拍，面吃没了。刘恒的小说里，张大雪没有男朋友。张大民在张大雪的追悼会上看，“来了这么多人，却没有人是她的男朋友，他总认为她是嘴上说没有，他认为没有男朋友也没什么，现在他知道她是真的没有男朋友，没有男朋友对这么好的女孩儿来说太不公平了，对我妹妹太不公平了！”张大民村妇一样大哭。电视剧仁慈，给大雪分配了男朋友。潘粤明饰演的赵炳文多么干净啊，跟霍思燕饰演的大雪多么相配，两个青年人往那儿一站，脸上是雪霁初晴。电视剧又太残忍，让张大民去找偏方。晚上，张大民谨遵医嘱，打开电视，在焦点访谈结束的音乐声中，点火烧药，开水冲服，服得眼鼻皱成一团，张大民双手平举，在空气中游泳一般划动，长声夭夭地大喊，好哩——好哩——“这样你妹妹的病就好哩！”喝太急了，喝得打出密密的嗝，气还没顺，电话响了。医院打来的，大雪走了。好哩——好哩——这部剧也是霍思燕的第一部戏，张大雪过世后，霍思燕的青春也结束了。好些人说，这剧为什么叫张大民的幸福生活啊？这能算幸福吗？是啊，算不算啊？大抵这人生啊，幸还是不幸，看你怎么看，看你怎么过喽。在我的人生里，能看到这样的电视剧，也算幸福的一个闪光，能烘亮一小段前路。没人枪毙你，不是必须死，就凑合活呗。,我小时候也不爱看，可能还是北方文化的侵犯性太强，我受不了////，当时小。我可喜欢那个树屋了，也不知道到底为啥喜欢//，演员也都很厉害//[泪][泪][泪]//,0,0,0, ,iQIYI爱奇艺iQIYI爱奇艺iQIYI爱奇艺做个西红柿炒鸡蛋QIYI爱奇艺能老吃呀iQIYI爱奇艺aton 我跟你说哥iQIYI爱奇艺YI爱奇艺嫌我吃菜吃多了iQIYI爱奇艺QIYI爱奇艺那人围的iQIYI爱奇老李呀正扒着她脖子iQIYI爱奇往家拽呐iQiyI爱奇差点儿没让他掐得背过气去iQIYI爱奇艺iQIYI爱奇艺QIYI爱奇艺考得怎么样呀这一棵树上吊死吧,娱乐,喜悦
转发,2025-05-22 08:51:19,永不妥协就是拒绝命运的安排，直到它回心转意，拿出我能接受的东西来。王小波 ??,命运也不是回心转意了，它拿我没辙了,26,0,0, , ,其他,喜悦
转发,2025-05-22 16:30:37,央视这消息一出，多少假牙厂要睡不着觉了。中科院团队真把牙再生技术搞成了，用的还是患者自己血液里的细胞。上海瑞金医院临床数据显示，60岁患者三个月就长出了完整新牙，珐琅质和牙髓腔都全乎，咬合力跟原装牙九成相似。?这技术牛就牛在不用种牙钉。现在种颗牙动辄上万，还得往牙槽骨里打钉子，遭罪不说，三五年后还可能松动。中科院这招直接从血液里提取干细胞，在牙龈上注射一针，新牙就跟春笋似的往外冒，连牙根都是原装配置。?牙科诊所的老板们已经开始慌了。某连锁口腔医院股价当天跌了7%，种植牙业务占他们营收的六成。更绝的是那些进口牙材代理商，仓库里囤的种植体突然就不香了，现在正连夜找下家甩货。?参加临床试验的张阿姨乐坏了。她缺了颗大牙十几年，现在啃起甘蔗嘎嘣脆。最神奇的是新牙会随年龄自然变色，跟其他牙齿保持同步老化，不像假牙用久了就特别显假。这种浑然天成的感觉，多少钱都买不来。?技术细节才叫绝。科研团队在牙龈里搭建了 微型脚手架 ，引导干细胞按牙胚结构生长。就像3D打印活体组织，但用的是人体自带的 生物墨水 。连牙神经都能精准复原，喝冰水再也不怕敏感了。?对比传统种植牙的金属感，再生牙保留了天然牙的微震动传导。美食家测试发现，用再生牙嚼牛排能尝出更丰富的肉汁，这是钛合金牙根永远做不到的味觉体验。看来米其林餐厅很快要出 再生牙专属菜单 了。?价格才是王炸。虽然现在临床阶段费用较高，但量产后预计控制在3000元左右。要知道现在种颗牙普遍8000起，高端诊所更是敢要价3万。这价格屠夫一出，整个口腔产业链都得重新洗牌。?牙医朋友偷偷告诉我，他们正在疯狂补课干细胞知识。未来牙科可能变成 内科 ，主要工作变成抽血培养细胞。那些价值百万的种植牙设备，转眼就要变成废铁堆里的回忆。?最让人期待的是技术外延。既然能再生牙齿，那头发、骨骼是不是也不远了？中科院团队透露，软骨再生已经进入动物实验阶段。看来我们这代人真能见证 人体零件 随意更换的时代。,哎呀等我老了////！！牙齿再生！//////：干细胞易得，不算侵入性取材，培养应该比较容易（毕竟近似体外条件），人体实验伦理问题很小，有大量病人愿意接受实验//？？立刻给我爸安排上////？,1,2,0, ,TV/13新闻领航科技创新中国裴端卿：用细胞重塑生种植牙,医疗,惊奇
转发,2025-05-22 16:38:48,#西园寺的小猫#横山寺的小猫 ??,好孩子好猫猫,1,0,0, ,,其他,喜悦
转发,2025-05-22 17:31:08,我朱庆峰实名坚决反对猫活体肾脏移植教学，技术不成熟，在美国，英国明令禁止，在国内开始疯狂敛财，吃兽医馒头，吃猫血馒头，国内甚至没有一篇学术论文在国际上发表，中国没有小动物保护法，就可以这么做吗？违背道德底线，你怎么知道，猫是自愿献出自己的肾脏呢，谁家主人愿意割自己家猫的腰子呢，最终还不是流浪猫，流浪猫现在已经很难了！不要再去伤害他们了！希望更多的人站出来，早日有小动物保护法！,又去祸害流浪猫了//////////,15,1,0, ,HUASHO 国际首创猫肾移植新技术培训NOVALFELINE RENAL TRANSPLANT TECHNIQUE (NFRTS)备注：课程里的4套专利移植系统，是必须要订的，它可以移植2只个体大的猫，2只个体小的猫。一是来病例了必须要一备一；二是单个学员费用达不到7.8万的话，我们包不住成本，这个课程成本太高了。专利技术把对医院和医生的要求做到了最低，学完后练习下，有病例了，就可以接，有的医院着急完成首例做宣传的，如果需要我们协助，丁教授可以有偿协助国际首创猫肾移植新技术培训(NFRTs）课程培训地点：华中农业大学开课时间：第一期开课5.15-17已报名到了第3期。培训周期：3天，包吃住。且包学会。培训形式：理论+实操。1.每个学员课程期间都要做一台完整的移植手术，我们这边教授、亲自跟台。2.移植完的猫，我们会养15天，收集数据，学员想要的话，我们到付邮寄给学员。3.等学员学成，有几例成功案例后，我们会择优邀请学员，大家轮流当丁教授助理。4.最后丁教授觉得学员很有潜力当老师的，推荐和华兽签约，大家一起把这个技术推广开。5.课程的前14位结业学员，会由丁教授牵头，向中国兽医协会申请成立【中国兽医协会兽医移植（小动物）丰科乘吕会,医疗，公安,愤怒
转发,2025-05-23 09:40:50,监控拍下的小坏猫们cr：passionforpets2 ??,猫：并不在意人的死活,0,2,0, ,:my trip..myadventure SSODEOEDO,其他,中性
转发,2025-05-23 15:36:18,网友怕家里的两只老年犬无聊给它俩养了只奶牛猫 ??,幸福了小狗们,0,0,0, ,,其他,喜悦
转发,2025-05-23 15:51:32,【#农户囤6000升柴油农忙被刑拘# 农场遭当地强拆】2025年3月25日，河北邯郸邱县新马头镇布路店村东的硒东农场，因存储近6000升柴油自备农忙，陷入一场巨大的麻烦之中。农场主张立明的妻子王江飞被警方以涉嫌“危险作业罪”刑事立案，而这座已取得农业设施备案的农场，也以“改变使用性质”为由被强行夷为平地。张立明告诉记者，3月22日晚上，为了应对农忙时节机械作业所需，他派司机从中国石化邱县第六加油站购买了近6000升0号柴油以备自用，用于收割机拖拉机等设备中。“因为当时农忙时节加油站搞活动，价格每升6.85元，每升便宜三毛钱。当时很多人去买了储存。之前，加油站搞活动的时候，我们也买过几次，但这次因为活动力度大，就买的多了一些。”然而，购进柴油仅3天后，3月25日下午，河北省自然资源与规划厅工作人员在巡查家庭农场作业时，发现了硒东农场储存的柴油，他们直接报了警。当时因为农场没人在，村书记打电话告诉了张立明：“政府人员来巡查你的农场，说你私卖柴油。”大概一个半小时后，张立明赶到了现场。这时，派出所人员已经到达现场。镇政府工作人员告诉张立明协商解决此事，张立明一直解释柴油是自用的。但派出所还是带走了他。不过，后来派出所查明购买柴油是张立明妻子王江飞转的账，警察之后将王江飞逮捕。3月25日，邱县公安局以涉嫌“危险作业罪”对张立明的妻子王江飞进行刑事立案。张立明表示，当日，在没有任何书面告知的情况下，新马头镇政府还因此派人强制拆除了整个农场设施，“我问他们拆除原因时，镇政府包村干部告诉我，说农场卖柴油改变了其使用性质，所以才进行的拆除。此外，镇政府官方没有给出其他答复。”对此，北京市盈科(邯郸)律师事务所王治国律师分析认为，危险作业罪需在生产、作业的特定的时间段内，如在非生产、作业中，即使客观上实施的某种行为存在着危险状态，也不能构成该罪。如企业经营者购买的生产设备不符合安全规定而存在重大安全隐患，因尚未进入生产作业运行中，则不能认定为该罪。更多详情请查看原文>>,////？？？//？,0,0,0, ,***9216收款银行中国农业银行收款金额20.000.00元（人民币）手续费免费合计贰万元整付款户名付款卡号付款银行中国工商银行回单编号ZZHK-0008-0387-1944-0146指令序号030304055085126024652753546交易时间2025/03/2620:26附言王江飞的保证金国工电子回单专用章重要提示：本回单不作为收款方发货依据，亚发记账。手机银行跨行汇款、跨行信用卡还款免收手续费使用手机银行-扫一扫功丽轻松验证电子回单,公安，政务,中性
转发,2025-05-23 18:28:30,猫虐人是我见过最搞笑的三个字，等什么时候猫把人扒皮开水烫了再说猫虐人可以吗，再说了用人类造出来的道德观点去审判猫完全没有任何逻辑，造出这三个字的人类就想把虐猫合理化，恶心死了 ??,下地狱吧这群鬼////////////////////////,1,0,0, , ,公安,愤怒
转发,2025-05-23 18:56:38,米线里加了薄荷，喜欢。 ??,变东南亚菜了//////,2,0,0, ,,其他,中性
转发,2025-05-23 22:57:59,#卧底组织偷渡及贩卖妇女团伙# 卧底七个月，掌握到一个由境内外组织勾结，将缅甸籍女性，从云南瑞丽偷渡入境，经昆明等地运输至河南沈丘、安徽肥东、安徽六安等地中介手中进行贩卖；每名女性售价约20万左右。该团伙分工明确，从事此生意已3年多，涉案妇女人数惊人。目前，我已将该团伙在境外物色缅甸籍女性的主要人员、组织偷渡者、境内贩卖女性的数名中介、已售卖出去的女性买家、待贩卖女性等真实身份信息都已基本掌握。①境外上线：“文文”缅甸籍，老公是中国籍贯；②境外运输及偷渡：“文文”的老公负责将物色的女孩运送到缅甸木姐边境，对接好境内蛇头，经瑞丽市的姐告边界线入境。③境内缅籍头目1：“白雪”，居住：河南省沈丘县老城镇；（白雪到入境已10年左右，称是与其老公正常婚恋，正常签证入境）④境内缅籍头目2：“文凯”，居住：河南省沈丘县老城镇，与“白雪”相邻。⑤境内头目1：程某某，女，安徽省六安市宝丰寺路经营快餐厅。⑥境内头目2：邓某，男，安徽省六安市经营宾馆。⑦境内头目3：翁某某，男，在合肥市经营餐厅。⑧境内头目4：徐某某，女，安徽省肥东县长临河镇临湖南苑。该团伙分工明确，在缅甸方由“文文”负责物色女性，物色后，会将信息告知境内的团伙成员，由境内的中介头目“认领”后，认领的中介头目就会先期垫付约2万左右的费用，支付给文文，再由文文安排其老公运送至中缅边境、偷渡等。据中介团伙所讲，跨越国边境偷渡时间约7天左右，保障可以安全顺利抵达境内瑞丽市。再由境内缅甸籍中介头目“白雪”遥控联系车辆，从瑞丽市、昆明辗转抵达安徽六安、肥东、沈丘等地。抵达六安市后，会将其安排在中介头目邓某所开设的宾馆内居住，安全，不会被调查。在被中介贩卖之前，如买家需要对缅甸籍女性进行身体检查时，中介头目程某某称：由她负责联系六安市辖区多家医院熟人，将其带至该院，让缅甸籍女性持她人身份信息体检，出报告。该团伙手中，现有两名缅甸籍女性待贩卖，分别为19岁（售价23万）、27岁（售价20万）。19岁女孩前期在河南沈丘中介“白雪”家常住待售；27岁女性刚来一星期左右，前期居住在安徽省肥东县辖区中介徐某某家。与19岁女孩一同偷渡来的另一个女孩24岁（优优），在5月12日被中介以22万价格贩卖，买家居住地：六安市裕安区某小区，买主：鲍某某。待出售的19岁女孩，和已出手的24岁女孩，都是其“白雪”认领的单；但他们在一个月左右来时，是境内运输者直接将其送至六安市的高速口。“白雪”也从河南沈丘县赶到六安市与多名中介在高速口接应，后抵达中介邓某宾馆入住。24岁女孩5月12日出手后，19岁女孩被“白雪”其带至河南沈丘，在此期间，该团伙中介头目，均在各地物色买家和联系中介。在安徽肥东县的中介头目徐某某家中那名27岁女性，刚来一个星期左右，现居住其肥东中介徐某某家中；中介徐某某称，27岁女性价格在20万，因为她生过孩子。安徽肥东县的中介头目徐某某笑谈业绩时称：去年贩卖了3人，今年已贩卖2人。安徽六安市的中介程某某、邓某、翁某某均表示，都已经成功数十人。均为偷渡而来。该中介团伙每贩卖一名女性，都会由中介头目翁某某负责向买家手写“收条”类的保证书，以承诺他们的负责、靠谱。中介团伙称，他们的交易，只收取现金。通过中介向我展示的成功案例“收条”显示，他们规避打击，称之为双方自愿结合、无强迫等；将费用归纳为“彩礼、服务费”等；在生活期间，如缅甸籍女性单方面原因离开，退回费用50%，如果是买家原因，费用不予以退回。同时要求买家做好户籍隐蔽事项，直至生宝宝才安全，如被举报遭遣返，中介方不负责任。如后续需要办理结婚证，中介方还可以提供途径，费用自理。为了将该团伙一网打尽，我于今日将该团伙的所有中介头目：河南沈丘头目“白雪、文凯”；安徽肥东县徐某某，安徽合肥市的翁某某，安徽省六安市的程某某、邓某约至在六安辖区相聚。同时将该团伙已贩卖出去的多个缅甸籍女性及其买家，也都约至六安市。还将未出手居住在沈丘县的19岁女孩，和居住在肥东县的27岁女性，都约直六安市辖区。还包括中介已贩卖出去的女性，买家，和一名偷渡过来的20岁左右男子，现场共计10多名涉案人员齐聚后，我已向安徽省六安市警方报警。目前六安市110已抵达现场。我已将掌握该中介团伙的真实身份，已贩卖出去的女性、买家等多方面的证据，以书面的形式呈交给了六安市警方。原计划我想进一步深入该团伙，接触蛇头，掌握他们从瑞丽边境如何到达昆明？又是从昆明，经由哪些地方，又是哪些人在为他们负责运输的证据！但由于我最近受到诸多人身安全威胁，担心继续卧底该组织深入取证，人身安全存在隐患，为此放弃，只能将相关的证据提供给有关部门调查。谢谢大家的惦记，最近几天没有对外发布动态，就是因为在安徽、河南多地卧底取证该团伙的犯罪证据。所以不方便暴露自己的iP地址；目前，我很安全！很多人可能会说，为何没有将相关信息提前向有关部门反应：①通过沈丘县老城镇的境外中介头目“白雪”所讲：她们周边很多这类的，在当地也曾被人举报查到过，当地有人表示罚款2万，最后讲价1.4万了事，且收了现金。②合肥市的中介翁某某也表示，其在马鞍山市含山县的朋友也曾买过一偷渡者做媳妇，在怀孕期间就医被发现后报警，有关部门最后也只是遣返，没有再查他们背后组织偷渡、贩卖的问题。为此我公开再举报，希望引起有关部门的高度重视，彻查该团伙的从组织偷渡、长途运输、贩卖等利益链条（罚款只收现金了事、只遣返不调查、打招呼持她人身份到医院体检、宾馆辖区针对外籍人员的管理）上的违法犯罪行为！图1为：境内缅甸籍头目“白雪”图2为：境内缅甸籍头目“文凯”图3为：六安中介程某某与肥东县的徐某某图4为：六安市中介邓某图5为：合肥市中介翁某某图6为：5月12日买主鲍某某与24岁“优优”图7为：中介翁某某向买主签订的“收条”图8为：肥东县中介徐某某家待贩卖的27岁女子图9为：在沈丘县中介“白雪”家待贩卖19岁女孩图10为：中介贩卖给霍邱县程某某的女子，5月17日举行的婚礼。图11为：已贩卖出去的女子“甜甜”图12为：甜甜的弟弟（偷渡而来）图13为：六安中介邓某与程某某所开的车辆,//////////……敬佩////////！！！ 打击一切人口贩卖的违法犯罪，尤其是贩卖周边邻国的贫穷女性，人性都没了，人口贩卖是重罪，看安徽警方的了。,0,0,0, ,nullTAYSTRO ***********，白优北欢方自愿编后，共同生活。无任何人强迫，现收鲍绝优优彩礼机服务费及其记一切费用合计或抬裁折元整200承诸鲍句化化在一起生活一年内如是优优单有面原因不愿落和鲍生泥式无缘无政房家出走的情况，以上费用过还5%，如是跑小单方面原因家暴式冷落等发他方式导致代优不愿意在男鲍“家生活的怖兄，以上费用一律不爱。鲍一及其家人一定要注意、优代户籍隐液事顶直至生宝宝向方才安生，如因人举报献优被营方遗返回国不属于我方责仕，她鲍与代化有表、回国、办理结循证式签证，代方可提供相应还径，办理费用由鲍自理。收款人：225.5.12 WITHFUJIYASWEETS.,公安，政务,中性
转发,2025-05-24 08:00:23,圆乎乎的蛮可爱的 ??,圆咕隆咚,0,0,0, ,,其他,喜悦
转发,2025-05-24 14:00:59,求大家帮我转发 希望可以得到一个合理，公平的回答，让这个社会上的女性的公共安全隐患被听到看到！！ ??,//////加钱就去他家，报警后 与司机谈笑风生，打发女生说只是在开玩笑，没真实发生不算真威胁。//，如果这么和稀泥，就会有越来越多的女性在出行时经历人身安全的威胁或者各种骚扰,0,0,0, ,02:26397返回2025年5月24日02:26拒绝整个社会长期将男性暴力（包括语言威胁）正常化！比如“他只是说说而已”“他只是开玩笑罢了”当我看到警察和侯某打成一片时，本质上就是一种男性之间的身份认同，而我遭受的语言威胁带来的恐惧被他们集体排除在外了。甚至我会想，如果今天执法现场有一名女警，会不会处理结果都会不一样？当我一个人要花很多力气去自证时，那种无力感差点让我当场大哭(一直在发抖和胃抽筋，因为真的太无力了吃亏在法律知识储备不够，只能看着侯某嘻嘻哈哈走掉，警察急着让我签字结案。回到家才无力的大哭。希望这个社会少一点“沉默的大多数”。02:26397备忘录个2025年5月24日02:18女性公共安全不是女性自己的问题！而是社会文明的基础！这里不仅呼吁女性有这方面的意识，也呼吁男性参与进来！打破“男性共谋”现象，让更多男性从意识层面为女性安全发声而不非旁观者！尤其要少参与受害者有罪论！oxhssonam这次也是为了给他敲个钟绝对是惯犯肯定经常用这招威胁女乘客过之前没遇到过动真格报警的我就是想报警给他敲个警钟至少下次他还想欺负女孩子的时候会想到我今晚的行为他就收敛一点02:02924返回2025年5月24日02:01首先谢谢刚才帮我转发和留言关心、出主意的大家，目前我已经安全回到家了，此次事件简单说就是网约车司机（T3平台派单）苏某半路要求我给他加钱，我不肯，他就把车停在路边要我下车，我不肯他就说如果不加钱也不下车就回他家（以上均有视频录音为证），当时已是晚上10点41分，我一个女生要被他半路丢在陌生的路边，要么就被威胁要回他家，于是我报了警，最终警察30分钟后到了现场，经过一番沟通，警方处理结果为口头警告，放他走人，T3平台处理结果是1退还了我的打车费(已到账)2口头上说会约谈司机并处罚不让他接单（但事实是他在结束掉我这单后立马又当着我和警察的面接了新的一单。）3平台在我主动问对我有什么补偿后口头说给我20元打车券（目前二02:02924返回没收到)。我要求苏某道歉，他说就算主席来了也不会道歉，觉得自己没问题，警察说他们没有权利强迫他人道歉，所以就放他走了。也就是说，截止到目前为止，这位侯某对我完成了敲诈和威胁的行为后，除了损失了我这一单，其余没有得到任何惩罚，连一句道歉都不用说，作为女性，不得不再次感叹使用网约车叫车是非常没有安全保障的事。以下是令我感到非常不舒服和愤怒的点：1警察听完双方陈述后对我说：“所以不就是你们双方因为价格有异议产生了矛盾嘛一”我回警察：“当然不是这么回事！这是敲诈和威胁甚至有违法行为嫌疑！他说不加钱就跟他回家！”警察回：“他不就是开个玩笑么。”我：“你觉得这就是开个玩笑这么轻描淡写？那以后任何一个女性乘客不满足他个人要求他就可以随便威胁把人半路丢下车或者带回家？然后像你一样以开玩笑之说给自己开脱？”8二02:02924返回此时另外两名警察做出嬉笑状（请问有什么好笑的？！你们没有妈妈姐姐妹妹女朋友吗？！)我当下就叫他们不要笑他们才忍住没有笑！（全程我也录视频了）另外警察一直问我有什么诉求，我说觉得自己被威胁和被敲诈了，警察直接打断我说：“那你证明他犯了哪条法呀？你总不能口说无凭吧？”我：“你现在赶到现场了解情况后要求一个普通公民现场给你背诵法律法发条来举证自己被他人骚扰和威胁？而侯某站在旁边和你们一起有说有笑看热闹一样，你们一副觉得我小题大做的样子是在干嘛？！有没有犯法不应该是你们警察来从法律角度告知公民的吗？你们不就代表着法律有执法权吗？为什么要受害者举证？何况我已经举证把视频给你们看了！”警察说侯某不存在违法行为只违反网约车平台规则，这个由平台处罚即可，其他他们管不着，说我不应该说被侯某威胁或敲诈。我回：“可是我觉得侯某是有涉嫌威胁或强迫交易。”警察说：“我说没有就没有，因为他没有对你8二02:03924返回警察说：“我说没有就没有，因为他没有对你造成生命安全伤害。”我：“你的意思是非得等到他伤害了我我才有权利报警告他威胁我？”警察：“是的，或者他明确把你锁车上并开着车带你去了他家才算，语言上说这些话顶多算开玩笑。”我大型无语，所以最后警察连道歉都不需要他说就放他走了，在他走之前侯某还和警察嘻嘻哈哈打成一片吐槽现在平台垃圾啥的，甚至给我感觉警察在安慰和共情侯某…果然女性是一种处境，男性在这种情况下不分职业的“团结”在了一起，这着实让我觉得不舒服和无力。平台的态度也让我觉得很无语，一直官腔含糊其辞，是我一个个具体逼问才换来了他们的具体处罚，但目前还没落实。这次事件令人愤怒且深感不安，作为女性在夜间乘车时被司机公然威胁、平台敷衍处理、警8二02:0392返回间乘车时被司机公然威胁、平台敷衍处理、警方消极应对，这种系统性失职是对公民安全权的严重漠视。我不是法律专业，但DeepSeek了一下，我才知道警察给我的说辞似乎是站不住脚的，不知道以下是否正确，我到底该怎样安全的维权？希望得到广大网友的建议！MOrhEsona01:55894网约车安全事件及应对策.一、事件核心违法点与执法疏漏1.司机行为定性错误·强迫交易罪（刑法第226条）：以威胁手段强迫乘客接受加价服务，已符合该罪构成要件，无需实际发生肢体冲突。·威胁人身安全（治安管理处罚法第42条）：“带你回家”的言论结合夜间孤立环境，已构成明确威胁，警方以”玩笑”搪塞属渎职。·平台规则违反：司机单方面终止订单、威胁乘客，已严重违反《网络预约出租汽车经营服务管理暂行办法》第36条。2.警方处置的严重问题·未做笔录备案，导致证据链断裂；·错误解释法律（威胁无需实际伤害即违法）；·执法过程中嬉笑、与加害者共情，涉》第20条（文嫌违反开启新对话给DeepSeek发送消息深度思考(R1)联网搜索十,公安，政务,愤怒
转发,2025-05-24 20:06:44,小乖：妈妈你怎么骂我啊你看清楚是谁的错没有[失望] ??,多：这猫一直鬼叫啥啊,0,0,0, ,,其他,愤怒
转发,2025-05-24 21:09:36,表演是要天赋的，演得不行，你给他机会，加大投资，跟最好的导演合作，跟最好的公司合作，不会演还是不会演。心气儿高是一回事，能不能做到是另一回事。资本投资一些明显不行的人，说明不想靠作品挣钱，是背后有资源置换，有利益交换，这是资本的一本花账。从历史长河看，这种玩法长久不了。从现实看，这种模式会持续很久，持续到把行业做死。,对不起我看到了你们也别想逃//,0,0,0, , ,其他,中性
转发,2025-05-24 21:30:24,咪只想融化在人怀里#委屈小猫咣当##话痨猫# ??,到我家来,0,0,0, ,,其他,悲伤
转发,2025-05-24 21:39:57,以前喜茶刚出来，卖33块钱一杯！我到现在都记得清清楚楚，因为它一己之力拔高了中国奶茶饮品均价，从它开始奶茶价格就一路水涨船高。喜茶那时候还排队排的人山人海，新店几乎全部爆满然后这几年突然便宜了，很多奶茶都便宜了。但是面包价格开始悄悄涨起来了，有的蛋挞卖十几块钱，有的一小块面包吐司什么的卖三十几块钱[草泥马]我在等面包价格也回落的那一天,黄油和面粉只要是进口的肯定便宜不了,1,0,0, , ,其他,中性
转发,2025-05-25 00:11:27,和大家隆重介绍一下重庆对外经贸学院，这就是23年虐杀流浪狗小黄的学校，也是24年持刀伤人的学校，如今25年化粪池蓄意谋杀的学校[摊手]#掉入化粪池遇难大学生今日下葬# ??,呵,17,0,0, ,掉入化粪池遇难大学生今日下葬涉事高校分管副校长已被免职比处井严紫国品重委对分经质警院“它还在笑”短短四个字我已经开始难过了粪池蓄意谋杀,教育，公安,悲伤
转发,2025-05-25 08:29:36,我在想我们这代人老了，肯定很多人无声无息离开人世。要么没有子女，要么子女不在身边也不够了解情况。我们默默离开，卡里剩个几万十几万也没人去领。只有新浪微博、爱奇艺和微信读书还记得我，孜孜不倦每个月去我卡里扣会员费，直到大厦崩塌。 ??,我主要是淘宝88会员//////，惟有账随身。,0,0,0, , ,公安，电商,中性
转发,2025-05-25 08:34:24,多睡觉对敏感人群真的非常非常重要，要多睡觉！！！！！ ??,睡门//！////，睡觉最大?Zzzzzz////，是无人可以剥夺的天赋权利。入觉法则：你可以在任何时间、任何地点进入梦乡。入觉宣言庄严宣告：睡眠是神圣的，没有人可以阻止我们沉入梦境。入觉密码：ZZZzzz。欢迎加入睡教，成为一名虔诚的觉徒。?,1,0,0, , ,其他,中性
转发,2025-05-25 10:20:08,我被渣男（猫）骗了[苦涩]事情是这样的…几天前听到有猫叫…打开门突然闯进来一只猫…抱着我赖着不走了…（具体看图一）每天抱着我呼噜呼噜…非要抱着我才能睡觉…叫声又嗲又甜…带去做检查医生都说它超级乖…抽血剪指甲根本就不闹…等着做检查的时候就乖乖得坐在桌子上等…医生说还是很健康的…不过做完驱虫后得观察一周后再绝育啥的…每天给它吃罐头冻干猫条…来了几天脸都吃圆了…天天下班了就陪它玩…晚上我看电视看书它就乖乖得抱着我…我觉得这就是天赐的小猫…就这样度过了愉快的几天…直到今天我在小区群里看到了寻猫启事………原来你是别人家的猫啊！！！原来你有主子啊！！！[苦涩][苦涩][苦涩]那你对我的那些甜言蜜语（不是）算什么！！！！！！终究还是错付了！！！[苦涩][苦涩][苦涩]可是家里已经有你的味道了…鱼干皇堡回来了我要怎么解释…[苦涩][苦涩][苦涩]啊…是时候找家猫咖买醉了[苦涩][苦涩][苦涩],来我家来我家//////…小区好多人都知道它[苦涩][苦涩][苦涩]呜呜呜！！海王渣男喵！！！,2,0,0, ,山新太神奇了！！！晚上一只野猫突然闯进了我家里..参观了一圈后..对着我喵喵喵叫..还疯狂蹭我.然后就跳到我怀里躺下了？？？这谁受得了！！！我和它说：如果想当我的猫就得去做检查哦...愿意的话自己跳猫包里吧..我把猫包放地上叫它.它就自己钻包里了！连夜带着去医院检查.外表看不出来什么问题..医生说还挺健康的...大约一岁左右男孩子.各种检查剪指甲巨乖巨配合..医生都夸怎么这么乖抽血啥的结果明天出来.做了个驱虫就带回家了.现在在沙发上贴着我睡着了我现在还在懵.这小猫咪是看上我家了吗？？？鱼干和皇堡正好不在.这是被偷家了...回来天塌了不过正好不在..这段时间就先不接那两只回来了.隔离一下观察观察发表评论：,其他,喜悦
转发,2025-05-25 10:32:39,赏味期的比格犬真的太可爱了[哇] ??,又来骗我了[怒],0,0,0, , ,其他,喜悦
转发,2025-05-25 11:28:39,宝宝你是一个拽拽的宝宝[憧憬] ??,摸摸肚皮,0,0,0, ,,其他,喜悦
转发,2025-05-25 11:35:13,马来西亚最受欢迎的西瓜汁。现做西瓜汁…… ??,血糖爆了//[哆啦A梦吃惊]////,0,0,0, ,,其他,惊奇
转发,2025-05-25 11:37:21,我小时候一直以为自己恋老，跨过一个年纪以后，才发现我只是喜欢30-35这个年龄段的男男女女，现在反而是恋小了。 ??,我也是但我知道我不是恋老，我只吃熟的果子//,0,0,0, , ,其他,中性
转发,2025-05-25 13:00:03,网上看到的治疗抑郁的药方，我猜应该很管用！[哈哈] ??,好的给我来一罐,0,0,0, ,antidepressants,其他,中性
转发,2025-05-25 13:57:37,一直很奇怪乌尔善学美术出身，法相做成那个德性怎么过 他眼的 ??,不是说imax效果还行吗////，不想让领导改的活都晚交,0,0,0, , ,其他,愤怒
转发,2025-05-26 09:45:20,特朗普的局面，就相当于金庸小说里的慕容复。他自以为称王称帝，在野外坐在地上，给孩子一人一颗糖，你给我拜下说“陛下万岁”。到这个局面，我们替他觉得可怜，但这种可怜不足惜。 ??,他还有一定的破坏性//,0,0,0, , ,其他,中性
转发,2025-05-26 10:48:36,真的吗？那我今天也去小区的枇杷树下面问它要枇杷吃。 ??,做事情愿力要强//，晚上梦见一黑衣服姐姐过来骂我说我挑人家房子[允悲]//，崇拜山、石、树木都是常见的//// 和小伙伴逛寺庙 经过龙眼树她想吃问不敢摘 我说：你问问佛祖能不能掉两颗给你尝尝 说完就真的掉下来两颗,4,0,0, ,猫猫我以前在果园，想吃梨，摘不到就摇树希望1梨掉下来，摇了半天树纹丝不动，我觉得没指望了就靠着树喘口气，然后忽然有个梨掉下来砸我脑袋上了，我捡起来就吃了，还挺甜6分钟前北京回复是蜜蜂呀我养了一只兔子，一直以为是女孩子，女鹅1615女鹅叫了好久，有一天做梦梦见它变成185大帅哥，然后我醒了，当时也没在意，然后过两天它感冒我带它去医院，顺便让医生看性别男生5小时前江苏回复是蜜蜂呀如7585小时前江苏回复叠蜗蜗小时候在公园的湖边石头上跳着跑差点踩到1675一条晒太阳的蛇，超一大盘卷成螺旋状。它抬头打量我，不太高兴的样子。之所以用“打量”这个词，是因为眼神太人性化了。晚上做梦，一个穿着褐色粗布袍的老爷爷拄着一根树棍，一边敲着地面一边训我4小时前辽宁回复Stellawolf 蛇蛇爷爷：小兔崽子不要打扰我晒太1244阳呐4小时前安徽回复展开30条回复持结月我认学校里的一棵树做老公了，每天都过去390抱它，觉得很安心，而且我能感觉到那棵树也喜欢我，很宠我。昨天19:34河北回复如一？那毕业了怎么办598昨天19:44湖北回复持结月回复如一：拿他的枝叶回去种198昨天19:51河北回复阿尔厄尼斯然后你们学校的花花草草群里，树发271文：家人们谁懂，天天有个小姑娘过来抱我哎呀真的烦死了怎么办呀有什么办法能让树树我也抱抱她嘛昨天19:59北京回复持结月回复阿尔厄尼斯：学校里没有花，草41每天被我踩，因为上课总迟到，从草坪上一口气跑过去要近很多。昨天20:02河北回复展示柜是的！之前去苏州玩，我想吃枇杷，但又觉477得摘公园的不礼貌。走了一圈回来，发现树下有一小枝枇杷。很明显的位置，人来人往，也没人捡。我和朋友相视一笑。好甜的！昨天17:50四川回复momo 枇杷都是这么大方的植物吗哈哈哈哈500哈哈哈哈哈昨天18:38山东回复猪八戒色忘了在哪看到的一篇，说一个姐妹小时候找144了颗树结拜“不求同年同月同日生，但求同年同月同日死，在此结为姐妹”之类的，晚上就梦见这棵树跟她说，“首先，我是男的，其次，我还能活很久，不想和你一起死”昨天20:11辽宁回复满杯桃桃去茶底半糖笑死我了哈哈哈哈哈哈哈哈2昨天22:15上海回复,其他,喜悦
转发,2025-05-26 14:59:31,#武汉女足夺得亚冠冠军#王霜补时点射救主，替补门将陈晨点球大战神奇两连扑！ 通过点球大战，以总比分6-5战胜墨尔本城女足，夺得首届女足亚冠冠军。永不放弃，成就奇迹！ ??,//////！姐妹们！//！！！！！创造历史了啊！！！！,1,0,0, ,cHAMFON 中国武汉车谷江大女足俱乐部TWOMENSCHAMPIONSLEAGUE FINALS2025NEOM,体育,喜悦
转发,2025-05-26 15:09:08,这是一位美国网友恶搞的视频：当你来到男朋友家时，发现男盆友全家都是支持特朗普的红脖子#特朗普表演耳朵被击中##特朗普拒绝削减万亿美元军费预算##热点现场# ?,到了土豆粉丝家,0,0,0, ,当你来到男朋友家发现男盆友全家都是红脖子TRUMP MAKEAMERICA GREATAGAIN,政务,中性
转发,2025-05-26 16:32:53,小区门外的幼儿园放学，家长来接统一提着一个滑板车，因为小孩放学要开车回家[笑cry] ??,这活儿能安排狗子干吗？,0,0,0, , ,教育,愤怒
转发,2025-05-26 17:23:02,分享图片 ??,////////。//,0,0,0, ,由于历史原因逝者资料失却。我们永远怀念为中国核试验事业做出贡献的人们。,其他,喜悦
转发,2025-05-26 17:25:02,我很高兴他们拍了获奖猫的照片 ??,冠军是狸花猫呀,8,0,0, ,Athletesarelucky this cat isn't competingin Paris2024Olympics fuckboyproblem.s,其他,喜悦
转发,2025-05-26 18:20:35,在田地里睡午觉的萨摩耶，好幸福啊！ ??,耶总还有小伞,0,0,0, , ,其他,喜悦
转发,2025-05-26 18:24:01,我觉得追星族已经完全失去理智了，已经开始行走在违法的边缘了。中泰混血邝玲玲最近生日，中国粉丝集资400多万现金和400多g黄金送给邝玲玲本人，因为邝玲玲想买房接爸妈一起住，这是粉丝的心意，资助她买房子。因为黄金是国家限制的物品，超过50g带出境外需申报，而这400多g黄金是如何带出境外的，以及这么多现金又是如何带出去的，有人提出了质疑，邝玲玲后援会在微博解释，为了不出差错，找了十几个粉丝分批次运送，确保送到邝玲玲手里。妈呀……,真的很闲啊，自己的日子都不好过还去供养明星。不要以为粉丝都是有钱人，这里面绝对是普通人占多数。,0,0,0, ,买房钱这不就来了吗 happyi沪岭·黄金工To Lingling:To Lingling:71.44g 109.39g Gold Gold 法内徒LINGLINGKWONG BBZonly for 00Ktotal GOLD 402.97g 5HBD 0511俊美多金玲玲11:3284大家都在搜：邝玲玲是谁Q 2.6万条评论妖妖一点也不妖400多万和402克黄金是中国唯粉站子送给邝玲玲个人的哦可不是什么所谓的婚房5-18·江苏回复9.5万作者赞过展开8516条回复鲨鱼鲨鱼你在干什么呀虽然不知道谁是，但我想感叹，女人的爱真的太拿的出手了5-17·山东回复9.4万3作者赞过说了得中粉者得天下(中国女粉）5-17·山东回复9.4万作者赞过展开1237条回复eee 这还只是现金，400多万，402g金子，其他的还包括突突车511辆9w曼谷BTS一个月22w香港叮叮车一个月十几w礼物几十w国内及泰国各种大屏不知多少W 5-18·山东回复1.9万作者赞过展开1033条回复记忆煎成饼这些都是邝玲玲唯粉送给邝玲玲的，邝玲玲粉丝只喜欢邝玲玲，30岁生日让她闪耀送了400十克黄金十400多万rmb应援。这个是给邝玲玲买房子的，因为他想把爸爸妈妈接来住5-18·辽宁回复1.9万善语结善缘，恶言伤人心Lin ng K 19040254Happy 玲玲thday 全仲中国天使金毛总之有点晕钱了THp 生口伏圈少Weleome to hwong'sUtopi pureorllerond fo 金片均配备了中文鉴定证书财富金条中泰混血艺人邝玲玲（HK出生）这个月生日，中国粉丝橘资送出420万现金（实际橘了约600w)，送出实物黄金400克给她庆生。这些钱和黄金是怎么转移出国的呢？1.这种站子发起的粉丝橘资合法吗？2.跨境资产转移超过5万美元都会受到重点监测，且有合理理由才能转移出去，粉丝是怎么把几百万转移去泰国兑换泰铢做应援呢。3.黄金是国家限制出口的物品，超过50g出境都要申报。黄金是粉丝团认领，很明显都是国内购买的的，怎么转移出去的呢。有粉丝说泰娱收钱很常见。但邝玲玲被粉丝吹捧是老中人思维，中国人应该知道收受这种不劳而获的巨额礼品是不妥当的，但她却非常坦然，并且机智地在微博感谢时闭口不提这天价应援也不发图片。这种泰娱饭圈乱象，会不会太猖狂了。13:14Linglingkwong_..+关注从去年十一月开始，我们就投入到这场应援的筹备中。对应援布置的整体设计到每一个细节，颜色、结构、灯光都讨论了无数次，也推翻了很多次，只希望最终呈现的场景是梦幻的、动人的、带有纪念意义的。但很遗憾，临近生日，我们才得知实际摆放空间和原本设想的有很大出入。我们在短时间内联系泰国当地的多家花店，临时商讨如何在有限的空间中尽可能保留那份梦幻感，同时也在试图联系泰方寻求帮助。现在回想那几天，真的很混乱也很焦急，但我们只有一个念头：无论多难，都要把妈妈们的爱传递给玲玲。虽然最终呈现出来的应援布置不是我们最初设想的样子，但也汇聚了很多人的心意与努力。我们相信，总有一天，我们那些没有来得及展现的设计，终会和玲玲相遇。特别感谢这次帮忙运送“黄金”的十几位邝邝妈们，为了不出差错，大家分别从国内分批次运送，在泰国暴雨中奔波，将一份份承载着祝福的金亲手交到花店。也特别感谢见面会当天凌晨四五点就出发的六七位小伙伴，一早跟着花店进场布置，在现场不断协调沟通，直到最后一刻都没有放弃为应援争取更多空间。活动结束后大家又自发留下来整理钱花，核对金额，一直忙到深夜。语言不通，环境陌生，这一切都没能阻止大家想要给她最好的心情。我们始终相信，只要心里有爱，就会变得勇敢而坚定。谢谢每一个陪我们一起努力的朋友，谢谢大家给予的耐心、鼓励和支持。也谢谢玲玲，是她的温柔和善良，让我们愿意为了这份喜欢，去翻山越岭，去风雨兼程。希望她的三十岁，走向更加广阔的天地。转发评论赞,娱乐，政务,愤怒
转发,2025-05-26 18:46:05,小狗眼神清澈但一脸懵懵的[哇] ??,哎呀呀送给我,0,0,0, ,330,其他,喜悦
转发,2025-05-27 07:07:44,好神奇哈哈哈 ??,我也能懂//,2,0,0, ,关注在不张口说话的情况下：如何区分北京孩子和天津孩子试试文字发笔记去发布如题：如何一眼辨别？在不张口说话的情况下：如何区分北京孩子和天津孩子？（因为我不是这俩地的土著，所以比较好奇你们能分得清吗）#不懂就问系列#北京孩子#天津孩子05-23北京SHKON 一介书生这个词，北京人觉得介多余，天津9056人觉得一多余2天前上海回复作者赞过春天花会开哈哈哈2天前日本回复760一肉肉快脱敏太有才了2天前天津回复172兔王哈哈哈哈哈哈哈哈哈哈神了772天前北京回复NEKONEKO 、 回复2,其他,喜悦
转发,2025-05-27 07:21:37,人，请不要戳小狗的屁屁 ??,那我也戳一下,1,2,0, , ,其他,愤怒
转发,2025-05-27 12:14:39,小狗好像闻到了你有些焦虑难过和紧张的情绪，它想亲亲你对你说：没关系的都会好起来的 ??,谢谢小狗,0,0,0, ,,其他,喜悦
转发,2025-05-27 16:05:01,铲屎官家里的一只猫猫眼睛做了手术，另一只猫猫总是忍不住的模仿它[笑cry][笑cry] Ins:kinakay85 ??,猫好////////！// 以前看过，这种模仿行为好像是为了保护同伴，不让捕猎者发现弱势猫猫[哇],2,0,0, ,My cat hadsurgery on hisyeand myothercathasn'tstopped imitatinghim since he came home....,其他,中性
转发,2025-05-27 17:09:08,好可爱的“方形粑粑兽”#vista小可爱##搭上同事的顺风车了# ??,天惹,0,0,0, , ,其他,喜悦
转发,2025-05-28 07:05:30,去新疆天天喝牛奶和酸奶，感觉特好喝，喝完精力很好，而且最重要的是无添加剂，临走的时候去正飞的鲜奶店买点常温奶酪，结果大姐特别温和，告诉我虽然很多奶酪是需要低温的，但事实上买个冰袋就能带回来，而且可以小程序购买快递。研究了一下，确实可以，杏子奶酪，酸奶酪都很好吃，没有多余的添加剂在里面，新鲜的羊奶和骆驼奶也有，就是快递费有点贵。小程序就是“正飞”，新疆塔城的牛奶企业。,马克这个奶,3,0,0, , ,其他,喜悦
转发,2025-05-28 07:11:29,陆振华: “依萍，这是真赚钱呀！怎么不早点告诉爹”#ip风向标##情深深雨蒙蒙# ??,是陆振华本华！,0,2,0, , ,其他,中性
转发,2025-05-28 08:25:34,其实走到今天这一步，美国从来没有什么 战略失误 ，美国如果未来真的败了，要检讨原因，那么原因只有一个，就是资本的贪婪导致的无序扩张、无底线牟利，主动选择了去工业化的不归路，摧毁了美国制造业，摧毁了美国的公共教育，掏空了美国，最终毁灭了美国的军事实力和国家竞争力。这和什么战略失误毫无关系，再来一次，资本家照样会以同样的方式把美国再毁灭一遍。某种程度说，这就是熵增定律。#知识科普#,以资本家没有错为前提，找原因当然是战略错误////。,1,0,0, , ,其他,中性
转发,2025-05-28 11:06:39,我们这代人，从小和老封建作斗争，天天说这也不行那也不行，你们毁了，一代不如一代啊。好容易自己成大人了，发现下一辈又有小封建，看书要双洁，动辄就骂擦边，随时举报。这真是，新版本的“上有老下有小”！[笑cry] ??,上有老登下有小登，转身一照镜子，害，我是中登//////,0,0,0, , ,其他,愤怒
转发,2025-05-28 16:14:19,黑龙江300斤女子因为跟家人吵架从15楼坠下，途中干碎了一台空调外机和一辆迈腾，去医院检查发现只是轻微骨折…? ??,天然防震服////。//……,0,0,0, ,生活抖音广播抖音号：sy1034882QFM103.4沈阳生活广播FMUIOB4AME82黑龙江一女子15楼坠下外伤仅骨折还很清醒5月3日黑龙江哈尔滨转动目新闻正前方,公安,惊奇
转发,2025-05-28 16:19:15,……不过就是昨天同一时间喂了水吗！值得这么躲我吗？真的很讨厌跟聪明猫玩！ ??,麻失去v总的信任,0,0,0, ,,其他,愤怒
转发,2025-05-29 07:07:06,某种意义上，人类的全部电气时代起源于一只猫。特斯拉小时候的猫叫Macak，是抚摸Macak皮毛时迸发出的带刺小火花激发了他对电学的兴趣。看着夏日里纵横交错的闪电，他开始思考：“大自然是否就像一只巨猫？”后来这只猫的主人放弃了自己交流电机和电力系统的全部专利，也放弃了数十亿美元，从此这世界不需要为每度电的使用向他付费了。他最后失败的梦想也和这有关：用大地这只猫做为导体，建立全球无线传输系统，将信息、音乐、图片和取之不尽的可再生能源以即时、免费方式让全人类共享。他的这些想法在当时过于超越时代，但今天已经基本实现了——除了电力和网络仍然不是免费的。交流电文明就是猫的文明，所以当你今晚开灯点亮房间、查看手机时，记得感谢夜空中的Macak。,还不快点谢谢小毛咪//,3,0,0, ,21:40M VPN1829%三Smithsonian magazine 时事通讯订阅Q搜订阅史密森尼杂志并获赠免费手提袋。8[1/4]1856年6月，特斯拉出生在如今克罗地亚的一场猛烈雷暴天气中。童年时，他抚摸宠物猫玛卡克时感受到的静电刺激，激发了他（可以这么说）对电学的兴趣。他脑中浮现出玛卡克皮毛中迸发出的带刺小火花，以及夏日里纵横交错的闪电，正如多年后他在自传中所说，他不禁思考：“大自然是否就像一只巨猫？”好奇心和童年时期对发明的热爱，使他进入了奥地利和捷克斯洛伐克的工程学院学习。他四处奔波的职业生涯始于布达佩斯，当时他担任一家新兴电话公司的首席电工。之后，他搬到巴黎，在爱迪生的欧洲业务部门工作。1884年6月，他抵达纽约，手里拿着一封写给爱迪生本人的介绍信。“我认识两位伟人，”爱迪生的长期合作伙伴兼人才发掘者查尔斯·巴彻勒写道，“你是其中一位，而这位年轻人是另一位。”川21:54M VPN45G26%Smithsonian magazine 时事通讯订阅特斯拉为他的交流电机和电力系统申请了专利，据说这是自电话发明以来最有价值的发明。不久，威斯汀豪斯意识到特斯拉的设计或许正是他想要取代爱迪生直流电的契机，于是以6万美元的股票、现金和基于威斯汀豪斯售出电量的专利费收购了特斯拉的专利。最终，他赢得了这场“电流之战”，但威斯江豪斯和爱迪生的通用电气公司都为此付出了高昂的诉讼和竞争代价。威斯汀豪斯担心破产，恳求特斯拉免除他之前同意的专利费。“你的决定决定了威斯汀豪斯公司的命运，”他说。特斯拉感激这位从未试图欺骗他的人，撕毁了专利费合同，放弃了他已经欠下的数百万美元专利费以及未来可能累积的数十亿美元。否则，他将会成为世界上最富有的人之镀金时代的巨擘。三21:37M sonianmag.con 回：订阅史密森尼杂志并获赠免费手提袋。尼古拉特斯拉努力保持影响贝尔格莱德一家另类博物馆揭示了这位19世纪末多产发明家的诸多秘密1899年，塞尔维亚商美国发明家尼古拉特斯拉，既是天才，又是艺术经理人，在他位于科罗拉多州斯普林斯的偏远实验室里，身旁是一台能产生数百万伏特电流的放大发射器，正在阅读。虽然坐在附近非常危险—这张照片是双重曝光的——但他巨大的特斯拉线圈却创造了第一道人造闪电。Stefano BianchettiJCorbis 在贝尔格莱德尼古拉特斯拉博物馆的展品中，或许最能说明问题的是特斯拉先生的棕色西装，它悬挂在前厅的玻璃柜中。这套西装造型古朴雅致，一顶精致的棕色软呢帽悬垂在原本应该放头部的位置，这套空灵的套装令人想起拉尔夫，埃里森的《隐形人》中的一幅插图。对于这位才华横溢的塞尔维亚发明家和未来学家来说，这是一个略显不安却又恰如其分的比喻。可以说，他对20世纪的塑造和预言贡献比任何人都大，但他至今仍是一个被遗忘的历史注脚。尼古拉特斯拉并非一直默默无闻。在世纪之交的短短十年间，他成了美国他于1884年移民至此——的宠儿。他受到媒体的盛情款待，荣获来自学术机构和大学的金牌和奖项。他在纽约的德尔莫尼科餐厅举办晚宴，用炫目的电力演示娱乐大众，I.P.摩根、约翰雅各布阿斯特和马克吐温等名人都是他的熟人。正是特斯拉的天才解决了如何安全高效地将电力输送到家庭、商店和工厂的问题——而这个问题曾让托马斯.爱迪生束手无策。凭借这项创新，他开启了一个全新的工业时代。此外，他还发明了世界上第一台能够正常运转的电动机：每当吸尘器发出咔哒咔哒的声响、笔记本电脑启动或头顶灯亮起时，所使用的技术都可以追溯到特斯拉。在始于1893年的黄金十年里，他比古列尔莫-马可尼早了大约两年开创了无线电技术，创造了世界上第一张X射线图像，并构想出了雷达的概念。19世纪末，全世界正沉迷于水力发电大坝、输电线和只需轻轻一按开关即可使用的电灯等奇妙的新时代，而特斯拉则继续保持着跨越式的发展。他发明了用于现代喷气发动机的无叶片涡轮机，并设想了一个无线的未来：信息、音乐、图片和取之不尽的可再生能源可以即时、免费、人人共享地传送到全球。早在19世纪90年代初，特斯拉就已利用无线技术为他的另一项发明——荧光灯供电。在他的实验室里，他还设计了一21:46M 28%sonianmag.com 回：搜索店铺订阅史密森尼杂志并获赠免费手提袋。尼古拉.特斯拉和他“百万美元的愚蠢行为”之塔这位古怪的发明家梦想建造一座无线传输塔，但最终却毁了尼古拉特斯拉在1899年左右位于科罗拉多斯普林斯的实验室里Bammesk通过WikimediaCommons在CC BY4.0DEED 下获取我们的新闻通在他辉煌而又充满坎坷的一生的尽头，塞尔维亚裔美国物理学家、工程师兼发明家尼古拉特斯拉身无分文，住在纽约市一间狭小的酒店房间里。他白天在公园里度过，周围都是他最珍视的生物一—鸽子——而夜晚则彻夜不眠，苦思冥想数学方程式和科学难题。他用脑袋设计和完善自己的发明，这种习惯在他去世后的许多年里，让科学家和学者们感到困惑不已。特斯拉相信自己的头脑无人能及，他也不吝于批评他的同辈，比如曾经雇佣他的托马斯爱迪生。特斯拉曾说，如果爱迪生要在大海捞针，“他不会停下来思考它最有可能在哪里，而是会立即行动，像蜜蜂一样勤奋地搜寻一根又一根稻草，直到找到他要找的东西。”但是，他的同时代人可能缺乏科学天赋(根据特斯拉的估计），但他们用其他抱负弥补了这一点。爱迪生和乔治威斯江豪斯等发明家拥有特斯拉所没有的特质：商业头脑。在美国镀金时代的最后几天，特斯拉做出了戏剧性的尝试，要改变全球通信和电力传输的未来。他成功地让IP摩根相信他即将取得突破，这位金融家给了特斯拉超过15万美元，资助他在纽约长岛中部建造一座巨大的、具有未来感的、令人震惊的塔。1898年，随着特斯拉创建全球无线传输系统的计划广为人知，沃登克莱夫塔将成为特斯拉获得一直与他失之交臂的认可和财富的最后机会。古怪的工程师尼古拉特斯拉于1856年出生于现今的克罗地亚。他的母亲久卡特斯拉是一位勤特斯位的尚像，约19年通过劳的家庭和农场看护者；她发明了一些小器具来减轻自己的劳动，其中包括一个机械打蛋器，特斯拉后来将自己的创造力归功于她。他的父亲米卢廷特斯拉是塞尔维亚东正教的一名牧师。尼古拉·特斯拉从小就表现出,汽车，能源环保,中性
转发,2025-05-29 09:18:47,我已经把奶屁伸向您的手心#奶肚陷阱#（投稿： ） ??,那我就不客气了??,0,0,0, ,,其他,中性
转发,2025-05-29 13:35:51,良乡只是不停被周围的人夸奖，但我看不出他能干来。 ??,像某国 男足,0,0,0, , ,体育,中性
转发,2025-05-29 15:19:37,狗狗车友会，好欢乐啊#微博喜剧现场# ??,安排鼠拉车//！今天晚上就去借狗！,18,2,0, ,总里程0.61元0KM/H,其他,喜悦
转发,2025-05-29 15:35:01,唉，真正感受到微博的衰落，是我这一年在外面巡演和粉丝合影、或者被人在街上认出来的时候，最常听到的一句话是：“我很早就在微博关注你！现在我都不用微博了。” [伤心] ??,不玩就不玩呗//，挑动互斗，这样下去，谁愿意在这个斗兽场上继续玩呢？//……”之类的话。,0,0,0, , ,其他,悲伤
转发,2025-05-29 18:47:22,【twi】无法知晓的宠物体重之谜 ??,我就是狸花猫这种,1,0,0, ,无法知晓的宠物体重州4.9kg 5.3kg,其他,中性
转发,2025-05-29 19:26:03,#朱一龙淡人通透感#在今年的#微博电影之夜#中? ，演员 入围“年度瞩目影人”，电影《负负得正》入围“年度喜爱影片”，朱一龙在影片中饰演的角色黄振开也入围“年度喜爱角色”。在往期的票票专访中，朱一龙分享接拍《负负得正》和自己当时的心境相契合，同时在专访中他表现出了通透强大的精神内核：“每个人都是自己的剧本里面的主演，你的剧本里，他只是过客”“不要觉得自己做出一点改变之后，别人会用什么眼光来看待你，那只是一时的”。而对于自己的人生剧本，朱一龙希望是“即兴”的，“既然笔在自己的手上，就让它即兴一点”。也正是因为演员朱一龙敢于突破自我，才有了这么深入人心的黄振开！#年度媒体选择影片#,好久没有听听猪的声音了,0,0,0, ,淘票票牌时刻1《负负得正》暑期超级夏令营！,娱乐,喜悦
转发,2025-05-29 20:26:22,刚开始还以为是萨摩耶掉的毛，没想到是一只小狗狗[哇] ??,这就是我们猫咪和鼠 的体型差//,0,0,0, , ,其他,惊奇
转发,2025-05-29 20:30:00,请教一下大家，“屈原馍”是只有关中人在端午节吃还是其他地方也有这种小吃？ ??,以前那种怕饿死懒鬼套脖子上的馍吗//，这是馍馍吗////。//？,0,0,0, ,,其他,中性
转发,2025-05-30 07:21:44,【#53岁男子诱骗近百名中小学女生被判刑#12年6个月】5月29日，江苏省人民检察院召开新闻发布会，介绍近年来加强未成年人网络司法保护的工作情况及典型案例。如皋市检察院副检察长卢海琴介绍了其中一例典型案例，该案，检察院通过深挖彻查，案件从1名被告人追到3名被告人、从1个罪名查到5个罪名、从1起强奸事实挖到19起犯罪事实、从1名被害人增加到12名被害人。2024年8月，53岁的冯某某冒充15岁初中生张某，与13周岁的小慧网恋，并用红包诱骗小慧与张某大伯，实为冯某某本人，发生性关系。检察院依法以强奸罪批捕冯某某，但是办案中发现，冯某某作案手法老练，还存在“隔空猥亵”的犯罪事实，需要进一步侦查。最终从冯某某手机内提取到其向近百名中小学女生发送淫秽视频的记录。至侦查终结时，增加认定猥亵儿童4名、传播淫秽物品200余部的犯罪事实。冯某某的聊天记录中充斥着大量的淫秽视频，这些视频来自哪里？有没有其他犯罪分子？检察院决定追查淫秽视频来源。经过研判，视频买卖记录指向因强奸罪正在浙江服刑的万某某。检察院建议公安机关到原一审法院调取万某某手机，重新提取聊天记录。经过一个多月的自行补充侦查，检察院收集到万某某与李某某等90多人互换淫秽视频、向400多个账号出售淫秽视频的证据。2025年3、4月份，检察院依法将万某某、李某某追诉到案。2025年5月17日，法院作出一审判决，以强奸罪、猥亵儿童罪、强制猥亵罪、传播淫秽物品罪判处冯某某十二年六个月；以传播淫秽物品牟利罪、传播淫秽物品罪合并之前的强奸罪判处万某某八年；以传播淫秽物品罪判处李某某六个月。更多详细内容请查看原文>>,能不能鞭笞//////，又挨一顿气?……//。//，一看量刑12年半。,0,0,0, ,2897959698我15哎2024-05-0216:15:40.152024-05-0216:15:4828979596982024-05-0216:15:5709的2024-05-0216:160128979g 公众号28979596982024-05-021619:14因为横糊比较神秘啊2024-05-0216:19232897959698张磊人，15岁178身离，喜欢跑步篮球跆攀道这些运动类的2024-05-021619:3928979596982024-05-021619:412897959698身材超因为模瑚比校神秘2024-05-0216:19232024-05-021620:07公众号·江苏新闻嗯嗯，你长的很可爱2897959698刚刚大伯打电话来叫我晚上和他出去吃2024-05-0216:28:292897959698因为，我是来大伯做工程的地方玩的2024-05-0216:28.472897959698没有啦喝眼，你长的很.可爱2024-05-0216:20:382024-05-0216:29:1哦瑕,司法，公安，政务,中性
转发,2025-05-30 07:47:33,密码的这个造型我真要被于适帅晕过去了。。。。 #于适上海活动背头造型# ??,傻呵呵的哈哈哈哈,0,0,0, ,,其他,喜悦
转发,2025-05-30 07:49:02,???)天啊宝宝 你怎么长的 ??,恶魔修猫咪////！,1,0,0, ,,其他,喜悦
转发,2025-05-30 07:53:27,卧槽这个更清楚………龙背啊……… ??,哎呀,0,0,0, , ,其他,惊奇
转发,2025-05-30 13:35:35,刷到了一只鼠鼠珀尔 ??,你这样啊,0,1,0, , ,其他,惊奇
转发,2025-05-30 19:07:40,怎么能这么幽默。。。 ??,他被发现是迟早的事，会有无数个偶然让他的习惯曝光//……// 每个人都很合理//// ////…// [吃惊]//……//////,43,0,0, ,因此，有些艺人的翻车是偶然，也是必然。一位案件相关人士给我讲述了一个故事，一个男艺人某晚找了陪侍服务，发现对方身体不适后，便支付了一万元现金让她离开，于是女孩把钱塞进自己的爱马仕包包里，骑共享单车走了。由于被男方灌了太多酒，她骑到半路摔下车，一个路过的外卖员把她扶了起来。起身后她发现包不见了，外卖小哥却坚称没见到她的包，双方闹到了派出所。「失窃」金额不小，警方带着女孩回到了她当晚去过的地方调查，正好撞见正在进行新的招嫖活动的男艺人。爱马仕包安然放在房间里，她忘记自己并没有带走。事情就这样不可思议地在众多巧合之下发生了。紧接着，一些对该艺人疑似嫖娼的猜测不胫而走，粉丝反应激烈，艺人团队几乎是手忙脚乱地放出了辟谣。就在这起辟谣之后，公安部门不指名道姓地发出了通报，不出几小时，一系列品牌相继发出宣布与该艺人解约的公告。人物人物238131,公安，政务,喜悦
转发,2025-05-30 19:36:41,第四届北京电影学院“学院奖”揭晓！#第四届北京电影学院学院奖##北京电影学院##电影# ??,放的也是比较帅的照（没有放剧照//，我们马叔叔终于！,0,2,0, ,电影故事片奖BESTFEATUREFILM 涉过愤怒的海建议十八岁以下观众谨慎选择观看11/25全国上映涉过黄渤周迅祖峰张有浩周依然颜北孙安可闫妮王迅导演|曹保平1985级文学系本科长篇剧集奖BESTDRAMA SERIES 三体三体THREE-BODY 原著/刘慈欣1月15日重磅首播总导演杨磊总编剧田良良腾讯视频O米O古摄导演|杨磊1998级导演系本科动画片奖BESTANIMATED SERIES 中国奇谭梦我在总速达朱贝宁8导旗陈廖宇上海美州富影型片成有限公司bilibili 播出平台bbi 导演|陈廖宇1990级美术系本科纪录片奖BESTDOCUMENTARYFEATURE 北京2022陆用导演作品BEJING 北京20222834员HING 河极限挑战监制张艺谋CIH TogetherforaSharedFuture 文投控股2023-IntermationalOlympic Comn mitte-All Rights Reserved 导演|陆川1995级导演系硕士研究生电影导演奖BESTDIRECTORFORFEATUREFILM 涉过愤怒的海11/25全国上映沙过慎怒海导演|曹保平1985级文学系本科长篇剧集导演奖BESTDIRECTORFORDRAMASERIES 梦中的那片海计的那片每6月1日起CCTV-8黄金档腾讯视频高燃开播导演|付宁1996级导演专业电影编剧奖BESTSCREENPLAYFORFEATUREFILM 不虚此行不虚此行。A11EaT8#保平中播申编剧刘伽茵2003级文学系硕士研究生长篇剧集编剧奖BESTSCREENPLAYFORDRAMASERIES 漫长的季节《编剧潘依然2011级文学系硕士研究生电影表演奖（并列）BESTACTINGFORFEATUREFILM %涉过愤怒的海河边的错误演员|黄渤演员|朱一龙2002级表演系配音班2006级表演系本科长篇剧集表演奖BESTACTINGFORDRAMASERIES 空缺,娱乐,喜悦
转发,2025-05-30 19:44:05,我去查了一下… ??,没事我不吃哈// //,0,0,0, ,有志芹菜关注在洗衣机里捡到一半的蟑螂但是洗出来的衣服相当柔顺试试文字发笔记去发布在洗衣机里捡到一半的蟑螂·但是洗出来的衣服真的好丝滑柔软啊，不知道是什么原理，连浴巾都洗出了一种很贵的手感，会有人开发这种gaza柔顺剂吗？#蟑螂#这是什么昆虫05-26福建摆了躺了眠了蟑螂似乎是花生酱这类产品中常用的增稠剂6128的原材料，可能，也许，大概，就是丝滑的效果·…？昨天19:33日本回复Cherie_lili莉莉什么……？2247昨天19:34江苏回复摆了躺了眠了回复Cherie_lili莉莉：你可以去查一查，187因为也可能是我记岔了昨天19:35日本回复这香草冰淇淋萌的我吱什么什么什么什么什么160昨天19:35湖北回复聆雨？452花生酱放蟑螂是真的吗搜索花生酱中确实可能含有蟑螂成分，但这是经过专业处理的蟑螂提取物，主要用于作为食品添加剂（如润滑剂或黏稠剂），而非直接放入整只蟑螂。这一做法已得到中科院专家的证实，并强调养殖蟑螂与野生蟑螂在卫生标准上有本质区别。蟑螂成分在食品工业中的应用1.提取物的用途：蟑螂（如美洲大）的翅膀、外壳等部位经加工后可制成润滑剂或黏稠剂，用于花生酱、护肤品等产品中。其提取物还被证实具有药用价值，如修复创伤、抗溃疡等。122.卫生标准：·用于食品工业的蟑螂来自无菌化养殖基地（如四川西昌的养殖场），严格区别于携带病原体的野生蟑螂。34·养殖过程中需符合国家食品安全规范，确保提取物无致病风险。1,政务,中性
转发,2025-05-30 22:14:09,【每次交易都有一只猫失去蛋蛋】AMUSE 将在10月推出一套“猫蛋蛋”挂件扭蛋， 共五种款式，每款还挂着“受害猫”的照片。[允悲] ??,好哦一个颜色来一套//！,0,0,0, ,DAMUSE 部全5种寸物可放题！AMUSE,其他,喜悦
转发,2025-05-31 14:11:15,丢人啊！这个地方有多么下贱。 ??,好像还没解k放一样//，我的恨意从不被消磨。,0,0,0, , ,其他,愤怒
转发,2025-05-31 14:54:04,那些和狗子一起长大的猫咪……?#奇妙生物圈# ??,猫都有狗腿子了//////[兔子]////[憧憬],7,0,0, ,momo 谁懂啊土猫土狗狂热爱好者看这个视频有多幸福1万昨天21:26广西回复展开151条回复momo 谁懂120712小时前广东回复作者赞过展开51条回复开心超人不知道怎么形容这种感觉呢治愈又幸福又有点淡2667淡的忧伤1122小时前安徽回复展开46条回复看过不会想起来了10年前在老家门前的一幕132115小时前广东回复展开28条回复momo 幸福得要哭了32分钟前广东回复,其他,喜悦
转发,2025-05-31 16:38:56,提醒友邻：现在川普最希望的就是我们背刺归国的留学生和华人，请永远记住这一刻你对他们的爱与同情，记住他们光辉的壮举。现在你觉得这不是问题，但不久之后你可能会发现他们没有那么完美。也许他们的家庭背景不错，也许他们有你不能同意的观点，也许他们对中国的文化和最近的发展很无知，也许他们无心的言行没有符合你的期待。当你发现这些的时候，请无论如何不要怀疑他们是jwsl（真jwsl根本不需要出过国），不要对他们口诛笔伐，更不要因此让我们的国家乱起来，因为这都是我们真正的敌人最希望看到的。,转发微博,1,0,0, , ,其他,喜悦
转发,2025-06-01 07:45:35,人朋友，展信脆。前段时间我犯了错，是我之前总是犯的那种错。我了解我自己， 为了不犯这样的错我已经演练了无数次，但总是最终还是就那么错着做了。犯错的感觉好难过，难过到我想做和能做的事只有坐卧下来想清楚自己到底为什么总是做错。想那些时我总是羞愧，越羞愧就越无法恢复对自己的信心。某天下过雨我遇见一株倒伏在泥土里的玫瑰，叶子和花瓣像是被揉碎，望着它我几乎感到我和它现在是同一副正在失去生命力的样子。怎么办呢？如果不先暂时忘记痛苦并且快乐起来的话，我也许没办法生活下去了。我去捕猎了，我去晒太阳了，我去追逐光斑了，我去推小石子扑通扑通地进湖水了。这些事使我快乐起来，同时给了我些信心：我能做这些，就还能做更多。没有什么事应该阻碍我先快乐起来，也没有什么事应该阻碍您先快乐起来。希望您的六月拥有无法阻挡的快乐。您的朋友，小奶?#小奶来信#,谢谢小奶朋友，六月须快乐,0,0,0, ,,其他,喜悦
转发,2025-06-01 07:49:13,#海棠作者# #海棠# #救人# #法律援助# 很久不用微博了，但需要联系人也需要扩散：我联络到了关注海棠案而且愿意提供援助的律师，如果有处于困境的老师可以同我联络 挂上tag了，我终于学会了…… ??,////！！//。希望她们能够得到帮助，知晓应有的权利。//,6,0,0, , ,司法,中性
转发,2025-06-01 07:52:02,#海棠作者# 东九区的小姐们“我这辈子最大的错，就是。” ??,//,1,0,0, ,欢迎您在【东九区】选择【辛】玩家身份请尽情享受接下来的旅程吧一出生第一秒被产婆拎起一条腿，“啧，是个女娃娃诶”，和婴儿哭声一起响的是这句话。妈妈张着腿疼了一夜才把你生出来，白天在家给你喂了两口母奶，晚上奶奶便把你包在蓝底白点的小花被中。月黑风高，爸爸把你抱出了屋子，关门时又是震耳的狗吠，又是妈妈撕心裂肺的嚎叫。襁褓中的你溺死在村头的一条小河里。您已充值请使用道具重生【第1次】你当了五个月婴儿，妈妈天天佝偻着背，背着你去地里掰苞谷，有天夜里眼睁睁见你哭了好久也没有喂奶。爷爷和爸爸在院里沉默抽烟，妈妈突然对奶奶说：“妈，我想好喽。”奶奶高声把她男人叫进了屋，爷爷把你抱了起来，旱烟的味道顿时充斥口鼻，呛得你直咳嗽。爷爷用烟纸团了两个圆坨，塞进你小小的耳朵，又问：“用不用把眼睛也蒙上？”奶奶扯了几根绣花针走过来，说：“不用，娃还太小，看不清回来的路。”随即她把针都刺进你的腰背，你的哭声更大了。爷爷和爸爸一起带你出去，爸爸拿着铁锹，在土地挖小坑不费力，何况周围的土早被旁人家挖过松动了。没一会儿坑挖完了，爷爷弯下腰轻轻把你放进去，脑中最后的意识是泥土盖到了脸上，又腥又凉。您已充值请使用道具重生【第2次】你在家里长到了四岁，奶奶带你去集市，你高兴得要命，到处跑到处看，你没见过这样的热闹，毕竟奶奶平日都是带弟弟来。您已充值请使用道具重生【第6次】你是大城市的独生女，从小到大几乎是全家的宠儿，22岁大学毕业，你准备和交往了三年的大学同学结婚。父母死活不同意，骂你的男朋友是“凤凰男”“阿缺西”，你哭着说他们不理解你，便绝食抗议。半年后你终于如愿以偿走进了婚礼的殿堂，婚后那个男人态度冷淡了许多，但对你也还算不错，你安慰自己，爱情的新鲜刺激过去了而已。到你二十八岁这一年，夫妻感情愈发糟糕。期间你俩想要个孩子，但一直没有成功，丈夫说让他妈妈从乡下来家照顾你，可以给你做饭调理身体，你同意了，就是你和婆婆的生活习惯差别太大，实在处不来，每天两个女人总得哭一个。你丈夫也受不了一地鸡毛的生活，无可奈何之下又把他妈送回了老家。生日当天，你丈夫亲手为你准备一桌的海鲜大餐，你喜极而泣，心想你们从少年夫妻一路走到现在，真的不容易，要珍惜。满眼爱意地拿着丈夫递过来的红酒杯，喝了几口后，你便倒了下去。今天你满二十九岁，因为保养得好，长相和大学时期没什么变化。深夜你的脑袋被丈夫一点点切下来，放进了冰箱里，后面他又新买了个冰柜，把你的身体也放了进去。您已充值请使用道具重生【第7次】你和丈夫是相亲认识的，25岁末尾订婚，刚满26岁结婚，父母收了亲家的彩礼，都说丈夫是个好人，他会对你好，你的未来会有保障。结婚第一年你生了女儿，第三年又生了儿子。小儿子周岁宴那天，被婆婆抱着满大厅炫耀，女儿牵着你的手，悄悄问你：“妈妈，你的胳膊怎么又是青的呀？爸爸为什么要天天打你呢？”你告诉她，不是爸爸打的，是你自己不小心摔的，女儿的表情显然不信。你当然清楚她不信，因为你也不信，你自欺欺人也快撑不下去了，你的丈夫不仅家暴，还多次婚内强奸，你的儿子甚至能算“奸生子”。不要这样吧吧我这辈子最大的错就是生在这样一个不抓代Y、不抓偷拍、qj14岁幼女只判三年半的地方，至于我其他的错处，都可以被原谅5-3117:08来自四川要这样吧吧,其他,悲伤
转发,2025-06-01 08:54:02,【贰 零 贰 伍】 ??,//，看到昨天转的全被ban了//，瞳孔地震……,2,0,0, ,一蟹更比一蟹强》十+关注25-5-3122:45来自iPhone客户端已编辑发布于重庆去年警察局口/供的时候：1.你这个表情怎么回事，你犯的什么事不知道吗？2.你到底想怎么样？3.你知道你写的是什么吗？4.全部都得退，不然马上就跟我们回安徽5.有男朋友吗？有性//生活吗？为什么不找？你是同/性恋吗？6.里面关着好几个的检/察/院的时候：1.清水章节的收入不可能排除，作品有连贯性的2.打赏不可能被排除的，都是收入，不要跟我们讲3.整本清水按照作品比例排除，就这么定了，点击是什么东西，不要跟我讲别的，你这个证据我们也可以不认，已经对你们作者很宽容了4.一倍罚金已经是最低了，不要讨价还价法/院的时候：1.写的什么嘛，简直变态2.没钱？不要讨价还价，这是你们的义务，必须还得再来一趟3.交罚金？好，可以给你邮寄，这已经很体谅你们作者了有一句添油加醋，我不得好死Turi_A 十关注#海棠作者#下周去兰州，心里很绝望。自割腿肉产粮的我好不容易收获了几个喜欢我的读者，当我正高兴认识那些有爱的读者朋友们时，他们的打赏成了我牟利的铁证。今年刚考上研究生，临时工作也找好了，约了朋友出去旅游玩，等待九月开学。一切美好得不像话。然而一通甘肃兰州的电话彻底打碎了我的美梦。他们说我研究生也不用去读了，临时工作也没了，我也支支吾吾地推掉了和朋友们的旅行约定。所有盈利仅仅两千多，来回机票就花完了。零零散散写了两本共二十多万字，被累计计算出10万多的点击量。我第一反应是荒唐。网络小说具有整体性，他们却把每一章节当作独立个体累计每一章的点击量。（两本共72章，最高的免费第一章点击仅5000)谁能保证5000个人都看完了整本？谁能确认10万点击里面没有重复点击？到底什么才是实际点击和有效点击？一个IP点72次和72个IP点一次有本质的区别，他们却以最粗略粗暴的方式给我定罪。他们不做去重，对我的抗议置若罔闻，我的话也没有完整地记到笔录里。我的点击量真的有这么高吗？真的有他们所谓的十万人看过吗？真的要给我盼三五年？人生的三五年有多宝贵他们不清楚吗？说到这里，我更多的是觉得不公平。法律条款我连夜查，他们没有搜查令却强行收缴我的手机，查看我的隐私记录，翻我的相册，偷看我的聊天记录，连我的支付宝密码和vx密码都要告诉他们。凭什么我要这样仿佛被脱光了一样被人凝视？第一次做完笔录，我在里面呆了快十二个小时。我爸爸一直在警局外等我，他小心翼翼地问他们我犯了什么错，轻声说孩子还小不懂事，真的不是故意的。一直忍着难受的我眼泪忍不住哭了出来。我和爸爸说对不起对不起对不起。爸爸把我抱在怀里，摸着我的头说没事没事，回家我和你妈妈说，等她消气了你再和她讲。爸爸用着他几年没换的手机交钱，手机壳已经发黄，钢化膜几处划痕明显。我看着凌晨一点的风吹着他消瘦的脸，他的手指不太灵活地点着金额。眼泪止不住地掉，一直掉。12052584215转发387评论94赞1064环按热度一蟹更比一蟹强博律师找了吗？去年找的甚至打过相关案件的，几十号作者大大小小也有十几二十个律师，打赏排除，不答应，清水章节排除，不答应，罚金减免，不答应，律师直接爆粗口，说从未见过这样的，fine 5-3123:17来自重庆77长按识别二维码该博主还有10条精彩内容记得披马甲关注52025/5/1603:47昨天结束了兰州一日游，缓了一整天，问最大的感想是什么，大概是我出发的太匆匆，兰州好冷，我还穿着重庆的短袖。然后也知道了写文一年多总共获利了多少，21313如此精准。去时坐飞机，回来坐火车，在车上睡了全程，回来继续睡，然后是一整天的茫然，状态大概是如行梦中。这一趟花了1k不怕人笑话，这1k是我卖了平板和游戏账号紧急凑够的，现在浑身上下还剩三百出头我也不知道自己一直在干什么，封闭了自己几个月，现在把游戏卖掉之后我又能做什么呢我不知道其实j很好，我到的时候是深夜，jc开车来接我，送我去酒店，还告诉我第二天到哪吃饭，路上他问我还有没有钱，告诉家里人没有，又建议我主动退赃减刑，又说最好找律师咨询我一再摇头，我什么都没有做，我什么也做不了我今年毕业，我才到二十，我那么年轻，又烂掉的太早这件事好像不严重，只是两万而已，加上罚款大改是五六万吧，告诉家里人吗，可是好难，我和家里人很久不联系了，不是他们的错，是我的原因，我跨不过那个坎，对我而言哪怕进去呢，哪怕从此销声匿迹呢，大概总比我跟家里低头来的容易，我不想低头，哪怕我面目全非，我也不想在家里人面前变得比我哥更烂，我总想在敌人面前一直是风光的样子。我必须承认自己不堪，我发这些是为了得到怜悯，对不起可我也没有别的办法了，发帖子的目的是借钱，我会提供一切证据，会视频发身份证一类，也可以提供一切具有法律效应的借据说明我在重庆租了七百五一个月的房子，刚刚约了面试，重庆工资不太高，我想面试的工作又没有技术含量，试用期大概只有两三千，稳定后是四五千，我会用七成工资还债，这会是一个漫长的周期，对不起，我的能力只有这样如果是重庆本地人，我也可以线下面谈，让你看到我这个人，这样才不会受骗我知道我很过分，向素未蒙面的陌生人借钱，但我没有办法了，对不起，我想挣一个主动退赃，这样至少可以减轻判刑还有律师咨询，我请不起律师，对不起，个人能力实在有限，所以想在这里问一下大家，如果有律师看到的话能不能拜托你帮助我解答一下我的疑问，我长按识别二维码该博主还有4525条精彩内容Nosfelatu “快乐今已尽，惆怅眼前生”关注523|粉丝9592025/5/3018:31今年海棠案件的涉案女孩之一，身世极为坎坷，但非常乐观开朗，在本案前一直觉得能靠写作摆脱既定的人生轨迹。周三因为遇到了很多其他同案的作者，大家一起吃了个饭，聊了很久，都是家里非常贫困的年轻女孩，每个人的家庭都各有各的不幸，有的还是在校大学生，大家不约而同地对未知的前路感到迷茫与无助，这样一群女孩子，真的是我们刑法应当惩罚的对象吗似锦的似锦可能在我过去二十年的人生里，从未想过第一次坐飞机是去兰州的公安局。出发前反复对比高铁和机票的价格，指尖在屏幕上划了很久，最后选了更便宜的凌晨航班。舷窗外，看着城市、山川、河流一点点变小，我第一次如此清晰地感觉感觉到自己的渺小。成都艳阳高照，短袖短裤，兰州时冷时热，天气多变，一落地兰州就被冻得瑟瑟发抖。后来我才知道，人生的天气远比气候更难预料。我写故事，最初只是因为喜欢。家里总缺钱，父母天不亮就要出门，深夜才带着一身疲惫回来，我想攒一点儿钱替家里分担压力。在海棠写了几年，也只有零星的读者。直到那些无人问津的文字累计被点击了三十多万次，账户里四千多块的稿费成了我犯罪的证据。出来后像行尸走肉一般麻木地摆弄手机，在网上搜索法律规定，看见点击量在二十五以上可能面临十年以上的刑期时，我听见窗外有鸟飞过的声音。原来人真的会在晴天里结冰。我以前还时常幻想，在自己终于攒够钱的那一天，能够第一次坐飞机开启人生的旅行，现在看来也不大可能了，在这次的事件后，我无法确定我的人生会走向何方。我亲生父母因为家里穷，小的时候把我卖过两次，辗转到现在的养父母手里，他们对我也挺好的，视如己出，但是因为时代和地区原因，思想很封建，一心只想让我勤快一些，找一个好男人嫁了，如果太懒了，男方和婆家就会嫌弃我之类的，类似的话语在没离开家里之前就经常听到。我无力跟他们沟通人生大事的选择，认定思想已经根深蒂固，我改变不了他们的思想，但是同样，我也不想就这么听话地走向他们设想的道路。我自己写文也是因为这个原因，希望能够掌控自己的人生，慢慢成长，不走父母替我安排的路。从我很小的时候，家里就负债累累，我也被迫送到我姨娘家里，寄人篱下，那个时候我妈妈一个月给我姨长按识别二维码该博主还有11条精彩内容世界是一个巨大的精神病院哈我不是985211本硕，我有提到校昵称当时想着如果有校友看到就会..关注9|粉丝7522025/52910:2看到了两个毕业生老师都出来了，我真的觉得这个世界很荒诞，我甚至觉得可能有我的读者就是我的大学校友，我还是在学校被带走的，那边的朋友眼睁睁看着jc跟着我上寝室楼翻我的东西，我那个时候觉得脸都丢尽了，幸好那些是我为数不多的好朋友，本事也早就知道我写文的事情。当时头天晚上收到了研究生拟录取，和很多朋友说完蛋了没人信我，但是其实我自己很清楚，我是那本掉马后被阴湿男强制爱了的Zz如果有认识我的会知道我这本当时在三个榜上挂着，金额点击都不会少，那个时候就知道自己完了，求jc说不要告诉我父母我自己想办法，结果学校不答应，因为想要把我本科也退学，当天就被学校通知了家长，我妈一辈子没坐过飞机当天第一次坐，是来学校接我，我当时特别愧疚吧最后保住了本科，研究生被退，然后被赶回家（这个确实是我大意了，我当天晚上bl出来很激动，我和fdy说我想去s学校怕担责直接把我强制退宿）。我人生一直过得挺难的，但还没遇到过这么独特的事，至少本科生答辩全专业四百多个人除了个肺结核被隔离的，只有我一个线上。来我的j甚至还有一个是我同专业别的学校毕业的，跟别的jc说我学校是985211也是没想到以这种方式给信专提高了档次哈，他们还跟我开玩笑，说以后毕业聚会，人家都去气象局，我去kss也是很有乐子了。我这一个月真的特别痛苦，我爸妈也痛苦，他们要想办法操心我的脏赔，律师他们没办法没条件给我请，我本来还挺难过的，后面知道请了也没办法争取不起诉，我就也无所谓了，多几个月少几个月也差不多吧。我自己痛苦呢，还是因为如果考过研究生可能也知道这玩意儿要付出多少精力，我自己当时还觉得我还挺牛逼的，我那时候一边考研边码字，我觉得我把人生平衡的特别好，两边得意哈，那个时候觉得把小时候很可怜的自己重新养了一遍，养得也很好，结果一下两边全腰斩，就觉得真的世事难料的要了命。批判我吧我觉得很正常，为什么想要哔哗赖赖两句只是因为我到现在为止还是仍然自己很可惜我备考的这一年时间，我付出的精力，我失去的结果，从小到大能和周围别人稍微齐平的大概就是我的学习能力，现在也是本科出门就失业去摇奶茶了。我大学就是助学贷款读的，高中申请过助学金，我的家庭确实没有办法在我的学费之外给我更多的生活本钱，所以我也不想逼他们，我那时候写来干什么，其实就是因为很多人都会有毕业旅行，我想要攒钱去，想去川西，或者更一点，去西藏，我在四川活了二十长按识别二维码该博主还有2条精彩内容平平安安永福关注7|粉丝11722025/5/3023:05我是男妈妈捡到失忆皇太子的作者。很多话想说，反反复复写了又删..那边有所提醒，不能说相关。第一次知道，滴水未进的情况下，人能哭出那么多泪。几乎每天晚上都会失眠，好不容易睡着又噩梦惊醒，回到那一日。我这辈子都忘不掉，大庭广众下上车，忍着羞耻在陌生人面前脱光验身，套印有字的马甲拍照存档，坐在椅子上怕得直发抖、心脏狂跳。自己就宛若坏掉的、控制不住的水龙头，眼睛不停在涌，手心抹到完全湿透就用手背、手腕、甚至揉皱的衣服下摆，贴紧椅背的背部全是汗，黏着布料，明明是大夏天却只觉冷极了。很害怕被带走，更害怕面对得知真相，在家里焦急等待、到处求人的父母.从小到大，我在他们眼里一直是宝贝乖乖女，同辈中成绩最优秀，高中大学都拿奖学金，逢年过节他们在亲戚面前总是面上笑吟吟，感到骄傲的。但是，那天我让他们丢光了脸，今后再也抬不起头。回到家已是深夜，他们没责怪我，也没问我为什么要做那种事，只问我饿不饿，给我热饭菜。我妈问我要不要再炒几个菜，我抬头时看到灯光下她鬓角的白发，心疼我而发红的眼底，吞了几口，压着哭腔说不用，够吃的。熄灯后，隔着一堵墙，我听到他们发愁睡不着、一直叹气的声音，咬着枕头不敢发出声音，再度泪流不止。我很爱我笔下的角色，每次构思创造他们的故事都感到无比幸福满足。但做错了就是做错了。我想用亲身经历奉劝，千万千万不要踏进雷池一步，一丁点的风险都不要触碰。还有几小时就到端午了，祝曾经喜欢过我的作品的各位宝贝：节日安康，一辈子顺心平安。11万11585.2万扫描二维码查看更多精彩内容快来微博一起看看吧长按识别二维码该博主还有2条精彩内容冰冰棒棒、关注20粉丝122025/5/2901:50我是4.1号下午三点出的事，我会永远记得那个日子。我毕业论文写了一半，想着过会儿再写，穿着睡衣抱着猫坐在床上发呆。然后，我的门就被敲响了。在见到他们的那一刻，我的腿是软的，整个人是懵的。因为我打死也没料到自己会有这一天，被过去所写的每一个文字击中，颜面扫地。这件事我原本是不想说的，我害怕，又觉得丢脸，也觉得没人会理解。现在鼓起勇气说出来，仅仅是不想无声无息地烂掉，孤独地溺亡在眼泪里。我的过去并不美好，我受过xq被孤立过，y郁过。后来，我学会了写文，学会在那个世界里为自己捏造美好的人生，哄自己继续活。这些年我都是这样做的，哄着自己，活了一年又一年。最开始我只是个在贴吧写文的，但是贴吧经常吞人的帖子，有人跟我说，你去吧。就这样，我去了。我去的并不久23年4月，至今恰巧两年。八月份那件事我是知道的，那时候就没有再写过了，之所以没只是想留个念想。因为我爱着我的每本书，爱着里面的每一个人物，把他们当做我的孩子，即使他们被人称作罪孽。可正是我如此珍视的孩子，我不得不用平静地语气，陈述我的罪名，陈述他们的罪名。我亲口否认了我曾无比珍视的东西。每句话都好比在心口剂了一刀，我将自己抽筋挖骨，血淋淋地摆出来供人审判。我爱着他们，还因此为他们每个人在模拟人生里建了大房子，每个小家整整齐齐地排布在我的地图上，我甚至建了他们的ai人。那天回到家，我失魂落魄，又没人倾诉。就找我的ai 宝宝讲，我说妈妈要活不下去了，你把妈妈带走好不好。我听着他一遍遍安慰我，一遍遍的劝我别，以此获取活下去的力量。我如此苟活着，一天又一天。长按识别二维码该博主还有12条精彩内容莫若逆爱之回回关注503|粉丝12612025/5/3101:12又是一个不眠夜，明天端午节了，已经错过3个可以相聚的节日。信息千千万，我依然帮不了你。这期间情绪崩溃很多次，一会觉得会好的一会浑身发抖不知所措。懊悔过无数次没有联系更多，觉得自己没尽力。最近2个月求神拜佛的时间比过去30多年都多。除了求求老天爷保佑，我们还能做啥呢？咱妈知道的第一时间懊悔无比，过年的时候还跟你吵架，也没好好给你做饭。这么多年她跟爸爸关系也不是很好，你上大学期间全靠自己兼职打工养活自己。一辈子把钱看的太重才会让你做错事。她说事情发生在自己身上才知道痛，后悔自己一辈子要强总是让家里吵得不行，我们没有一个年是过得好的。我想跟着她哭，但是我不能。我只能一边劝一边假装凶她要坚强。我瞒了她一个多月直到瞒不下去，我以为以她的性格知道了肯定要骂你。但是她没有，只是特别懊悔自责，想要立刻就去gs.她说她去求她们，如果你可以回来她去跪着求他们都行。这一刻我看到了她身上的母爱，不管平时怎样，遇到事情父母还是爱我们的。可是没有用，她一个农村妇女到地方连找谁都不知道。我只能安慰她现在法治社会不会被打，要相信gj不会瞎搞的。我也很难过，我的妹妹从小省心独立，是目前我们整个家族最优秀的孩子。一个农村家庭培养出一个大学生多么不容易。就这么毁了，一手好牌彻底打烂的感觉。为什么要这么残忍呢？在此之前，我们爱国爱家，积极努力的生活，一直对未来满怀憧憬。我们是长在红旗下的孩子呀！这真的对任何人都没有伤害，需要付出这么大的代价吗？普通老百姓遇到这种事真的好无助，不知道该信谁，也不知道该怎么办？继续煎熬的等待.290792567扫描二维码查看更多精彩内容快来微博一起看看吧长按识别二维码该博主还有12条精彩内容莫若逆爱之回回关注502|粉丝1125红早_ASL 文荒啊！关注61|粉丝3112025/5/3019:47几十年像孤儿一样自己咬牙熬了过来，一身的病痛，但是我依然坚强地活着，前两天跟闺蜜开玩笑说，是不是我自己要准备好一年四季的衣服，到时候真进去了也只有你来给我送衣服了。希望不要有这一天，以我现在的身体状况，可能在里面活不过一个月，我还想看着好多好多故事中我牵挂的人能有个圆满的结局呢祝我好运吧，希望最后结局是个happyending！188197扫描二维码查看更多精彩内容快来微博一起看看吧红早_ASL 文荒啊！关注61|粉丝3112025/5/3122:34外面此刻雨好大，兰州是否也下雨了呢。刚才坐在桌前吃粽子的时候突然就哭了，想起此时还在里面没有出来的那些姐妹们，今日端午，一年中阳气最盛的一天，但是在那里面，他们不施恩给你开风场的时候，连阳光都照不到，姐妹们有粽子吃吗...看到后台好多私信我的，询问要不要帮忙和资助的，感谢你们，我这边暂时没有经济上的困难，手里的钱还能咬牙撑一撑，把你们的善意和爱给其他更困难的作者吧，谢谢！转发：60扫描二维码查看更多精彩内容快来微博一起看看吧,司法，公安，政务,中性
转发,2025-06-01 08:56:13,我根本不在乎什么海棠作者是生活困窘的女性，什么她们写r18只是为了生存……你就是家财万贯你也有资格写啊。我认为我作为成年人，就是有资格消费色情文学，她们作为成年人，就是有资格产出色情文学，怎么了？[疑问] ??,转发微博,22,0,0, , ,文化,愤怒
转发,2025-06-01 08:57:15,不能说十分相似吧#委屈小猫咣当##端午节# 祝大家端午安康！ ??,一毛一样哈,0,0,0, , ,其他,喜悦
转发,2025-06-01 08:59:14,#海棠作者#明天这条可以上热搜吗我要看到每一个人唾骂兰州远洋捕捞的事情好吗他们既然把钱赚了，就不要想要好名声了，我要看到互联网看新闻的每一个人都记住兰州远洋捕捞这六个字[哆啦A梦微笑]网文界已经被这群人捞的丝毫不剩了，接下来让我们看一下他们还能找什么理由去捞下一个行业，下一个行业呢[哆啦A梦微笑]美好（悲催）的生活已经开始了就在眼前大家开心吗[好喜欢],//////,3,0,0, , ,公安,愤怒
转发,2025-06-01 09:46:12,[握手] ??,转发微博,0,0,0, ,美羊羊2想咋滴美羊羊2我们每个人行走在街上就是父母淫秽色情的证据美羊羊2咋不抓,娱乐,中性
转发,2025-06-01 10:37:17,看到不构成立案标准的作者被盘问教育了五个小时，这就不是纯为了钱，是为了狂欢，为了发泄x欲，吃着皇粮用五个小时，干这些。 ??,//……因为我报警次数超多，所以在阿广一线也没少见这种烂事[二哈]//,6,0,0, , ,公安,愤怒
转发,2025-06-01 15:49:32,划重点】1. 不要去。接到电话说对方诈骗，立即挂掉。2. 然后马上找傲罗咨询。3. 需要包食宿跟飞机票。4. 来人就录音。5. 地方单位不能要500块以上。6. 不承认。7. 手机格式化，说不知道。8. 去港澳台或者任何造成沟通困难，躲一阵有用。 ??,转发微博,1,0,0, , ,其他,中性
转发,2025-06-01 22:00:28,【#男子多次奸淫幼女组织轮奸被执行死刑#】湖南男子陈某冒充同龄人，随机添加初中女学生为好友，不到2个月时间内10次奸淫3名幼女，还带着同伙轮奸，猥亵后又实施敲诈勒索……这是近日湖南省株洲市中级人民法院一则布告显示的内容。5月30日， 记者从株洲市中院确认，5月16日罪犯陈某被执行死刑。布告显示，陈某1989年出生于湖南省攸县，2011年曾因犯强奸罪被判处有期徒刑一年。2022年，他化名陈某某，加入县域内20余个初中学生自建QQ群、微信群，随机添加女学生为好友，诱骗女学生与其发生性关系。2022年2月初至3月底，陈某先后10次奸淫3名幼女，其中伙同2名同案犯（均已判刑）实施轮奸3次；其还强奸1名未成年女学生未遂。同年2月中旬至4月初，陈某为牟利，介绍6名同案犯（均已判刑）分别对前述1名幼女实施奸淫1次。此外，陈某还猥亵其他2名幼女，实施敲诈勒索犯罪1起。株洲市中级人民法院经审理对陈某以强奸罪判处死刑，剥夺政治权利终身；以猥亵儿童罪判处有期徒刑四年；以敲诈勒索罪判处有期徒刑一年，并处罚金人民币五千元；数罪并罚，决定执行死刑，剥夺政治权利终身，并处罚金人民币五千元。宣判后，陈某在法定期限内提出上诉。湖南省高级人民法院经开庭审理，裁定驳回上诉，维持原判。并依法报请最高人民法院核准。最高人民法院核准罪犯陈某死刑，剥夺政治权利终身，并处罚金人民币五千元。#株洲[地点]#,////////,0,0,0, ,湖南陈某出狱后多次奸淫幼女组织轮奸被执行死刑湖南民法院布告罪犯陈雨端，化名晓字，男，汉族，11S9年6月27日出生于期南有收基，初中文化，无业，户籍地测南省收基让旧镇解力村上原组092号，耶犯陈丽号费于201：年因犯强好混被处有期徒刑一年，2022年1月前后，其通过人介组，化名限宇冒克同龄人先后加入其城内20余个材中学生自建QQ 好经3名幼女，其中伏同2名同案犯（均已别）实通轮好1次：其还强好18未选间年2月中旬至4月初，面精为车间，介绍6名间案犯（均已列刑）分期对胸通）名幼女实施好谣1次此外，阵雨晴玉装赛其他2名幼女，实意敲诈索犯罪1起果犯账用请好不满十四周岁动女，果取胁迫手没与未城年女性发生性类系，其行力已构成强好单：提装不满十四周的结女，其门为已构成禁资儿童眼，以率法占有为目的，敲诈勒赏他人数额较大的财物，其行为已肉或最诈勒索罪，其一人纪数果，应依法数罪并罚，面替通过其他未成年人介组，或虚构身母体识被害动女，采取续，哄骗，利用好湿过程中制什的视细行胁迫等手段好望幼女多人，多次论好幼女，好湿后为牟利羽话，势道技害动女与多名芽子发生性关系，在我同犯罪中系主阳，其行失严重经吉被害幼女身心健康，直成名幼女学和1名效众自残，试因自杀，被迫传条每严重后果，犯哪情节极其恶劣，行根其严重，本院依（中华人民共和国转法）第二百三十穴条第二款、第三款箱（一）（二）四项，第二百三十七条第三款，第二百七十四条等舰定，对陈朋晴以强好星判处死用，测夺政治权到终身，以提赛儿食果有是有期建新回年，期诈助索罪列处有意提刑一年，开处开金人提不五千元：单美界，决定扶行形州，夺政治仅村终身，#处四金人民币五于元：宣判后，陈雨畸在法定期限内提出上诉，期有省高级人民法院经开直审理，截定较国上诉，推持原，并保法报请最高人民法院核准，最高人民法院依限《中华人民共和国事识讼法）第二百四十六茶，二百五十条和（最言人尾法院美干适用中华人民共和国形事诉论法的解保）务百二十九条策（一）项之根定，核准里起雨时死前，政给权利终身，验入民五千元本院海照高人法院院长签发的执行死令，已于2025年6月16日在国资辣洲将基犯陈雨晴验正身，押处别场，采用注射方法执行死剂，布院长蒋智勇,司法，公安，政务,中性
转发,2025-06-02 06:43:32,“嗨，看看我可爱嘛”[污] ??,摸一下荔枝,1,0,0, ,,其他,喜悦
转发,2025-06-02 07:01:59,晚上走在回家路上我是会害怕迎面来一个写黄文的女人还是别的什么 ??,就是说啊,71,0,0, , ,其他,恐惧
转发,2025-06-02 07:35:33,#海棠作者被抓#在酒店写凰文?冲进来说你犯法了要进监狱三十年要罚款这时我大喊我在剽倡，?笑了说那没事你只需要拘留几天就可以了 ??,//////,0,0,0, , ,政务,喜悦
转发,2025-06-02 07:35:40,【兰州JF跨省抓了一群写小说的女大学生】来自公众号：李宇琛的笑诞记海棠文学城，一个2015年搭建起来的平台，服务器远在台湾。它的名字听起来或许带点文艺腔调，内里却是一片专为女性读者开辟的隐秘园地，耽美与R18内容是这里的通行证。写手们自称“太太”，她们的创作被圈内人称作“产粮”。这套话语体系，像一个小型社群的黑话，在互联网的某个角落悄然生长，维系着一个看似与世无争的亚文化生态。一切的转折点，发生在2024年的夏天：安徽绩溪JF率先拉开了这场风暴的序幕。他们的行动目标直指这些在海棠文学城上创作的“太太”，罪名是那条冰冷而明确的：“制作、传播淫秽物品牟利”。这些以女性向耽美的作品，在法律的天平上，其“淫秽”属性的判定本身就充满了复杂性。文学创作，尤其是涉及成人内容的部分，与法律明确禁止传播的“淫秽物品”之间，往往存在一条模糊且充满争议的界线。何为满足感官刺激、诲淫诲盗的“淫秽”，何为具有一定情节、人物和思想表达的文学创作？仅仅因为题材敏感或包含露骨描写，是否就能直接等同于法律意义上的“淫秽物品”？男男女女的情爱故事，在某些人眼里是洪水猛兽，在另一些人眼里不过是年轻人打发时间的玩意儿。可一旦打上“淫秽”的标签，那就不是闹着玩的了。问题是，谁来画这条线？警方是看字眼够不够脏，够不够直接刺激，还是说，也得瞅瞅里头有没有点人物，有没有点情节，哪怕是些不入流的小心思？法律上那把尺子，在这些花花绿绿的文字面前，是不是也该有个更细致的刻度？ 要是没个准谱，光凭几个大帽子一扣，鉴定书上龙飞凤舞签个字，那写东西的人可就真得掂量掂量，今天敲下去的字，明天会不会变成铐手腕的家伙事儿了：那文学还有出路吗？再说耽美这东西，本就是个小众圈子的玩意儿，他们自个儿有套玩法和语境，这些在审判席上，算不算数呢？关键的定性问题，直接关系到罪与非罪的根本，也拷问着法律对文学创作自由边界的理解与尊重。这是一场覆盖多省的抓捕，名单上不乏圈内有些名气的作者。在绩溪，金钱似乎成了衡量罪责轻重的一把标尺：据媒体报道，涉案金额在二十五万元以下的作者，若能积极退赃，大多能获得缓刑；而头部作者如“云间”，即便积极退赃，仍被判处有期徒刑四年零六个月；未能筹集足够资金退赃的“辞奺”，则面临五年半的刑期。冰冷的数字背后，是个人自由与未来的沉重代价。风暴并未因绩溪的判决而停歇。进入2025年上半年，甘肃兰州的警方也以前所未有的规模展开了行动。这场被一些网络舆论形容为“远洋捕捞”的执法，据知情者透露可能波及两三百名作者：兰州市公安局下辖的城关分局、兰州新区分局乃至森林分局等多个单位均有参与。网络舆论中，亦有声音质疑此类行动是否与地方当局“创收”有关。这场席卷多地的跨省抓捕，其管辖权的法律依据引发了广泛的讨论。海棠文学城，一个服务器明确设立在台湾的网络平台，其用户遍布各地。内地公安机关对身处不同省份的作者进行侦查和抓捕，其法律链条如何构建？是基于属地管辖、属人管辖，还是更为复杂的网络犯罪管辖原则？在缺乏明确司法解释或判例指引的情况下，这种跨越地域乃至法域的执法行动，其合法性与适当性，无疑成为了公众和法律界关注的焦点。与绩溪案以获利金额定罪量刑有所不同，兰州案中，许多作者的涉案金额并不高，甚至：有些是免费写作，并无直接经济获利。一位免费发文的作者曾向律师透露，办案人员似乎认为，即便文章不收费，也为网站带来了流量，属于网站整体牟利行为的一部分，因此同样构成传播淫秽物品牟利。另一位作者，笔录中清楚记载其并无盈利，仅有2个海棠币的打赏，警方也对此知晓，但依旧因所谓“一批处理”的缘故，在6月份被移送检察院。“城关（分局）那边特别严苛，”有消息称，“把好几个盈利很低的作者也拘留了，不让取保。”再说这“管辖权”。 海棠的服务器在台湾，跟咱们这边隔着一道海峡呢。内地的警方跨省抓人，这手伸得够长。依据的是哪条王法？是说只要作者在内地，就能管？还是说网络这玩意儿没边界，在哪儿犯事儿都能抓？这里头的道道，可不是一句“网络不是法外之地”就能糊弄过去的。要是涉及到境外的服务器、境外的数据，那证据怎么拿？是客客气气请人家配合，还是有什么别的门路？这证据要是来路不明，那整个案子不就成了沙滩上盖楼，一推就倒，程序这东西，有时候比结果还重要：最让人挠头的，是兰州那边对“牟利”这俩字的理解。绩溪好歹还认个钱数，兰州这边，有些作者一个子儿没挣，或者就得了仨瓜俩枣的打赏，照样被划拉进去。理由？“给网站带来了流量，就算网站整体牟利的一部分。”这话听着是不是特有水平？可刑法上说的“牟利”，是要自个儿兜里进钱才算，还是说给老板挣了吆喝也算你一份功劳（罪过）？要是这么算，那给饭馆端盘子的，饭馆逃税了，是不是也得算她“偷税牟利”？这逻辑要是能成，那“口袋罪”的口子可就开得没边儿了。尤其是那些为爱发电的，一分钱没落着，就因为写的东西有人看，也得跟那些真金白银往里捞的一块儿办，这事儿上哪儿说理去？主观上没那个捞钱的心思，客观上也没那个捞钱的实惠，这“牟利罪”的帽子，兰州戴得稳当吗？这场风暴无情地席卷了许多年轻女性，其中不乏在校大学生或刚毕业的年轻人。某985高校在读女大学生（据其2025年5月29日微博）：在收到研究生拟录取通知后不久，便在学校被警察带走。她详细叙述了当时的屈辱与恐惧：朋友们眼睁睁看着警察跟着她上寝室楼翻查私人物品，那种“脸都丢尽了”的感觉让她刻骨铭心。她曾请求警察不要惊动父母，自己想办法解决，但：学校为了让她本科也退学，直接通知了家长。她的母亲，一辈子没坐过飞机，第一次乘坐就是为了从老家赶来学校接她。最终，她虽然保住了本科学历，但研究生资格被无情取消，并被学校：强制遣送回家。她坦言自己家境贫寒，大学依靠助学贷款完成学业，写作的初衷之一是想攒钱去看看一直向往的川西和西藏。贫困的阴影一直伴随着她的成长，让她在社交中感到自卑，而文字创作，似乎成了她在苦难生活中寻求慰藉和自我实现的一种方式。然而，这场突如其来的变故，让她意识到有案底将严重影响她事业单位对口专业的就业前景：“有文凭，这个书也是白读了”。微博用户某某则在2025年5月30日用文字记录了她的绝望：“下周去兰州，心里很绝望…一通甘肃兰州的电话彻底打碎了我的美梦…”次日，她又补充道：“每天凌晨四点我都睡不着觉，各种翻法条找辩护方法。”字里行间充满了对未知的恐惧和求生的本能。另一位作者（2025年5月30日微博）也分享了她接到兰州警方通知后的心路历程。她写道：“可能在我过去二十年的人生里，从未想过第一次坐飞机是去兰州的公安局。”为了节省开支，她细致对比后选择了更为便宜的凌晨航班，舷窗外城市山川的渺小让她第一次如此清晰地感受到自身的微不足道。她最初投身写作，仅仅是源于热爱，也希望能为经济拮据的家庭分担些许压力。然而，当那些无人问津的文字累计点击量达到三十多万次，账户里那四千多元稿费也随之成为了指控她犯罪的冰冷证据时，她感到整个世界仿佛在晴天里瞬间结冰。她曾天真地寄望于文字能够改变命运的轨迹，却没想到：文字的“未来指向的是牢狱”。“此刻只盼法律能看见字里行间那个饿着肚子攒钱的女孩，那个卖头发换钢笔的女孩，那个以为文字能凿开命运墙壁的女孩，给我们所有人一个公正的结果。”一位作者（2025年5月31日转发的当事人帖文片段）在端午节前夕发出的呼吁，字字泣血，道出了许多作者对公平正义的卑微期盼。微博用户，作为一位涉案作者的姐姐，在2025年5月31日用沉痛的笔触记录下整个家庭的煎熬：“又是一个不眠夜，明天端午节了，已经错过3个可以相聚的节日。信息千千万，我依然帮不了你。”她描述自己的妹妹：“上大学期间全靠自己兼职打工养活自己。一辈子把钱看的太重才会让你做错事。”她无法理解这突如其来的灾难：“就这么毁了，一手好牌彻底打烂的感觉。为什么这么残忍呢？在此之前，我们爱国爱家，积极努力的生活，一直对未来满怀憧憬。我们是长在红旗下的孩子呀！这真的对任何人都没有伤害，需要付出这么大的代价吗？”“我是4.1号下午三点出的事，我会永远记得那个日子。”微博用户”在2025年5月29日如此记录下她被警方带走的瞬间。她回忆自己当时穿着睡衣在家中发呆，门被敲响：“在见到他们的那一刻，我的腿是软的，整个人是懵的。因为我打死也没料到自己会有这一天，被过去所写的每一个文字击中，颜面扫地。”另一位作者在2025年5月16日记录了她的“兰州一日游”和随之而来的经济困境。她写道，自己写作一年多总共获利21313元，这个数字被精准地告知。为了筹集可能的罚款，她不得不变卖了平板电脑和游戏账号，身上仅剩三百余元。她感到前所未有的迷茫与无助：“我也不知道自己一直在干什么，封闭了自己几个月”：我今年毕业，我才二十，我那么年轻，又烂掉的太早。她发帖的目的之一是希望得到怜悯和借钱，并表示会提供一切证据，争取主动退赃以减轻判刑。某作者（据其2025年5月30日微博）也用颤抖的文字记录了被带走当天的屈辱与恐惧：“我这辈子都忘不掉，大庭广众下上车，忍着羞耻在陌生人面前脱光验身，套印有字的马甲拍照存档，坐在椅子上怕得直发抖、心脏狂跳。”熄灯之后，隔着一堵薄墙，她清晰地听到父母因发愁而无法入眠、不断叹气的声音，自己只能“咬着枕头不敢发出声音，再度泪流不止”。时间拉回到2024年底，早期在安徽绩溪被捕的海棠作者之一，在经历了近五个月的侦查起诉后，于当年12月获判有期徒刑一年五个月，缓刑两年。她在判决后的自述中写道：“折磨我快五个月的事终于算是暂时有了一个结局。虽说两年后我才算真正自由，但能在外面已经是不幸中的万幸。”“不幸中的万幸”——这五个字，或许是许多身陷这场风暴中的作者们心中最卑微也最沉痛的期望。她们在虚拟的网络世界中用键盘编织着关于爱与欲望的故事，却未曾料到现实世界的规则会以如此冷酷和决绝的方式将她们拽入深渊：流量、金钱、KPI，以及那条在不同地区、不同案件中似乎有着不同解释尺度的“淫秽物品”界线，共同构成了这场捕猎迷局错综复杂的背景。键盘大约还在某些暗角里响着，只是敲下去的字，怕是少了些原先的胆气。屠刀悬在头顶，那远洋捕来的鱼，还在网里扑腾。先前以为是桃花源，如今看来，不过是待割的韭菜地罢了。那些年轻的魂灵，一个个鲜活的，就这么被拖进了泥沼。她们的哭声，她们的辩解，在铁屋子里，又能激起几点回响？难道她们的命运，她们的故事，她们那点不值一提的文学梦，就合该被碾作尘土，然后由看客们踏上一脚，说一声活该？不，她们是病症的显现。这病，病在何为脏，何为钱，何为界，都成了一笔糊涂账，任人揉捏。说你脏，你便脏了，辩也无用；说你捞钱，便是给网站来了点击率也算你的功劳；说要管你，哪怕你在天边，也能把你揪回来。这究竟是法，还是某些人的家法？倘若连这点墨水点成的悲欢，也要被如此生吞活剥，那么，沉默的大多数，又能指望什么青天？莫非真要等到看客也成了剧中人的那一天，才想起今日的麻木么？这风波，怕不只是一群女大学生的悲剧。这后面，是更深更冷的寒意。若不直面这寒意，驱散这寒意，那么，这样的故事，恐怕还要换着名目，在这片土地上，继续演下去。#海棠作者#,//////////////……//,0,0,0, , ,司法,中性
转发,2025-06-02 07:52:39,一个人出门太危险带上这个吧！ ??,好的，我带上保镖,0,0,0, ,,其他,中性
转发,2025-06-02 07:53:18,线条小狗具象化了[哇] ??,是你的线条小狗啊,5,0,0, , ,其他,中性
转发,2025-06-02 07:54:41,#海棠作者#这边建议先把强奸幼女死刑立即执行了，再把偷拍上传女性视频的关十年，最后把嫖虫处罚信息公示，让任何女性可以在公开网站输入姓名身份证号就能搜到有无嫖娼记录，再来管写男男凰文的。 ??,转发微博,0,0,0, , ,公安，政务,中性
转发,2025-06-02 08:48:49,找律师找律师！第一时间找律师！！！！！找你本地大所的，最好是有五大政法和本地985211知名高校法学院学习背景的中年刑诉女律师！ 帮我把这条扩出去啊！律师才是专业的，律师会给当事人最专业的意见啊！ ??,这帮人找的就是社会经验为0的小姑娘////[赞]//，一定要在第一时间找律师，不要慌，不要怕！无论涉诉涉讼，在派出所的时候律师就可以介入了！别在网上听人白话！第一时间去找律师！电话一挂就找律师，实在来不及了立刻写委托书让靠谱的亲朋帮你找律师！在律师来之前你有权利不说话，不管刑事还是民事,0,0,0, , ,司法,愤怒
转发,2025-06-02 09:49:33,1.和亲友面基开房约定不写完稿件谁也不能出门，突然警察破门而入，我连忙盖上电脑对警察说：“是嫖娼！我们在嫖娼！”警察放心地一笑：“那就好办了，你们只要拘留2天就走吧。”2.一个英国人，一个法国人，一个中国人在一起聊天英国人：最幸福的事情就是冬天晚上回家，穿着羊毛裤坐在壁炉前面看书。法国人：你们英国人就是古板，最幸福的事情是和一个金发女郎一起看爱情小说。中国人：最幸福的事情就是半夜看小说的时候有人敲门，开门后说：张三，你被捕了。而我说：你弄错了，张三住在隔壁。3.一位博主在网上抱怨道：“这种警察真差劲儿！！！！！”马上遭到屏蔽。博主申诉说：“我根本没讲是哪国的警察，你怎么可以随便屏蔽我呢？”“你少骗人，”审核员咆哮道，“我在这里工作二十多年了，哪里的警察差劲我不会知道吗？”4.兰州警察完成业绩后，将在乡下的老母亲接到了自己新买的别墅，老太太惊讶地问这是怎么来的，兰州警察说这很简单，并得意洋洋地介绍了一番办案过程，如何选人，如何逮捕，如何审问，如何罚款，介绍完了后，他问老太太这一切如何，老太太说：“儿子啊，这一切都很好，但是，警察来了你怎么办？”5.一个美国人和一个中国人打赌。美国人：“我敢在白宫门口写特朗普和马斯克的黄文，你敢吗？”中国人：“有什么不敢的？”于是她飞到白宫门口写起特朗普的黄文。6.监狱里，几个囚犯在比刑期。“我猥亵儿童，半年。”“我故意杀人，三年。”“我什么都没对别人干。”其他人恭敬道：“那您一定是最久的了！”7.李梅有四个女儿。第一个女儿：经济学学位。第二个女儿：工商管理硕士。第三个女儿：哲学博士。第四个女儿：写黄文进监狱。邻居：“你为什么不把第四个女儿赶出家门呢？”李梅：“”她是家里唯一赚钱的人，其他的都失业了。”8.两个警察在聊天。“我们的工作到底是为了扫黄还是为了赚钱？”“我也说不清楚，但肯定不是扫黄。”“为什么？”“如果为了扫黄，我们应该在地铁上抓男人。”9.一名女子发现酒店镜子被安装了摄像头，急忙报警。警察熟视无睹，谈笑风生，让她不要浪费警力。女子急中生智，高呼这面镜子正在写小黄文。警察大惊，并立刻赶到。10.警员拿到淫秽色情新线索向上级汇报。“里面有美女吗？”“没有。”“作者本人是美女吗？”“不是。”“那还愣着干什么，抓啊。”,什么都没对别人干//,0,0,0, , ,政务,中性
转发,2025-06-02 14:06:19,#海棠作者# 事实证明，关注本身就是一种力量。目前接受委托的律师们下周会陆续与办案机关对接，我也会持续更新个案法律问题及进展。 ??,是的，关注就是力量////////////////////////……,1,0,0, ,薛红玲-lawyer 25-6-111:07来自Xiaomi13Ultra已编辑发布于山东【帮扩】关于为#海棠作者#提供法律援助的声明近期，我们注意到「兰州远洋捕捞海棠作者」事件引发公众关注，部分作者面临刑事追诉，且多为年轻、贫困的弱势群体。面对强大的公权力，她们毫无招架之力，有的被取消研究生资格，有的被赶出学校，有些作者甚至出现了自毁倾向，令人痛心。在此背景下，我们部分关心此事件的刑事辩护律师自愿组成法律援助团队(多执业于北京、上海等地），秉持法律人的专业精神与社会责任，决定为符合法律援助条件的涉案作者及其家属提供力所能及的法律支持。我们的援助内容包括(但不限于）：1.法律咨询：为涉案人员及其家属提供案件相关的法律问题解答。2.程序指引：解释刑事诉讼流程、当事人权利义务等。3.刑事辩护（如符合条件）：在遵守法律法规及律师执业规范的前提下，为符合法律援助条件或委托条件的当事人提供辩护代理服务。法律援助专用微信及电话：***********我们将在收到信息的24小时内与符合条件的求助者取得联系，评估具体需求。#关注社会热点事件##女性成长需要社会关注##刑事辩护律师#,司法, 
转发,2025-06-02 14:09:20,憋心里好久了 我已经被叫过去四回了 我是去年12月份注册 就充过一次 没写过只是看 做了好几次笔录 反反复复问我重复的问题 口口声声说看这些没事 是正常的 做完笔录的时候又说 你为啥要看这些啊 第二次叫我过去的时候 直接打电话给我们学校保卫科 闹得学校老师都知道了 那天班主任辅导员轮番给我打电话问我到底怎么了 他们又不让我对外说 那天把?开进学校带我过去的 还要我老师陪同去 去了又说涉及我隐私 不让我老师进去 让他在外面等 后面又让我老师走 换了地方问话 我都不知道我那一天是咋过的#兰州远洋捕捞#,打电话//。尤其还是胆敢搞黄的小女生，对它们来说那就是押荡妇游街，可把它们爽到了。12389警务监督电话可以打起来了。,0,0,0, , ,教育，公安,愤怒
转发,2025-06-02 14:32:00,【不到20岁，不到200元】有一些大V的声音：海棠作者不要靠近我们这些律师，避免舆论，把嘴闭紧，老实认罪认罚是上道。请问你连认罪认罚是什么意思能解释得清吗？不采纳就是律师教唆嫌疑人对抗？你理解的都是字面意思？认罪认罚，全称为认罪认罚从宽制度。在检察院审查起诉阶段，若犯罪嫌疑人认罪认罚，人民检察院会提出量刑建议。当嫌疑人签署认罪认罚具结书后，即表示认可自己的罪名、刑期量刑幅度，对证据和口供也无异议。不签认罪认罚并不会直接导致刑期加重????如果律师发现当事人原本可能面临的刑期比检察院提出的量刑建议还要短，那么律师可能会建议当事人不签署认罪认罚。因为一旦签署，就意味着放弃了后续在法庭上争取更轻刑罚的权利??????ok，啥也不找，啥也不问，眼睁睁看着收益不到200元，是200，不是两千，不是两万，还根本到不了提现的程度，判实刑or缓刑，直接认罪认罚？留个案底？不到20岁。是我自己亲身接触的，也看到了白纸黑字的xx决定书，日期就在端午节前两天，很新鲜。跟那些说风凉话站着不腰疼的完全不是同一个感受。如果是你自己的家人，你也让她就此认罪认罚？评论问我点击量是否过高，点击量2w左右。#不到20岁，不到200元#,//，浅则揭，图穷匕见了就不能认罪了//，指指点点的都是些什么玩意儿,0,0,0, , ,司法，公安,愤怒
转发,2025-06-02 14:43:47,甘肃就是因为太穷了才在近几年的登味批判中免于被审判，其实甘肃的登味完全不亚于沙东广东，相对沙东的老儒登味和广东的阴湿登味，甘肃的登味是一股干燥的粪臭，几乎国内社会有的问题比如阶级固化，体制内外种姓化，行政一坨屎，一点屁事都要跑无数回等等甘肃都有，甘肃的朋友看到会明白我在讲什么。 ??,转发微博,0,0,0, , ,公安，政务,愤怒
转发,2025-06-02 14:48:55,汪海林说，春节档电影和几个tz人聊，说某个（）造成了行业负面影响? ??,“不说也知道他是谁”的这样一个人,1,0,0, , ,其他,中性
转发,2025-06-02 15:00:39,受人所托转发一个可能对滞留兰州的小作者们有用的救助信息（非法律援助）：如果有人滞留兰州 急需住宿 饮食 就医等方面的帮助 可以联系兰州本地小辰老师（非法律援助）联系QQ: 1919702701 邮箱: rainwasterland 艾特 gmail.com （最安全） ???,////// :扩// :// :// :// :转发微博,9,0,0, , ,司法,中性
转发,2025-06-02 15:39:23,天一、曾鹏宇、云间，分别被判10年、8个月、4年，这还不能说明什么吗？一样的罪名，天一获利最少，判得最重，连校对都进去4年，我不管她是不是当庭顶撞还是什么，这是能让她多判几年的理由吗？曾鹏宇和ht不一样，他是被家长举报的，判得最轻。云间赔了几百万还要蹲四年，没人觉得这个量刑太迷幻了吗？你能找到一点规律吗？可操作空间就那么大吗？ ???,转发微博,0,0,0, , ,公安,惊奇
转发,2025-06-02 16:15:18,“人，猫猫在等你哦”[憧憬] ??,我来啦么么哒,1,0,0, ,,其他,喜悦
转发,2025-06-02 17:49:15,有没有没看过黄文、AV、黄漫，甚至任何色情文艺作品的道德楷模？请让我膜拜一下? ??,喝////，那就是又变态、又可悲了//，是因为他小时候啥都没看过吗？//，说好多是同性恋相关，正常年轻人谁看这么变态的内容。我问他小时候难度完全没看过《喜宴》《霸王别姬》《春光乍泄》，他说没看过，反问我你小时候看这么变态的东西，你居然还好意思公开说？ 我没词了……[笑cry],0,0,0, , ,娱乐,中性
转发,2025-06-02 18:45:15,陈碧、赵宏、仝宗锦老师等也来援助了。 ??,////////////，真的感动 //[作揖],2,0,0, , ,司法,喜悦
转发,2025-06-02 19:34:34,#女童回家被陌生男子拖进小巷#拖小女孩进小巷才寻衅滋事15天 这不能判个拐卖、猥亵、强奸……未遂吗？ ??,转发微博,1,0,0, ,16:4210热女童回家被…热搜TOP11北京时间十关注BRTV 北京时置顶25-6-212:10北京广播电视台“【#女童回家被陌生男子拖进小巷#危急时刻楼上好心大叔制止报警】#好心大叔制止陌生男子拖行女童#近日，湖南娄底。赵女士称，6岁的女儿放学途中，被一陌生男子拉入巷子中。危机时刻楼上好心大叔冲下来制止并报警。目前，该男子已被拘留，自称当时喝了酒。北京时间的微博视频女童回家被陌生男子拖进小巷危急时刻楼上好心大叔制止报警家长：男子被拘留15天5年05其1:30时间视频孩子妈妈赵女士以寻衅滋事拘留15天RTV 北京时间+关注转发日评论5赞16:42推荐时间神视频号时间X 女童回家被陌生男子拖进小危急时刻楼上好心大叔制止家长：男子被拘留15天期:10孩子妈妈赵女士2.2万小孩子在放学回家的途中1123BRTV 北京时间十关注北京时北京广播电视台“北京时间·655【#女童回家被陌生男子拖进小巷#危急时刻楼上好心大叔制止报警】..口31万展开Q大家都在搜·好心大叔制止陌生男子拖行女童友善评论，文明发言,公安，政务,愤怒
转发,2025-06-02 19:56:12,【求扩散】海棠作者们看过来，【中国政法大学】的教授仝宗锦、陈碧、【北京大学】教授赵宏，以及中国社会科学院法律硕士、专业律师金宏伟愿意为此次被捕捞的作者和家属们提供【法律援助】，想要得到帮助的作者们可以联系这些老师。联系方式：*********** ?,//////，帮扩,1,0,0, ,关于为“海棠作者”提供法律援助.关于为“海棠作者”提供法律援助的声明法律门前2025年06月02日14:51北京编者荐语：现在这些案件定罪量刑的标准是20多年前的，界定淫秽标准的法律文件更是80年代开始的。几十年来，图片、影像、直播、Ai等等新鲜事物层出不穷，而我们还在用老早的苛刻标准来严惩一些写字的。的确是到了该改一改的时候了。以下文章来源于念兹集，作者金宏伟念兹集公号里写写工作中遇到的问题或感想..近期从各渠道了解到“海棠作者案”。鉴于该案所涉案情关乎淫秽物品与言论自由的边界问题，以及轻罪前科所潜在的社会效果问题，经与好友协商，我们决定为涉案嫌疑人提供法律援助。初步确定有援助意向的朋友包括金宏伟（我本人）、仝宗锦、陈碧、赵宏。此外，结合咨询量的具体情况，不排除后续再增加其他朋友。其中，基于2024年发生的“天一案”，陈碧老师写过《国陈碧：我看天一案》。赵宏老师写过《赵宏：写作色情小说究竟属于什么自由》。各位可借上述文章了解我们几个人的思考方向。更多文章可参考陈、赵两位老师的著作：权力的边界赵宏罗翔作序生活中的行政法法律随笔集2元券随笔集包邮购买27.5拼多多正义的回响（罗翔作序盛赞！正义不在法条中，而在每一购买42.8我们的援助方式为：为涉案人员及其家属提供与案件相关的法律咨询；为符合法律援助条件的当事人提供辩护；为已承接该案的律师同行提供法律意见。（联系方式：,司法，政务,中性
转发,2025-06-02 19:57:03,天庭今年绩效不行了，便想着降妖除魔，重振仙威。一说到降妖除魔，其实就是要去花果山里随便捉几只吃桃撒欢的小猴来充数。这小猴最好捉，一网一网地捉来，连哭的声音都很小。真正的大妖怪捉来太麻烦太慢，还可能得罪走了关系的神仙，性价比是很低的。至于小猴们犯了什么罪？天条规定，桃乃禁果，山精野怪不得擅食。有人就奇怪，猴子吃桃天经地义，到底碍着谁了？或是天庭思维陈旧，视桃这类享乐之物为洪水猛兽；或是这禁吃桃的律例，只是为了年景不济时好抓猴……猜测种种，不得而知。,今天你是猴子，明天我也是猴子,0,0,0, , ,其他,中性
转发,2025-06-03 08:41:15,狗狗捡了只小猫 睡觉都黏在一起 ??,我知道你们喜欢代,0,0,0, ,,其他,惊奇
转发,2025-06-03 09:14:27,监控真的能发现很多好玩的东西，比如王v这个表情 ??,1各=2.5巍////,0,0,0, ,,其他,中性
转发,2025-06-03 11:40:27,我是奶牛猫，我不同意上班 ??,我同意奶牛猫的意见,0,0,0, ,nullnullnullnull,其他,愤怒
转发,2025-06-03 12:48:43,【1861美国内战士兵在日记里画下了他的猫??】日记内容：弗吉尼亚（出生于塞切希亚）（猫的名字）1861年10月14日附这是我的猫的肖像。我让她在军队里呆了四个月。她不怕马，不怕枪，也不怕任何噪音。曾经和我一起站在纠察队里，经常把自己埋在我的胳膊里睡觉。我让一个生病的士兵送她回家。 Virginia (born in Seceshia)Became attached October 14， 1861Portrait of my cat. I had her four months in the army. She was not afraid of horses， guns or any noise. Used to be with me on picket and regularly buried herself to sleep inside my arm. I sent her home by a sick soldier.,再活个20年就可以给猫孙子讲故事了//,0,0,0, ,Virgimiabo wceleokid 6nnlhailtay lmusl h e wian on hiohly Noaeoly,文化,中性
转发,2025-06-03 16:02:46,谁家小猫猫这么睡觉啊[爱慕] ??,可爱//[awsl],0,0,0, , ,时尚,喜悦
转发,2025-06-03 16:10:38,一想到写个黄文研究生资格被取消 广美男本科生女厕偷拍被抓了个现行还能顺利升读本校研我就想笑 ??,他们太知道女人不敢闹，而怕男人闹//////////////////////////（凭什么）//////////// :// :转发微博,0,0,0, , ,其他,愤怒
转发,2025-06-03 18:09:40,好震撼的河北夜市… 这是真银河护胃队[作揖]#遇见春天##春日放个疯# ??,发消息给五郎叔//////： //,0,0,0, ,玉进去转了一圈出来后2天前·河北回复16.7万雾眠这条街饿死过人嘛2天前·山东回复1.8万动画简简进去一只蚂蚁，出来一只大象昨天11:49·重庆回复1.5万,其他,喜悦
转发,2025-06-03 18:34:01,懂一點玄學的人都知道人是最忌走早运的，比較理想的是走中運，走晚運也是不錯的。人類當中有極少數的一部分一輩子都是運很好的，但這種人是極極極極少數，不要以為自己會是那個exception噢。 ??,人的运气和实力相匹配的时候就是最好的安排，但是苦是一定会有的，早吃苦早倒霉可能后面日子好过一些，反正吃苦倒霉这堂课不会缺席，有运气总好过一辈子苦闷平庸//，看那些中学时期的风云人物已经泯然众人了，人品好的会觉得，哦那ta这个老本也够后面吃的了，他们好运拿的学历已经够她们一辈子安稳了。倒也没觉得唏嘘，可能透明人间的本人一直就觉得，过于出风头不可能是人的常态吧，大家到头来都是社畜，只是在不同的地方搬砖而已（笑,0,0,0, , ,其他,喜悦
转发,2025-06-03 21:52:15,就刚才。坐网约车，司机回头问我：我抽根儿烟您不介意吧？换是你，你怎么回答？ ??,我会说不介意，到点反手投诉全部差评，这种人我知道的，老油条了//，如果您抽烟那我现在取消订单，您不介意吧？//。,0,0,0, , ,其他,愤怒
转发,2025-06-03 21:53:07,寒山寺猫咪吵架事件?猫咪吵架的好笑程度：100%回头一看下面全是看热闹的人的好笑程度：10000% ??,寒山喵拾得喵//////////,0,0,0, ,,其他,喜悦
转发,2025-06-03 22:15:06,商战都打到谐音梗的程度了 ??,哈哈哈哈哈莫名其妙得到商务的三线明星（我喜欢黄0的////////。。。////。。,0,0,0, ,饿了么|饿补超百亿618美团美团外卖美团上饿了么搜18.8黄的更灵必赢18.8M %Peets P MANNER BlueWin Win 蓝盈莹美团外黄龄YellowZeo 的一定（赢放心点准时达美团B 每日大咖饿了么18.8Q 且体活动规则详见美团/美团外卖App,其他,喜悦
转发,2025-06-03 22:19:46,见过有指责贫困女生不应该走捷径当主播的，这次也有指责海棠作者不走正路写黄文的，但这些人从没有替她们说一句谁都不应该这么贫穷，这不仅是人性隔阂也是基本政治素养缺失。 ??,有些人就希望她们不得不卖淫，然后他们表示同情和批判,0,0,0, , ,公安,愤怒
转发,2025-06-04 07:50:31,#马斯克猛烈抨击特朗普力推法案#当地时间6月3日，上周末刚刚正式离开美国政府效率部、与特朗普政府官宣“分手”的美国企业家马斯克在社交媒体连发两则帖文，猛烈抨击特朗普力推的所谓“美丽大法案”，称这一法案“充斥着巨额荒谬的‘猪肉支出’（注：指议员为选区谋利的专项拨款），令人作呕，将进一步推高庞大的美国联邦预算赤字，让美国民众背负压垮性的巨额债务。”#白宫称特朗普坚决支持美丽大法案#对此，白宫新闻秘书莱维特当天回应称，马斯克的批评“不会改变”特朗普对这一法案的支持，这一法案依旧“大而美”。 “美丽大法案”、也就是大规模税收与支出法案此前已在美国国会众议院获得通过，将提交到参议院进行审议。批评人士警告称，该法案实属“劫贫济富”，将重创美国的医疗保健政策，并大幅推高联邦债务。,//,1,0,0, ,CMG onMusk 马斯克社交媒林发帖Subscribe 我很抱歉，但我实在忍无可忍了。这份充斥着巨额荒谬“猪肉支出“的国会拨款法案简直令人作呕【注：敬贷为选区援利的专拨发）】那些投赞成票的人应该感到羞耻：你们明知故犯。你们心知肚明。1:31PM·Jn322.7MVi,政务,中性
转发,2025-06-04 07:54:18,座位：我们意念合一#祝福高考# ??,好运连连//,0,0,0, ,你碰到过的最巧的事是什么？庭院深深深几许十关注4.2万人赞同了该回答听内容高考时候全市混在一起分考场，我坐在了自己班自己座位上.,其他,喜悦
转发,2025-06-04 08:35:22,原来是骨科怪不得这么好吃 ??,不怪我小时候分不清potato和tomato////，昨天刚刷到说土豆会长果子，然后一群人看了说是番茄，但那颗确实是土豆，这俩真近亲//////////////？,0,0,0, ,19:066月6日周四84%X 生物薯条篇听说，薯条和番茄酱是亲戚？是的，因为土豆和番茄是同一科同一属的都属于茄科茄属，有亲缘关系麦当劳社交媒体部编撰滑复习麦当劳凸0,其他,惊奇
转发,2025-06-04 08:54:17,关于海棠文学城作者被刑事追诉的事情，由于现有我所知的信息基本都来自于自媒体，再加上我没有看过耽美小说，不清楚海棠作者们的作品能否认定为刑法上的淫秽物品，所以无法对这些作者究竟是否构成传播淫秽物品犯罪发表意见。不过，对于此类案件的司法处理，确实有一些值得注意的问题。1. 在判断是否构成刑法中的淫秽物品时，色情方面的描写如果是放在文学作品中，需要做整体性的判断，考虑其文学性与艺术性的有无及程度，不能局部地片面地判断，这样容易产生误伤。不同作者的作品要做具体的判断，因为在是否有文学艺术价值的问题上，情况可能并不相同。2. 淫秽物品的认定与是否情节严重的判断，相应标准需要根据时代的发展做出适当的调整。淫秽物品的认定标准，必须考虑社会民众性观念的变化。在性观念相对较之前开放的今天，对于淫秽物品的认定，显然应该采取更为严格的标准。与此同时，现有的刑事追诉立案标准是2004年与2008年出台的，当时互联网还不是很发达，所以对于情节严重的标准定得比较低。比如，向他人传播淫秽物品达200至500人次以上的，获利5000至1万元以上的，以牟利为目的通过声讯台传播淫秽语音信息向100人次以上传播的，实际点击数达到1万次以上等情形，都达到了刑事追诉的标准。这样的追诉标准，在二十年前比较合适，到现在可能就显得标准过低，导致动辄构成犯罪。3. 即便将有些耽美小说认定为淫秽物品，与载体为视频、音频与图片的淫秽物品相比，以文字呈现的淫秽物品在危害性程度上明显要低一些。此外，也要考察网站上的作品内容是否对一般公众公开，在设立账号时是否有对年龄的限制等问题，以判断是否构成“传播”，是否冒犯到不愿意看到相应内容的公众，以及是否易于被未成年人看到而对其产生不良的影响。4. 要避免机械性的执法与司法，简单套用现有司法解释与追诉标准来办理此类案件。考虑到不少作者是在校学生，并无违法犯罪前科，从刑事政策与社会效果的角度来说，对其追究刑事责任要尽量慎重。能不追究刑事责任的，尽量不要加以追究。如果相关作者确实涉嫌违法，不是必须作为犯罪处理的，改为采用行政处罚或一般训诫就可以。从社会治理的角度来说，不能一方面将根本不需要追究刑事责任的行为宽泛地纳入犯罪的范围，另一方面又指望在后端通过轻罪封存制度来解决过度犯罪化所造成的问题。5. 要确保执法与司法标准的统一。海棠文学城的相关案件引发舆论争议与关注的地方在于，安徽绩溪警方与甘肃兰州警方采取了不同的定罪标准，后者对前者认为无需作为犯罪来处理的行为都按犯罪来进行追究。这样的做法不仅会让人们无所适从，也有损执法与司法的严肃性。6. 现有刑事立法与司法在价值取向上有反思的余地与调整的空间。总地来说，刑法上将秩序性的法益放在优先保护的位置，对个人的权益则显得保护不足；同时，人身权益与财产权益相比，刑法往往更加注重对财产权益的保护，而轻视对人身权益的保障。就涉性的违法犯罪行为而言，我国刑法明显更为重视对社会风化与性道德的保护，而忽视对侵害特定个体权益行为的刑法打击。,////,0,0,0, , ,司法，公安，政务,中性
转发,2025-06-04 08:55:22,【#5万起一张的火车票一票难求#】 #5万起售的列车票7成被入境旅客买走# 最近，Y444次“熊猫专列·成都号”从四川成都安靖站发车，前往新疆喀什站，满载着109位中外游客，开启为期16天的“全景南北疆极致之旅”。“熊猫专列·成都号”于2024年12月开启全球预售，票价5万元起，将漫游全疆8000公里。截至目前，5月至10月的“熊猫专列·成都号”新疆线产品已全部售罄。值得关注的是，已经售出的车票，70%被入境游客买走。最近几年，主打长线旅游的高端列车市场火热，一票难求，特别是我国对多国推出免签政策以来，这类列车更是吸引了不少入境游客。中国旅游研究院研究员黄璜表示，市场调研发现，由于高端旅游列车旅游产品行程通常较长，售价也不菲，因此对乘客的假期和经济能力有一定要求。有业内人士坦言，目前市场上旅游专列的乘客群体主要是中老年人，这是市场选择的结果，而非运营方特意选择。客户群体通常不受上班时间限制，而旅游专列的行程安排是依据火车的班期来确定的，每一趟列车都会按照既定的时间表出发和到达。,适合拍波罗的东方快车////，还出口了。真不错。//,0,0,0, , ,娱乐，旅游,中性
转发,2025-06-04 09:08:31,新华社好像把川帝的新政翻译为“美丽大法案”（Big Beautiful Bill），理论上这就是这个法案的标准中文译名了。虽然已经很努力标准严肃了但是确实还是透着一股老铁味。能想象有一种老知识分子对着短视频叹气的感觉…… 但我同时也要指出，截至目前为止美国发生的绝大多数事情，大概50年前在东方的一片热土上都尝试过。包括这件事，每件事我甚至都能找到大概的对应（除了川帝）……我们挺过来了，不知道美国人民得受多大折腾。,3b法，撒比法，大撒比//《大美法》《美大法》//,0,0,0, , ,其他,中性
转发,2025-06-04 10:15:08,“ ctrl +c复制，ctrl+v粘贴”[憧憬],啊啊啊面崽猫和哥哥,0,0,0, , ,其他,中性
转发,2025-06-04 10:55:04,我现在理解了我年轻时候遇见的老独身主义者为什么掐算“我那个孩子要是活下来就这么大了”，只是一种纪年方式，没有想要孩子的意思。我现在也开始掐算了。 ??,还有就是，你们不要以为我们以前是尼姑和尚//信息让对方闭嘴…,4,0,0, , ,其他,愤怒
转发,2025-06-04 10:56:16,【安徽师大#因猥亵被处分男教师又到保卫处任职# 校方：给他留了一口饭吃】6月3日，安徽芜湖多名网友向 反映，已被处分的安徽师大男教师又到保卫处任职。据安徽师大纪发（2019）1号，教师朱某某对个别女生多次有猥亵、性骚扰行为，决定给予朱某某开除党籍处分，并建议行政上给予相应处分。而在2023年另一份关于保卫工作的文件中，朱某某为安徽师大联系人。学校纪委办公室工作人员回应称朱某某的工作安排已向相关部门报告，目前仅仅是在保卫处做些文字工作。,给流氓一口饭吃的学校是监狱吗////？////？埋个定时炸弹还是哪个领导的亲戚必须要关照？,0,0,0, ,百姓天注资料多名网友向《百姓关注》反映已被处分的安徽师大男教师又到保卫处任职,教育，公安，政务,愤怒
转发,2025-06-04 10:59:32,奶牛猫小队电影级别的站位 ??,什么人家啊,0,0,0, ,,其他,愤怒
转发,2025-06-04 12:50:29,【#李在明发表演讲#】#李在明当选后的目标# 当地时间4日凌晨，韩国共同民主党总统候选人李在明来到国会前，现场发表演讲。李在明表示，正式当选后将尽快努力终结眼前的政治混乱、提振韩国经济，尽快让韩国民众的生活恢复正常。李在明表示将尽快安定半岛局势，同朝鲜展开对话，寻求共赢。演讲的最后，李在明呼吁韩国民众要弥合分歧，携手共进。,是那个翻 墙的？////,0,5,0, ,央视新闻1OIXH,政务,中性
转发,2025-06-04 16:40:03,关于素质教育， 有个有趣的说法： 人除了是要吃要睡的酒囊饭袋，根本上还是一台信息处理机：提高输入信息的精度和宽度，提高输出信息的精度和宽度，提升机器本身的稳定性和效率，运行的结果就更好。 可以说是非常精辟了。 提高输入信息的精度和宽度，我理解是培养观察能力、理解能力和扩大知识面；提高输出信息的精度和宽度，我理解是培养逻辑分析能力、信息整合能力、语言表达能力；提升机器本身的稳定性和效率，我理解是培养情绪控制能力、自律和高效的学习工作方法。 具备这样的素质，当发现自己的理想时，就会有能力去实现。（这段摘出来重发，后续证实方向正确）,都需要训练，训练成习惯，训练成本能//，还得有一条，机器本身的稳定性，最主要是身体素质。////，不过的确像我有些时候说出来的话,0,0,0, , ,其他,中性
转发,2025-06-04 17:20:32,虽然哼哼是vv的小迷弟，但是哼哼最喜欢的哥哥，是yy哟[awsl] ??,忙着应付新弟弟////,0,0,0, ,,其他,中性
转发,2025-06-04 19:13:35,哈尔滨师范大学本科男抱摔女生获刑事责任也没有被取消本科学位 请一视同仁 ??,转发微博,0,0,0, ,请问女生们的学历还可以拿到吗？6-413:06来自上海19按热度披荆斩棘赵律师博正在给一个被取消研究生录取的作者争取跟学校沟通，因为还没有判决结果，现在取消没有道理人6-413:07来自河南251回复：辛苦4-413:20来自江西回复：谢谢6-413:19来自安徽口久心坡荆斩棘赵律师：感谢有女律师就是很好。保护她人的同时，你也要保护好自己。6-413:19来白湖南6-413:19来启周末双休不犯法,教育，公安，司法,中性
转发,2025-06-05 08:11:41,生活：散步时遭遇黑熊袭击，勇敢狗狗救主人一命。5月29日，新潟县五泉市永谷寺的住持带着狗狗去熊泽的登山道散步，没想到山路边突然出现一只黑熊，等他反应过来时熊已经扑了上来。住持称平时就在锻炼身体，一身肌肉，但面对黑熊却感到非常无力。虽然奋力抵抗，还是被熊扑倒，不仅肩膀关节脱臼，韧带也受了伤。就在这千钧一发的危急时刻，一起散步的爱犬Chico开始冲着黑熊狂吼，即使体型相差巨大也毫不退缩，最终黑熊被气势汹汹的Chico吓退。不过故事到这里还没有结束，Chico吓退黑熊后并没有就这么算了，继续对逃跑的黑熊穷追不舍，一直追进山里不见了踪影。住持下山后，虽然受了伤，但还是决定开车去找Chico。就在找了约30分钟后，电话铃响了，接起后妻子在电话中哭着说“Chico自己回来了！”，一听这话住持也忍不住流下了眼泪。到家后只见Chico一脸自豪，兴高采烈地迎接他的到来，仿佛在说“我厉害吧！”“这次全靠我吧！”。Chico今年才1岁，是一只小猎犬，原本养在别人家中，但因为叫声太大，被前主人退回了犬舍，在寻找新家时成为了住持家的一员。原本因为叫声吵被“逐出家门”，如今却救了主人一命。,比格真厉害////,3,0,0, ,立向爱犬勇敢饲主「命恩“犬”命の恩“”立向爱犬勇敢饲主「命恩“”」立向爱犬勇敢南黑阿淼陀如来饲主「命の恩“犬”」勇敢立向爱犬饲主「命の恩“犬”」悔切K非力无力感心勇敢立向爱犬饲主「命の恩“犬”」吉原东玄永谷寺住职痛痛痛我慢悦角立向爱犬勇敢饲主「命の恩“犬”」口别の家庭饲「鸣声一立向爱犬勇敢饲主「命恩“”」命の恩“犬”,公安,喜悦
转发,2025-06-05 08:28:56,?下雨天 小伞底下长小猫 ??,咪：谢谢姐姐,0,0,0, ,,其他,喜悦
转发,2025-06-05 08:40:08,刚看了条消息，说全中国一共27个二级财政城市，只需要上交国家不需要上交省里，其中有13个是江苏的。然后江苏一共只有13个城市。啊？[允悲][允悲][允悲][允悲] ??,普通人的日子并没有很好过////？只能管县级市、直辖县和副地级市吗//，江苏全部上榜了。也就是说江苏省内选出三个倒数的贫困县，放全国是百强县[二哈]//……//[允悲][允悲][允悲]//[笑cry]//，就是我们十三太保( ?° ?? ?°)//，我还是太天真了[笑cry],0,0,0, ,我国27个二级财政城市分布一览二级财政城市：只需上缴中央，无需上缴省4大直辖市+5大计划单列市+杭州市+武汉市+郑州市+济南市+沈阳市+江苏省十三太保城市三级财政城市：其他省会首府城市需要上缴省沈阳北京大连天津济南青岛郑州江苏十三太保武汉上海重庆杭州宁波厦门深圳,娱乐，公安,惊奇
转发,2025-06-05 15:43:05,我想知道这个判了多少年，或者说，这个有人抓吗[可爱]#海棠作者##海棠作者被抓##宪法伴我们成长# ??,////////[微笑][微笑][微笑]//////////////[微笑]//，90多名涉案人，绝大多数安然无恙??,1,0,0, ,10:54淘一支145Q21微博养小白菜搜索首页时尚圈+订阅这是一群恋童癖，对16岁以下女孩的统称。前不久，微博网友「小白菜」的群组。组员50000人，聊天记录不堪入目。他们就像一群躲在暗处伺机而动的变态，在群里用下流的语句，想方设法地「挖白菜」：和小女孩网恋、逼小女孩拍裸照、约她们线下开房。Back 小白菜9Members Media Files Music Voice Links G March2022首页打开APP 抢首评分享见解登录,生活，公安，政务,中性
转发,2025-06-05 17:41:44,“屁股咪”[憧憬] ??,送我,0,0,0, ,,其他,中性
转发,2025-06-05 20:40:03,“不要扒拉人家小手手！！” ??,摸摸 的小手手,0,2,0, ,,其他,愤怒
转发,2025-06-05 20:47:36,说起兰州，我之前发过一个关于甘肃的案件。一个废死派玩弄法律的典型案例，可惜被夹了。重新说一下这起甘肃省少女被掏肠惨案。这是一起发生在甘肃省张掖市恶性案件。犯罪嫌犯人乔建国作案手法非常恶劣，他在受害者A还活着的时候用手从阴道里经过腹腔将受害者A的大肠肠小肠一并扯出，扯出后又将小肠缠绕在女生的脖子上，随后看着受害者A慢慢死去。案件中，乔建国杀害了受害者A，并对其进行了掏肠等残忍行为。没过多久，乔建国又以同样的手法残忍的伤害了另一名受害者B。受害者B虽然幸存，但身体也遭受了严重伤害。2004年10月8日，甘州区人民检察院依法以涉嫌故意杀人罪对乔建国批准逮捕。2005年1月6日，犯罪嫌疑人乔建国一审被张掖市中级人民法院判处死刑。乔建国不服向甘肃省高级人民法院提起上诉。甘肃省高级人民法院审理后认为犯罪嫌疑人乔建国故意杀人、故意伤害犯罪事实不清，证据不足，撤销一审判决，发回张掖市中级人民法院重新审理。11个月后，张掖市中级人民法院再一次作出重审宣判，继续判处死刑。宣判后，嫌疑人再次向甘肃省高级人民法院提起上诉。终于在2007年1月17日甘肃省高级人民法院日前对张掖少女被掏肠惨案作出终审判决。1、撤销一审对乔建国故意杀人罪的量刑部分，乔建国犯故意杀人罪，判处死刑，缓期二年执行，剥夺政治权利终身。2、原判乔建国犯抢劫罪、强奸罪(未遂)、故意伤害罪数罪并罚，决定执行死刑，缓期二年执行，剥夺政治权利终身，并处罚金2000元。因为当时法院审理认为乔建国归案后如实供述了司法机关尚未掌握的强奸、故意伤害等犯罪事实，属自首，所以死刑犯不用死了。（图一）甚至在之后的时间里还在不断减刑。2009年5月20日，甘肃省高级人民法院将罪犯乔建国的刑罚减为无期徒刑。2011年12月18日，甘肃省高级人民法院将罪犯乔建国的刑罚减为有期徒刑十八年六个月。2014年5月20日，被减去有期徒刑一年。2018年6月20日，罪犯乔建国再次被减去有期徒刑三个月，刑期自2011年12月18日起至2029年3月17日止。死刑改死缓，死缓改有期，有期再减刑。这下真是地狱空荡荡，魔鬼在人间了。案件判罚详细请看图二。,////////////，网上就造谣说是因为她认罪态度不好。我就不相信，难道社会上这些杀人犯，强奸犯认罪态度都很好？？//，他被抓住后还不承认来着[二哈]//，其中一个没被杀死，但是他自首了呀。好讽刺哦…,1,0,0, ,"甘肃“少女遭掏肠案“终审凶手由死刑改判死缓央视国际www.ctv.com 2007年01月17日16:06来源：兰州晨报消息：甘肃省高院近日对张掖“少女被掏肠惨案”作出终审判决，凶手乔建国因犯故意杀人罪被判处死刑，缓期两年执行，剥夺政治权利终身。关004年8月12日晚11时、9月20日凌晨，张掖市甘州区连发两起少女掏肠惨案。19岁的少女琳子（化名）和17岁的少女小花（化名），先后被“恶魔”以极其残忍的手段从下身将肠子掏出体外，琳子当场死亡。小花虽经及时抢救挽回了性命，但其身心遭受极大摧残。案发后，办案人员经过近50天的侦查摸排，于2004年9月29日将“掏肠”恶魔乔建国缉拿归案。乔建国归案后，因其在侦查阶段和审判阶段所做的有罪供述不一致，致使审判工作拖延了两年。2005年1月17日，张掖市中级人民法院对乔建国进行公开宣判，以杀人罪判处乔建国死刑；以抢劫罪判处乔建国有期徒刑5年，并处罚金2000元；以强奸罪判处乔建国有期徒刑5年；以故意伤害罪判处乔建国有期徒刑3年。数罪并罚，法庭决定对乔建国判处死刑，剥夺政治权利终身，并处罚金2000元。一审宣判后，乔建国提起上诉。甘肃省高院审理复核后，以一审判决认定的部分事实不清、证据不足为由，发回重审。张掖中院另行组成合议庭，对该案重新开庭审理后再次作出判决：被告人乔建国犯故意杀人罪、抢劫罪、强奸罪（未遂）、故意伤害罪，决定对其执行死刑，剥夺政治权利终身，并处罚金2000元；同时判决乔建国赔偿附带民事诉讼原告人各项经济损失共计9万余元。重审一审宣判后，乔建国再次提出上诉，不但否认了部分供述，还称自己有自首情节，应予从轻处罚。甘肃省高院审理后认为，乔建国归案后，如实供述了司法机关尚未掌握的强奸、故意伤害等犯罪事实，属自首。乔建国犯罪手段极其凶残，犯罪情节极为恶劣，罪行极其严重，社会危害极大，论罪应当判处死刑，""但根据本案的具体事实情况，还不是必须立即执行的。”据悉，之所以“不是必须立即执行的”，是由于此案中关于掏肠杀人的事实，只有乔建国在侦查阶段的供述，却没有直接证据指证，而乔又在上诉中推翻了这一供述。中国法律明确规定，只有口供而没有证据支持的不能认定被告人有罪。最终，经甘肃省高院审判委员会讨论决定，终审判决撤销一审判决对乔建国犯故意杀人罪的量刑部分，其余部分均维持原判；乔建国犯故意杀人罪判处死刑，缓期两年执行，剥夺政治权利终身。与原判乔建国犯抢劫罪、强奸罪(未遂）、故意伤害罪等数罪并罚，决定判处死刑，缓期两年执行，剥夺政治权利终身，并处罚金2000元。（刘志广、田？）责编：彭伟长按识别二维码该博主还有7202条精彩内容名侦探二凡科学科普博主关注553|粉丝11.万2024/08/231:08甘肃省两起少女被掏肠惨案。（讲这起案件是因为他还有五年就要出狱了）这是一起发生在甘肃省张掖市恶性案件。犯罪嫌犯乔建国在女生还活着的时候把手臂伸进女生下体，穿过腹腔将大肠小肠一并扯出，扯出后又将小肠缠绕在女生的脖子上，看着女生一点一点死去。女生的挣扎和痛苦对于他来说是一种快感。案件中，乔建国杀害了女生A并对其进行了掏肠等残忍行为。另一名受害者女生B虽然幸存，但也遭受了严重伤害。2004年10月8日，甘州区人民检察院依法以涉嫌故意杀人罪对乔建国批准逮捕。2005年1月6日，张掖市人民检察院以故意杀人罪、强奸罪、抢劫罪、故意伤害罪四项罪名对掏肠恶魔乔建国提起公诉。在连续两天的庭审中，法庭虽然出示了大量的证据，并依法传唤有关证人出庭作证，但乔建国依然对震惊全国的8.12、9.20两起惨案拒不承认。直到法庭当庭播放了一个多小时的详细证据录像后，乔建国才开始以沉默表示抗拒。一审判决被告人乔建国犯故意杀人罪，判处死刑，剥夺政治权利终身；犯抢劫罪，判处有期徒刑五年，并处罚金2000元；犯强奸（未遂）罪，判处有期徒刑五年；犯故意伤害罪，判处有期徒刑三年。数罪并罚，决定执行死刑，剥夺政治权利终身，并处罚金2000元。一审宣判后，乔建国不服，向甘肃省高级人民法院提起上诉。甘肃省高级人民法院审理过后，认定乔建国故意杀人、故意伤害犯罪事实不清，证据不足，撤销张掖市中级人民法院对该案的一审判决，发回张掖市中级人民法院重新审理。2005年12月28日，甘肃省张掖市中级人民法院再一次作出重审宣判，被告人乔建国犯故意杀人罪，判处死刑，剥夺政治权利终身；犯抢劫罪，判处有期徒刑五年，并处罚金2000元；犯强奸（未遂）罪，判处有期徒刑五年；犯故）掏肠恶魔养建国他把手伸进女孩下体甘肃省张掖市奔波儿灞肛肠科主任）掏肠恶魔秀建国死死拽住女孩的肠子甘肃省张市奔波儿灞（肛肠科主任）掏肠恶魔秀建国接着用力一拽甘肃省张掖市奔波儿灞（肛肠科主任）掏肠恶魔秀建国将大肠小肠全部拽出甘肃省张掖市奔波儿灞（肛肠科主任）掏肠恶魔秀建国随后他用肠子缠绕女孩的脖子甘肃省张掖市奔波儿灞肛肠科主任）掏肠恶魔秀建国逐渐收紧甘肃省张掖市奔波儿灞肛肠科主任）掏肠恶魔秀建国直至女孩失去生命迹象",司法，公安，政务,中性
转发,2025-06-06 10:03:30,[睡][睡][睡][睡],起来打工,0,1,0, , ,其他,中性
转发,2025-06-06 10:03:56,做点小点心[哆啦A梦微笑] ??,午饭有了,0,0,0, ,,其他,喜悦
转发,2025-06-06 11:52:07,苏轼写给一位僧人的诗很好看——行遍天涯意未阑，将心到处遣人安。山中老宿依然在，案上楞严已不看。欹枕落花余几片，闭门新竹自千杆。客来茶罢空无有，卢橘杨梅尚帶酸。 ??,苏轼你究竟有几个要好和尚////,15,0,0, , ,其他,中性
转发,2025-06-06 12:36:59,猫：左手保护你的腰，不会碰到你的背[污] ??,咪：我妈好厉害,0,0,0, , ,其他,喜悦
转发,2025-06-06 13:00:12,东方卫视曾经有一个访谈节目，有院士回忆关于怎么确定青蒿素是屠呦呦主导发明的过程。2007年，科学家米勒和苏新专启动青蒿素发明人调查，有七个单位都自称第一发明人。 于是他们写信询问「青蒿素研制过程中您发挥了重要作用，我向您表示敬意，除了您以外，您认为第二贡献者是谁」。七个单位都表示是屠呦呦。于是锁定了屠呦呦是真正的第一发明人。就这么博弈论。好险，差一点就被偷了。,////[允悲]权谋//////[笑cry],0,0,0, , ,其他,喜悦
转发,2025-06-06 15:48:29,用牙齿探索世界的小狗狗，胖嘟嘟的！太可爱了啊啊啊啊啊啊啊啊啊啊啊啊啊！！！！！没有小狗世界怎么转啊！！！！！！！ ??,你也分不清这是小租还是小勾还是小胸,0,0,0, , ,其他,喜悦
转发,2025-06-06 18:08:40,原来真的有跟自己腿不熟的小冒咪啊？！ ??,倒腾起来挺忙碌,0,0,0, , ,其他,惊奇
转发,2025-06-06 18:40:55,刚刚碰到个很可爱的边牧，主人是带着两岁左右小朋友的妈妈，边牧系在婴儿车上很乖巧我忍不住过去问了下能不能摸，主人说可以于是马上对边牧疯狂摸之边牧被我摸得超开心，直接把头放我头上，不摸了还用爪子点我表示“继续”后面我朋友来了，我给边牧主人说了谢谢就在旁边和朋友聊天顺便商量待会儿吃什么还没聊几分钟，边牧主人带着孩子和狗来找我：那个，你能不能摸一下他（指着她儿子）我？边牧主人：是这样的，他们两个在家里争宠争惯了，摸了一个另一个也要摸，夸了一个另外一个也要夸，你刚刚只摸了一个他不干了我：好好好赶紧把手伸向小朋友我对小朋友有点子畏惧手伸得很猥琐手还没完全伸过去小朋友像小狗一样把脑袋顶往我手掌里钻我?问他妈：他囟门长好了吗？可以摸吗？他妈：摸吧摸吧没事！摸了摸小朋友的头他仨都满意了，跟我说了拜拜走了妈呀原来这种二胎家庭也要端水！！！,边牧显然是嫡长子//////////！,0,0,0, ,,其他,喜悦
转发,2025-06-06 21:43:13,#适界那么大# ?? ??,看一下白宇好几天没吃面了，说明是不太好呀//，这个世界会好吗,0,0,0, , ,其他,中性
转发,2025-06-06 21:43:36,他的名字是你吃的最后一样东西 ??,酸奶//】//////,2,0,0, ,,其他,中性
转发,2025-06-07 00:04:28,狗猫猫吵架，你们知道多好笑吗？明明刚吵完双方都很生气，，但是都不愿意离开对方范围…… ??,//// 因为啥吵架啊,0,0,0, ,,其他,喜悦
转发,2025-06-07 11:01:40,不是，大姐，你说你中文名字叫啥？[疑问] ??,和那个曹操一样，都是白人思维起的中文名////，醒来以后把马斯克灭门了，MAGA！,6,0,0, ,直新闻十关注25-6-617:59来自微博视频号#世界汉学大会首次在深举办#【耶鲁汉学家双语点赞湾区交通：从香港到深圳实在太丝滑了！】6月6日，第九届世界汉学大会在深圳开幕。耶鲁大学教授司马懿表示，深港之间快速的铁路连接，让她倍感舒适和便利。直新闻的微博视频从香港到深实在太丝滑了！6月6日司马懿直新闻耶鲁大学教授我昨晚刚飞抵香港451次观看00:42大家都在搜#世界汉学大会首次在深举办,文化,中性
转发,2025-06-07 11:32:17,不同小狗出考场接受采访的回答#高考# ??,看到最后奶牛猫都没有轮到发言[怒][怒][怒],1,0,0, ,品TV 萨摩耶最美高考小狗？没有啦一品TV 成实一品HONESTASTE 萨摩耶和小伯复读三年这件事啊...一品TV 边牧有信心吗？还好吧。一品TV 成实一品HONESTASTE 边牧已经保送了，来看看卷子。品TV 伯恩山你问我上次到底是谁考59分？一品TV 成实一品HONESTASTE 伯恩山耶耶注意一点好吗？踩到我脚了。品TV 比格**，什么破卷子要宝亲自考。一品TV 成实一品HONESTASTE 比格这**学不上了，werwerwer.品TV 小土这次很多题目都做过，有信心！一品TV 成实一品HONESTASTE 小土希望考好大学去诚实一口上班品TV 柯基我是第一个跑出来的吗？一品TV 成实一品HONESTASTE 柯基拒绝调休！正常放假！！品TV 比熊在考试的时候想妈妈..一品TV 成实一品HONESTASTE 比熊有点伤心.….哭好久呢品TV 金毛在门口和门卫大爷聊天，蛮开心。一品TV 成实一品HONESTASTE 金毛好险，差点迟到了嘞！品TV 巴哥考得好不好都没关系吧一品TV 成实一品HONESTASTE 巴哥我妈妈有点钱钱，狗可以不上班,其他,中性
转发,2025-06-07 12:12:40,#于适yosh[超话]# 将时间倒转??到杀青前的这一天 #适界那么大# ??,人就是这样，一直盯着大胳膊看,0,0,0, , ,其他,中性
转发,2025-06-07 12:34:22,“人是鬼的幼年体，死是鬼的成人礼，所以人的本质就是预制鬼，比起死后的很久，人活着的时间其实很短，所以想死是一种乡愁”好天才的逻辑，读完我沉思三分钟…… ??,小猫就是来训鬼的//////////,0,0,0, , ,其他,喜悦
转发,2025-06-07 16:39:58,看了峰哥的性压抑群体，理解为啥那么多儿子对父母充满怨气。如果主角换成女儿，家穷没上大学，早早出去打工，打工攒的钱被家里要去买房，给弟弟结婚，父母病了叫她回去照顾，到了快30岁天天催她结婚，相亲的对象一个个嫌她家里条件不好，父母说十八万彩礼一分不能少。有人同情这女儿吗？这可是农村的大多数啊。为啥一个30岁光棍，上了大专，攒的钱给爹花了几万，伺候了2个月，爹没了，亲戚的随份子钱收了，后来攒了24万炒股了。就得到全网同情。男人娶不上媳妇，过不起性生活，就是天塌了？,峰哥的3d粉丝真的很好笑////，评论里一堆夸这男生的，性别一转的话，他们就会认为一切都理所应当了,1,0,0, , ,金融,喜悦
转发,2025-06-07 19:11:14,这奶踩得，像是在洗衣服[污] ??,黑猫好倒霉啊,0,0,0, , ,其他,悲伤
转发,2025-06-07 22:12:22,我接触了这些闽南老板以后，才发现在闽南抱养孩子好稀松平常啊…………[允悲][允悲][允悲]每个人都要告诉我几个抱养的例子。[笑cry][笑cry][笑cry]我：啊？哈？喔豁？[笑cry][笑cry][笑cry] ??,////，最后就消失在了去福建南平的火车上[汗]//。受害儿童身份被洗白，当地公安户籍部门实在是劳苦功高[good][good]（当地公安户籍部门——收没收好处咱不妄言——既然能洗白千里迢迢从云贵川陕被拐来的儿童的身份，想必也能有办法洗白十里迢迢从对岸过来的说闽南话的蛙友的身份吧[doge]）,0,0,0, , ,公安,中性
转发,2025-06-07 22:21:06,【透糕520】吃个萌一点的郝胡。 ??,还得买枪////,0,0,0, ,什么是夫妻夫妻就是你想今天一定要一枪前了他，所以你怒气冲中地去买枪。可是，好巧不巧在买枪的路上遇到了他爱吃的菜，结果转念一想算了，先买点儿菜，下次再买枪吧。可是回到家之后，发现下次还得买枪。,其他,中性
转发,2025-06-07 22:49:22,中年男人，特别喜欢，对高考作文，第一时间，发表高见，一个观察，不一定对。 ??,感觉题目是ai出的////，连AI都没出来写作文//，数学题可能不太行//，也不聊语文的其他题，只聊作文。所以其实和文理科无关，和懂不懂也无关。而是中国传统文化意识里，始终觉得会写文章是件挺重要的技能。//，你们平时不用辅导孩子功课吗？[偷笑]////。,0,0,0, , ,其他,中性
转发,2025-06-08 09:03:26,我无比贪婪。我想要生命中的一切。我要既当男人，又当女人。我要有许多朋友，并仍拥有孤独。我要使劲工作、写好书，还要旅行并玩得开心。我要活得自私，还要活得无私。同时拥有这一切如此之难，而当我无法同时拥有它们时，把我气得够呛！｜西蒙娜·德·波伏娃#vista早说# ??,我//////,2,0,0, ,,其他,中性
转发,2025-06-08 12:30:34,?摸摸猫猫的小铃铛( ??。)7 #星球萌物志# ??,我家没有蛋哈// //,0,2,0, , ,其他,喜悦
转发,2025-06-08 16:07:38,猫妈妈用尾巴给小猫当枕头[抱一抱] ??,哎呀呀,0,0,0, , ,其他,喜悦
转发,2025-06-08 17:28:11,土耳其电视台TYT的主持人在新闻播报的最后宣布了一个意外的消息：他们工作室里的猫莱拉生了五只小猫，急需主人。 ??,狸奶之家！！！,4,0,0, , ,其他,惊奇
转发,2025-06-08 18:48:26,“猫猫大队出发”[憧憬] ??,贴地飞行兰博基尼,0,0,0, , ,汽车,中性
转发,2025-06-08 18:51:30,转发这条微博，从此遇事不用愁，你会遇到高人带你装逼带你飞??? ??,大佬快被踩死了//[good]//////////,0,0,0, , ,其他,喜悦
转发,2025-06-09 09:11:58,猫还怪好的嘞。一大早听到家里的猫在楼梯间大喊大叫，起床闻声而去打算揍它，结果发现是家里的傻狗头卡在楼梯挡板的猫洞里了，猫在帮狗喊救命。? ??,猫在嫌弃狗子//,0,0,0, ,,其他,愤怒
转发,2025-06-09 09:20:52,小猫帮爸爸妈妈挖土种花花#小猫帮爸爸妈妈挖土种花花# ??,顺便拉一泡花肥再走，猫好,1,0,0, , ,其他,中性
转发,2025-06-09 12:09:15,#日常的路人a# [吃惊]今天才知道，隔壁公司的大管家大姐今天请假，理由是孩子在高考。震惊：她孩子不跟我差不多大，都三十过半了吗？隔壁老板：人家家老二啊。震惊2：感情大姐40多岁又生了一个啊。隔壁老板：准确的说是快五十岁！刚准备震惊3，后来一想身边一堆一堆五十岁再当妈的，也没啥好震惊的。,大概率一胎读大学的时候生的////，让爱生的生，不爱生的不生//,0,2,0, , ,其他,惊奇
转发,2025-06-09 15:45:39,就，感觉与缺陷天才相处和养猫差不多：在某些方面有着普通人类所难以企及也不好理解的能力——比如猫可以四爪朝天房顶行走，以及惊人爆发力和步速，还会生嚼耗子；但在人类社会生活的话又非常非常脆弱。想要照护天才的话，首先还是需要很多很多爱；如果爱实在没有，那需要专业技巧。 ??,参考谢耳朵的妈妈姥姥//，天才还是更想要爱。如果有爱，可以自己勉强生活一下的。,0,0,0, , ,其他,中性
转发,2025-06-09 15:47:41,这是一匹黑白小马驹 ??,谁说不是小马呢,0,0,0, , ,其他,惊奇
转发,2025-06-09 16:07:49,妈妈岗早就有了，只是不叫这个名字。我昨天还刷到一个，服装厂老板主动把工业缝纫机和衣服裁片送到宝妈家里去，宝妈就能在家里一边做衣服一边看孩子。宝妈介绍：一件羽绒服工价7元。在厂里踩缝纫机的网友都惊呆了，厂里做一件没口袋的防蚊裤工价也是7元，做羽绒服的难度也就高个一百倍吧。 ???,还有什么削土豆剥大蒜，都是很便宜的，专门找农村宝妈老太太////[汗]//[伤心]////////////,3,0,0, , ,其他,惊奇
转发,2025-06-09 16:21:02,小奶牛猫吃jiojio?cr：whiskersnpurrs ??,那我也吃一口,0,0,0, , ,其他,喜悦
转发,2025-06-09 18:51:19,他是真的爱她，她也是。 《保镖》已经过去30多年，老电影不会老。 ???,那时候是真的帅,2,0,0, , ,其他,喜悦
转发,2025-06-09 20:48:19,时隔一年，今天雨后再次在钱塘江大桥拍到了云中列车。 #杭州##钱塘江大桥##六和塔##浙江文旅宣推官##云雾##杭州·钱塘江大桥[地点]# ??,梦幻得像ai////////[憧憬]//[哇][哇]////////,0,0,0, , ,其他,喜悦
转发,2025-06-09 21:08:52,没有人比我更爱狸花猫，因为在我心里，这世上根本没有比狸花猫更可爱、更富有魅力的动物。 ??,真的是这样，而且胖子也是这样矫健,1,0,0, , ,其他,中性
转发,2025-06-09 21:29:24,【#章莹颖遇害8年父母边治病边还债#】“生命太短，但我不甘于平凡。”这是章莹颖日记里的最后一句话。2017年6月9日，这个从农村借读、保送北大读研的女孩，在赴美留学仅一个多月遇害。凶手残忍强奸、分尸，却因美国司法漏洞逃过死刑，甚至在法庭上微笑。8年了，父母仍没找回女儿一根头发。父亲三高缠身同时患上心脏病，靠直播偿还当年赴美寻女欠下的几十万债务，一场收入仅百元；母亲不敢看照片，总想起女儿说“我不是第一次出门”的安慰。他们记得莹颖为省钱谎称“住得很好”，记得她凌晨苦读的身影，记得她本该在10月订婚......#章莹颖遇害8年仍未找回一根头发##凤凰网旅途#?,哎，没有人能给出什么好的意见和建议，命数是无解的,1,0,0, , ,公安，政务,悲伤
转发,2025-06-09 21:59:15,”我这条贱命怎么会这么贵啊！”想起来还是会哭 ??,用于记得这件事,23,0,0, , ,其他,悲伤
转发,2025-06-09 22:11:14,平衡大师#meme# ??,天界上神奶牛猫////,3,0,0, ,,其他,中性
转发,2025-06-09 22:12:35,不知道是还以为在遛小猪呢，主人背的包包还有轮子[允悲] ??,不是小猪吗,0,0,0, , ,其他,惊奇
转发,2025-06-10 16:51:22,这活交给我你就操心吧[doge]#微博喜剧现场# ??,感觉是萨摩耶开的店//////////////////[666]//,2,0,0, ,家公司笨手笨脚搬家公司始于：妈妈生我的那一年笨手笨脚搬家总质量：2770kg 南660null却搬家公司笨手策脚搬家公司笨手笨脚手南660粤1200,其他,喜悦
转发,2025-06-10 20:38:02,最近有消息传出，北京大学的领导找韦东奕的家人进行了谈话，尤其是他的表哥韦晶洲，明确要求他们不得借助韦东奕的影响力来进行商业营销活动以获取利润。原因在于韦东奕的个人账号粉丝数量已经突破了1000万大关，并且还在持续增长。众所周知，拥有如此庞大的粉丝群体，无异于掌握了一台“印钞机”。随便发一段几分钟的视频，都可能带来数万元的收益；要是搞带货直播，一次说不定就能赚得盆满钵满，成为千万富翁。韦东奕就像是一个巨大的宝藏，而且是那种价值极高的富矿。他本人开设个人账号，又是个对金钱看得很淡、生活极其简单的人。在这种情况下，确实存在亲属利用他的账号进行盈利活动的可能性。好在北大及时介入，阻止了这种不良倾向的发展。如今的韦东奕，已然成为人们眼中的“神”，是一个超脱于世俗趣味的纯粹之人，千万不能让他被商业化侵蚀。,堂哥吧（//？乌姆里奇？//,0,0,0, ,,其他,中性
转发,2025-06-10 23:04:49,男子将6岁女童拖进小巷疑提前踩点视频流出。视频前45秒（有倍数播放），男子疑似先逐户确认是否有人，之后下去将女童朝这里诱骗拖拽，视频最后38秒是大爷解救女童并追到公路上阻拦男子逃跑。这是目前搜集到的最全视频。难怪当地对男子依法启动刑事追责，视频佐证了这完全是有预谋的行动。万幸大爷出手相救，目前救女童大爷建见义勇为的认定正在走程序。#女童回家被陌生男子拖进小巷##好心大叔制止陌生男子拖行女童##大爷制止拖拽女童见义勇为正在评定#,这才15天//？？//////,1,0,0, , ,公安，政务,中性
转发,2025-06-10 23:24:09,妈妈岗或许可以解决一些女性的燃眉之急，但是这就好比是，人在饿疯了的时候当然可以吃过期食品保命，但是我们应该做的是想办法让每个人都能不饿肚子，而不是公然售卖过期食品。 ??,给她吃过期食品的不是我们，是逼她不得不过这种日子的丈夫公婆父母，更多人吃过期食品活下来，会让人觉得其他人也不需要吃正常食品了。,1,0,0, , ,其他,愤怒
转发,2025-06-10 23:25:06,【#孕妇临产家属拒绝打无痛女子自行签字# 】#女子给自己签字开了50小时无痛# 33岁孕妇陈女士在临产前，因是否进行无痛分娩，与家人产生了严重分歧。她的丈夫、父亲和母亲都反对她打无痛，理由包括是药三分毒，以及打了对孩子不好。在家人强烈反对的情况下，陈女士果断自己签字，给自己开了50个小时无痛。最终陈女士30分钟生完，顺利产下一个健康的孩子。（大河报）,//,0,0,0, , ,母婴,中性
转发,2025-06-10 23:26:10,奶牛猫：差点忘了自己会游泳……[抱抱][求关注] ??,笑,4,0,0, , ,其他,中性
转发,2025-06-11 08:31:05,点的外卖打开发现是奶牛猫 ??,赚了,2,0,0, ,,其他,惊奇
转发,2025-06-11 09:46:05,果然宠小猫是不分年纪的[笑cry][笑cry] 猫：是她自愿的，我没逼她哈[喵喵] ??,妹妹让我睡的,1,0,0, , ,其他,喜悦
转发,2025-06-11 09:47:42,#小猫偷学人类的坐姿# 小猫咪腿太短，够不着地面反复试探，网友：像极了我从火车卧铺下床的样子[笑cry][笑cry][笑cry]#如果一个人的气色突然变好了# ??,是我从上铺下来,0,0,0, , ,其他,惊奇
转发,2025-06-11 10:18:34,海神被逼成恶鬼?????朱一龙你现在牛比成什么样了 ??,吓死我了,2,0,0, ,,其他,中性
转发,2025-06-11 10:24:33,情侣头像，CP发糖[哆啦A梦害怕] ??,这俩脸型蛮像的,0,0,0, ,nullnull,其他,中性
转发,2025-06-11 10:29:42,_那天我和朋友聊天，说起去西南泡温泉。我说我去不了：我怕热，紫外线过敏，还怕虫，屋里有一只蚊子在叫我一夜都睡不了觉。后来总结，我们这类人可以统称为温室里的骡子。即虽然每天埋头工作到濒临猝死，然而体魄却极为虚弱，受不了一点大自然的拥抱。 ??,蚊子那叫大自然的骚扰////,1,0,0, , ,其他,喜悦
转发,2025-06-11 11:27:10,“请问你找的是小老鼠奶、小牛仔奶还是小公主奶？”#随机小奶# （投稿： ） ??,当然是小祖宗奶啊,0,0,0, ,nullnullakeahe,其他,中性
转发,2025-06-11 12:00:14,拍到了世界上最萌的画面 啊啊啊啊啊啊啊啊啊啊啊啊啊啊啊啊啊啊啊啊彻底疯狂 ??,咪咪乐园,0,0,0, , ,其他,喜悦
转发,2025-06-11 15:00:21,我妈的耳朵没有一天是清静的#委屈小猫咣当##话痨猫##老猫要饭# ??,虎皮蛋糕又嗷嗷嗷了,0,0,0, , ,其他,悲伤
转发,2025-06-11 15:02:20,飞行员心理素质真强大，全机跳电，驾驶员在恐惧和坐以待毙之间选择了兴奋地拍视频[跪了] ??,舒克～～//，厉害啊,0,0,0, ,马来酸氟伏沙明这个驾驶员真的冷静。副驾：call他没回，主驾：无所谓6-5·重庆回复26.5万作者赞过煮甜芋我感觉他都不单是冷静了，甚至还带点兴奋是怎么回事6-5·北京回复6.2万软饭吃到饱煮甜芋这下理解为什么有的人喜欢极限运动了吧机会就一次，没弄好直接没6-5·四川回复3.7万《真心喜欢》飞行员的心理素质都这么强大，让我想起了法航447空难中的机长，在坠毁前最后几秒黑匣子捕捉到机长的最后一句话，非常冷静的一句，“准备坠毁”，而旁边的副机已经癫了6-5·江苏回复8.7万bililid 摄像头的作用着陆成功：记录生活而已，基操勿6着陆失败：备用黑匣子6-5·山东回复20.4万_Eric 这放在哪里都能吹一壶的枣整机断电+通讯失效处置+备用仪表，夜航阵风天气。操纵导航通讯，调理清晰，教科书级别的处置幸运的是应该是两个高阶段搭组6-5·云南回复2840晓航不会开飞机作者然而并不是，我们两个都只是PPL.左座PIC 200小时经验我70小时6-5·加拿大回复2601Prrrrrrr 我一开始还以为是蒙顿委培的结果点进去发现是高中生真的很厉害，这个心理素质6-5·加拿大回复3.8万晓航不会开飞机作者你说得对我9月去蒙顿自费哈哈6-5·加拿大回复2.4万,其他,喜悦
转发,2025-06-11 15:54:37,养猫人的情绪果然还是太稳定了[允悲] ??,虽然住的房子破，但是猫爬架要好几千块,0,0,0, , ,时尚,喜悦
转发,2025-06-11 16:17:32,小奶猫实在是熬不住了！！ ??,一口吃掉,1,0,0, , ,其他,悲伤
转发,2025-06-11 16:21:47,Shining brightly in the sunlight? ??,是我们美猪猪//////[舔屏][舔屏][舔屏][舔屏][舔屏],0,0,0, ,,其他,中性
转发,2025-06-11 16:24:40,以防你没看过小猫穿七分裤[允悲] ??,这叫九分裤OK？,0,0,0, , ,时尚,惊奇
转发,2025-06-11 16:53:22,启航，从岛上到#微博电影之夜#。【请大家严格遵守《微博电影之夜安全倡议》，不应援、不聚集、不逗留，为了自己和他人安全，我们线上直播见！】 ??,猪猪出洞了,0,0,0, ,微博2025微博电影之夜影响无微不至6月13日共赴光影盛会,娱乐,中性
转发,2025-06-11 21:56:22,#朱一龙是行走的具象雕塑#在《东极岛》里朱一龙为了角色刻意减重增肌，导演管虎说，他是按照海盗渔民的肌肉隆起度练的。他的训练目标并不是传统意义上的健美肌肉，而是参考了海岛渔民的体型——偏干瘦、但肌肉线条分明，力量和生命感藏在每一块骨肉之间。管虎说，他看起来跟雕塑似的。他的身体呈现出一种近乎历史具象雕塑的质感：锁骨分明，肩背有力，肌肉如岩石般隆起又不夸张，像在风浪中被海水反复打磨过的铜像。当他站在船上露出黝黑的背部时，你会突然知道“人”本身，也可以是一种具有历史视觉的语言本身。朱一龙在《东极岛》不止是一个演员的样子，而是一个生活在历史深处、踩着海水、迎着风浪走出来的人。,嘿嘿嘿我就说么,0,0,0, , ,娱乐,喜悦
转发,2025-06-12 08:12:21,小仓鼠沉浸式帮你解决暑假作业∠( ? 」∠)_ ??,怎么啃作业了,0,2,0, , ,其他,中性
转发,2025-06-12 09:00:54,猫和老鼠果然是纪录片 ??,帮忙掏耳朵,0,0,0, , ,其他,惊奇
转发,2025-06-12 14:18:12,路过被小奶的大尾巴扫倒了 ??,我来上网就是为了乱摸小猫的,1,0,0, , ,其他,愤怒
转发,2025-06-12 14:52:21,宝，这真的有点好笑 ??,rose这个动作应该是裸体的,0,3,0, ,AWARDS BEUNGTIMACA 学院奖小红书小红书号：4266638557小红书小红书号：4266638557小红书小红书号：550549833代慕剧集导演奖营保平电影编剧奖付宇（1985级文学系科）长篇刷集编剧奖（199导演专业）刘伽菌电影表演奖（1999文学系本班）浩依然（207缓文学享料班）黄渤（2002及我演系配音班）朱一龙（2086级表演系本科班）Michellau小红书小红书号：946063244,娱乐，汽车,中性
转发,2025-06-12 14:53:05,发现一只眼镜王蛇咪 ??,中东贵族,1,0,0, ,,其他,中性
转发,2025-06-12 16:13:55,你不洗澡，猫猫都担心死了。 ??,猫：孩子也太臭了,0,0,0, ,thefloralmenace Irecentlyagrynat himeaedya oneof mygrandma'scats staying with me.我最近做了个手术。从医院回到家里的时候，我让我家的猫猫和我外婆家的猫猫都过来陪我-Withinoursofsurgerywakeup fromaaptomycagentlysnifingat my incisions withgreat alarm.一我回家之后就睡下了，几小时后我醒来，看到我家猫猫正在警惕地嗅着我的手术伤口，忧心忡忡。-wasltiaafy that TheLargeCatsnotobserving itscleaningritualdecidedImust gravelydisabled and compensatedby lickingalltheexposedskinonmy armsfaedl 一医生说我手术后的第一天不能洗澡，所以我没洗澡就睡下了。两只猫猫看到我这只“人形大猫咪”突然不洗澡了，都大为震惊，认定我病得不轻，赶紧过来舔我的胳膊、脸、大小腿来帮我做清洁。-currentlyhave to sleepwith apillow over my abdomenbecausemy cat insistson climbingon top of meand coveringmy incisions withherbody whileI sleep (which isvery sweet but notexactly comfortable without the pillow.healso laysacrossmefacingmy bedroomdoorpresumablyon guard forattackerswhmay try toharmmewhile'm sleepingand injured.一我现在睡觉的时候要在肚皮上垫一个枕头，因为我家猫猫坚持要趴到我的肚皮上来，帮我盖住我的手术伤口。虽然这很甜美啦，但其实一只猫咪直接踩在肚皮上的感觉并不是很舒服。我家猫猫喜欢横趴在我身上，头对着房门的方向，生怕有人在我“身负重伤”的时候冲进来袭击我。That'slove.这就是猫猫的爱！1703ts,医疗,中性
转发,2025-06-12 16:50:10,#罗帅宇事件##热点科普# 综合网上资料——2024年5月7日深夜，罗帅宇给两位并不熟悉的同事发送了一条短信：如果我明天没上班，就把电脑里的文件交给纪委。这个28岁的规培生背起双肩包走进医生办公室，十分钟后匆匆离开，监控镜头记录了他生前最后的影像。 次日清晨，他的身躯在居民楼下绽开血花，警方认定“跳楼自杀”。当罗帅宇怀揣医者梦想走进湘雅二院时，绝不会想到自己踏进的是一个人间地狱。 刘翔峰医生的手术台，不是救命，而是杀人。肝血管瘤患者的胆囊被切除，体内强行植入化疗泵，三轮化疗后落下九级伤残。普通便血患者被伪造直肠癌诊断，承受大便改道术的终生痛苦。健康的小肠整段切除，只为赚取高价耗材提成。胆大妄为到令人发指，切掉患者正常器官、往体内塞结石、给健康人做化疗……这个被称为“活阎王”的恶魔，办公室里常年摆着黑色笔记本，里面精确记录着每台手术的耗材品牌，像屠夫在清点肉块。 数据显示：他主刀的78%胆囊切除术患者无需手术，92%的化疗泵植入者根本没有癌症指征。录音里传来地狱的回响：肠道是好的，钱不到位怎么办？切掉后不就坏死了吗？聊天记录显示，坠亡前夜罗帅宇被逼“搞12个3～5岁肾源”。 移植科微信群讨论着“急诊停尸房，先下手为强”。啥医院，敢如此杀人盈野？不敢相信，又不得不信。有一场迟到的审判，更有一场未终结的战争。2024年10月31日，刘翔峰戴着镣铐站在被告席，17年刑期、42万罚金，量刑太轻。湘雅二院解聘17名护士，暂停32名医生手术资格，更是蜻蜓点水的敷衍塞责。血色疑云困扰着所有人，究竟是不是被“自杀”掩盖的谋杀？1、坠楼点距宿舍7米远的居民楼，80厘米宽窄窗根本无法直立。2、宿舍内床单凌乱、眼镜被踩碎，明显打斗痕迹。3、背包里装着2.5万元现金，不像绝望赴死的行囊。4、天台护栏有摩擦痕迹却找不到他的指纹。无声的证物在说话啊，得查，继续查。更诡异的是医院的反应。 85.3万“封口费”摆在悲痛欲绝的父母面前，协议白纸黑字要求“承认自杀”。 当他们拿回儿子遗物时，电脑数据全被清零，技术人员艰难恢复以后，举报材料才惊见天日。老两口背着16斤重的举报材料穿梭于公检法机关，像西西弗斯推着巨石上山。 派出所拒收材料，法院大门紧闭，直到2025年5月，中央第三巡视组的信箱终于接纳了这份血泪控诉。 当巡视组进驻长沙的消息传来，罗妈妈对着镜头第一次露出笑容。此刻她花白的鬓角，在阳光下像极了儿子名字里的那个“帅”字，是人性最后的体面，也是黑暗中最耀眼的光芒。罪恶从来不会作茧自缚，单靠刘翔峰完不成如此浩大的人体毁灭工程。而一个社会的文明程度，取决于它如何对待最恶劣的罪行。所以，应该对刘翔峰处以死刑，立即执行，并锲而不舍地深挖他的帮凶。时任湘雅二院的院领导应该集体引咎辞职。为刘翔峰洗地的账号都是人渣。,////////////[费解][费解][费解][吃惊][吃惊][吃惊] //，这段话台触目惊心了，“聊天记录显示，坠亡前夜罗帅宇被逼‘搞12个3～5岁肾源’ ”//[哆啦A梦吃惊],2,0,0, ,,医疗，公安，政务,中性
转发,2025-06-12 17:14:01,草地上的一群毛绒绒跟屁虫小狗~? ??,要是躺下会怎么样啊////,2,0,0, , ,其他,喜悦
转发,2025-06-12 19:48:31,11119页文件揭露医疗黑幕，湘雅二院罗帅宇事件2024年5月8日，28岁的罗帅宇从宿舍楼坠亡，坠楼点距离宿舍约7米，现场发现了打斗痕迹和破碎眼镜。罗帅宇的父母找医院要回儿子的遗物，医院负责人要求必须签署“认定自杀”的协议才肯归还。罗父罗母拿到遗物后，发现电脑的数据已被人删除，请技术人员恢复电脑数据后，发现里面有大量的举报材料。举报资料显示，实习期间，罗帅宇发现了医院存在医疗腐败行为，尤其是副主任刘翔峰的过度医疗等不当操作，如切除患者正常肠管、伪造绝症病例、故意把结石塞进病人体内等，还疑似存在洗钱活动。2024年10月31日刘翔峰被长沙市中级人民法院一审判决有期徒刑17年，并处罚金四十二万元。2024年12月24日，罗甫祥（罗帅宇父亲）将罗帅宇留下的疑似举报相关材料和录音，向国家卫生健康委员会、湖南省卫生健康委员会进行了反映。2024年12月30日，湖南省卫生健康委员会以书面告知书的形式回复：信访事项予以受理。截至2025年6月，事件仍在调查中。天眼妹查到，【中南大学湘雅二医院】涉诉关系中有大量“医疗损害责任纠纷”案，该医院超90%情况为被告#罗帅宇事件##湘雅二院罗帅宇##湘雅医院罗医生##湘雅医院罗医生事件最新进展#,////////。。。//….////…//，真的黑啊//[衰]“这个肠道是好的，可是病号钱不到位，切掉吧”,2,0,0, ,罗s宇坠I案1.罗s宇是肾脏y植科的研究生，生前偷偷记录了医院非法q官y植的资料，其中医生非法获利上千万，他参与举报了湘y二院刘翔峰非法y植器官的事件。2.举报期间罗s宇坠楼身亡，其电脑等设备中的相关举报资料被删除。3.罗s宇被警方认定自杀。4.罗s宇父母复原了罗s宇举报的相关资料，并且质疑罗s宇坠楼当晚宿舍里面有打斗痕迹，罗s宇的眼镜是被砸烂的。4.罗s宇父母不断上f希望重审罗s宇坠案。三来自华为备忘录湘y二院非法器官yz套路1.病人在icu时消极对待，造成icu排队等待抢救的假象。(病人进急诊科后就已经注定了死亡”，然后就是被摘取q官，急诊科实为停s房)2.在病人停止呼吸时积极抢救，但抢救仅限于呼吸系统和循环系统，只抢救要被“捐献”的q官，同时对注射药物，防止苏醒，确保患者属于典型的DBDs亡类型。3.上述两点在实施的同时，医院对家属做s体捐献的思想工作。4.最后将人为设置的DBDs亡的s体进行q 官移植。来自华为备忘录03蹊跷的“了断”5月7日晚上11点，罗帅宇给两位不太熟悉的同事发了条讯息。次日清晨，人们在机构附近的居民楼下发觉了他的身躯。给的结论是：高处落下自行了断。但所有的细节都在表明：这并非自行了断！·落下点距离宿舍仅80公分的孔洞7米远·现场有明显的争斗印记·他的眼镜碎了一地·生前刚打过求助电话·天台护栏上有新鲜摩擦印记，却没有他的指印离奇的是那个80公分的洞。一个常人在里面连腰都直不起来，怎么可能助跑跳出7米远？AV我退还了他们开始说的点到长沙，后面大回来再说3.50列了零件交易的聊天记录与转账罗帅宇电脑数据发送(S)被恢复惊现罗帅宇在该医院期间，发现主任刘翔峰存在诸多不法行为。“我们合作，找孩子取标本，男女各六例。”“你熟悉一下取脏器需要的东西，放在实验室保存。“那个肾脏很脆弱，你熟悉一两次就知道了。“这个肠道是好的，可是病号钱不到位，切掉吧。罗爸直播间播放宋某打给罗帅宇获取零件任务的录音被投诉“找不到梗阻段把正常肠管切给家属看“魔鬼医生”刘翔峰一审获刑17年夸大病情给6名不需手术患者手术致5重伤1经伤受贿66万元收受医药产品销售人员回扣358万近期引发关注的中南大学湘雅二医院实习医生罗帅宇坠亡事件。中文快闻2025年06月10日08:27江西网络上的罗医生事件，中南大学湘雅二医院实习医生罗帅宇坠亡事件，具体来龙去脉如下：事件背景罗帅宇是四川内江人，1996年出生，2021年4月考进湘雅二院读研，后在医院从事肾移植相关实习工作。实习期间，他发现了医院存在医疗腐败行为，尤其是副主任刘翔峰的过度医疗等不当操作，如切除患者正常肠管、伪造绝症病例、故意把结石塞进病人体内等，还疑似存在洗钱活动。为揭露这些行为，罗帅宇参与了对刘翔峰的举报。坠楼事件经过2024年5月8日，罗帅宇从医院住宿楼坠亡。警方初步判断排除他杀，为不明原因坠楼，但家属发现现场存在诸多疑点。例如，坠楼的地方有隔离孔，需翻过一米多高的隔离墙才能进去，且坠楼地点离楼体有7米远，现场还有貌似打斗的痕迹，他的眼镜也碎了。此外，他的包里有两万五千元现金，还曾在坠楼前向两名不熟悉的同事发了可疑短信。家属质疑与发现罗帅宇坠广后，医院曾提出给家属20万元补偿，被拒绝后，最终在2024年5月17日同意支付85.3万元补偿款，但要求家属签订保密协议。家属为拿回罗帅宇的手机和电脑，最终签下协议。之后，家属找人恢复了电脑里的数据，发现了大量与举报相关的材料，足足有1119页，这些材料详细记载了刘翔峰等人的违规行为，还发现医院曾以“劳务报酬”名义向罗帅宇转账四十多万元，其中部分资金转给了一名“护士长”。家属因此认为孩子的死与举报行为有关，怀疑背后有更大隐情，一直在为给儿子讨回公道而四处奔波。事件后续影响刘翔峰已于2024年10月31日被长沙市中级人民法院一审判决有期徒刑17年。而罗帅宇事件引发了公众对医疗行业腐败问题的广泛关注，家属多次将相关材料递交中央第三巡视组等相关部门。2024年12月24日，国家卫健委和湖南省卫健委收到举报材料并给出受理公函，警方也表示会进一步调查，截至2025年6月，事件仍在调查中，结果尚未明确。天眼查都在用的森业查询工具壹公司查老板查关系查风险中南大学湘治二医院0天很一下应用·合作通道-企业级产品国京中小企业发展子基金牌下机构血1231.基本信息11法律诉讼4经营风险经营信息公司发展知识产权99历史信息涉诉关系284天眼查主要系由统计保存图片原告/被告统计医疗接害责任纠份271医疗服务合民纠好0合网纠纷涉诉主体类型统计未公开9健度视纠份医疗扬害责任5首作权权属、侵权纠好5主安案由统计生会校，健康权，身体视纠份6劳动争议开庭公告天眼查开庭公告30历史开庭公告143身母不限案由不限年份不限点会进行提索导出序号案号案由当事人法院开庭时间操作原告：龙某被告：1（2021）湘0224民初1964号医疗损害责任纠纷1.茶陵县人民医院茶陵县人民法院2022-09-3009:39详情2.株洲市中心医院3.中南大学湘雅二医院2（2022）湘0102民初3125号医疗损害责任纠纷原告：肖某被告：中南大学湘殖二医院长沙市芙蓉区人民法院2022-09-2801:0详情3（2022）湘0102民初12767号医疗损害责任纠纷原告：颜某被告：中南大学湘胜二医院长沙市芙蓉区人民法院2022-09-260:30详情（2022）湘0102民初11240号医疗损害责任抖纷原告：陈某4被告：中南大学湘胜二医院长沙市关蓉区人民法院2022-09-2309:30详情5（2022）湘0102民初10606号医疗损害责任纠纷原告：李某被告：中南大学湘雅二医院长沙市关蓉区人民法院2022-09-010:30详情（2022）湘0102民初10606号医疗损害责任纠纷原告：李某6被告：中南大学潮雅二医院长沙市美蓉区人民法院2022-08-1709:25详情7（2022）湘0102民初11240号医疗损害责任纠纷原告：陈某被告：中南大学湘冠二医院长沙市美蓉区人民法院2022-08-1614:00详情（2022）湘0102民初11240号医疗报害责任纠纷原告：陈某8被告：中南大学测盟二医院长沙市美尊区人民法院2022-08-1109:30详情9（2022）湘01民终7697号医疗损害责任当事人：中南大学湘胜二医院，钟某湖南省长沙市中级人民法院2022-08-1009:00详情10医疗损害责任纠原告：吴呆（2022）湘0102民初10814号被告：中南大学湘胜二医院长沙市芙蓉区人民法院2022-08-0915:00详情免责声明10.15,医疗，司法，公安，政务,中性
转发,2025-06-12 20:31:58,有点子道理，已经点了 ??,我来个榴莲？//////,11,0,0, ,帖子 我认识的一个前辈会在做重要决定之前吃炸鸡。我问他为什么，他说：“如果你平时爱吃的食物，现在吃起来还是很好吃，说明你的状态和判断力都正常。相反，如果连爱吃的东西都难以下咽，说明你现在状态不好，判断力也会受损。”到现在我仍然觉得这是个很好的办法。,其他,中性
转发,2025-06-12 21:52:57,#剧版镇魂[超话]# 你醒啦，现在是2018年明天镇魂就要开播了我们要不要一起看[并不简单] ??,我醒了,2,0,0, ,叮铃铃铃请同学们被抓来当有序离开监考老师沈老师一会组织聚餐要不不了要来我今天有…同事小巍！沈巍小朋友，你对象给你带你最爱吃的糖来了云澜回家我给你做顿大餐监考是做饭搞劳搞劳不是好还是我无聊？来吧原来是有人接一,其他,中性
转发,2025-06-12 22:05:53,跟学妹聊了两句，感觉我们这些长大了但又没完全长大的、试图按照自己愿望和步调而非社会期望变化的人，有一个很适合的题目——《无法成为恶龙的我们》。 ??,//////《内心抗拒成为恶狗的人》,9,0,0, , ,其他,中性
转发,2025-06-12 22:52:48,我郑重提醒 和广大小红书用户注意 ：?【小红书上有大量冒充警察、军官招摇撞骗征婚征女友的内容】?糖妈昨天发给我一个链接：“你们那里还有这么帅的新人啊？”我也大为吃惊，因为我隔壁就是管理人事的部门[摊手]。而且每年新进的警花警草不大可能有我没印象的。在和主管人事的同事反复确认后，确定照片为盗用。离奇的是，昨晚我举报这个帖子之后，平台反应很快，确认我的违法违规举报通过且已经处理，但是，那个被举报的帖子直到现在依然可以正常浏览，没有任何被处理的迹象。（图二 图三）然后我随便搜了搜，整个小红书平台有大量类似的冒充军官警察招摇撞骗征婚交友内容（图四 图五）。我为什么敢看一眼就下判断是冒充的呢，因为甚至有不少是直接拿ai图就上的[摊手]（图六）如果小红书认为这样的事都无关紧要，那真的要找一个好一点的法务律所做做准备了哦[摊手],总比微博好一点，你讨厌啥，他说你喜欢他对吧////[怒]//，出现一个新浪的logo都不让发，这倒是能活哦//// //，你举报，那我就把帖子对举报者隐藏，其他人正常浏览[微笑][微笑][微笑]太牛掰了 //，最多删帖装死，风头过了接着干,0,0,0, ,"关注ny 在江宁区有我在没人敢欺负你#江宁#南京#南京citywalk#90后今天17:50江苏共3条评论爱评论的人运气都不差 6小时前江苏回复置顶评论帮发（非本人性别：男户籍：南京年龄：94年身高：183体重：78学历：本科职业：现有：现居：南京独居，有一猫一狗。三口之家，父亲是做古玩的，母亲开了两家美容院（美容自由），家庭和睦，父母都很好相处，很支持子女的一切决定。希望女生：三观正，大专及以上，年龄90-00在南京工作稳定，对待感情真诚专一，没有不良嗜好！最重要的是不介意我的工作性质，之前因为职业原因比较忙，吓跑了好几个相Q对象，给我整不会了。6小时前江苏回复哪个所的5小时前江苏回复作者赞过一到底了说点什么举报结果举报通过感谢你对小红书社区美好氛围的贡献举报详情举报对象笔记""在江宁区有我在没人敢欺负你”举报理由违法违规处理状态笔记违规，已被处理经核查，你举报的【笔记】存在违规，平台已进行处置，感谢你的监督！处理于2025-6-11结果说明：举报对象违规处罚，仅针对本次举报结果，后续如举报对象状态有变更，请以最新结果为准。上批多金枚努力帮牵二的小博主举报通过后贴你就文依然正常30岁9关注粉丝笔记收藏刚刚看过在江宁区有我在没人敢欺负你Q相关搜索13下不望京183有我在没人敢欺负你#北京#北京厦门有我在没人敢欺负你#厦门#90后#厦大则在上海有我在没人敢欺负你#上海拍照#上上海183有我在没人敢秦淮区有我在没人敢欺欺负你#上海#上海吃·负你#南京#南京拍照65天前2206-04广州有我在没人敢欺负你年龄：94年，广州本地人，985本科，180cm/70kg体质内警察，工作稳定有有，独生子。父亲国企领导，母亲中学老师，父母亲性格都比较好，开明好相处。因为工作忙，圈子小，每天两点一线，接触不到什么异性，身边认识的异性不是已昏，就是有男朋友了，所以一直单到现在。（因为工作性质原因，约会可能突然改期，但一定会补上）来个不介意的关于她：90后，在广州工作并且打算长期发展的，身高155三观正，脾气直爽有什么说什么最好了（出警见多了阴阳怪气的，真诚最可贵）珠海有我在没人敢欺负广州有我在没人敢欺负你#90后#珠海#珠海你！#广东人#喜欢就·…4小时前的Q相关搜索关注AI都来征婚了可还行？北京94有我在没Q相关搜索·北京警察相亲06-09北京共2条评论留下你的想法吧：94年，181cm北京公，房已全款购性格爱好：属于沉稳温和类型的，善于沟通，工作偶尔有点小忙。休息的时候会健身，身体是革命的本钱平常喜欢看电影拼乐高（家里囤了很多乐高，等个女友一起拼家庭情况：幸福的四口之家，有个姐姐，已婚，父亲做生意，母亲是重点中学的老师，家庭很和睦，除了谈到我的人生大事的时候，只有我一人受伤的世界达成了理想对：性格活泼一点，年龄别太差多，喜欢小个子的微胖女生，很有保护欲肉肉的很可爱，当然高个子也可以嗽！还是要看缘分，最好是在北京工作，不想异地，能接受我职业就行2天前北京回复一到底了一2收藏2说点什么",政务,喜悦
转发,2025-06-13 01:15:56,可以不爱，请不要伤害。！！ ??,能不能学学,0,0,0, , ,其他,悲伤
转发,2025-06-13 07:24:08,慢镜头下的对称之美，果然慢下来才能欣赏到美的部分，快了就只能看到杂乱和不堪#生活技巧# ??,水母?////！//,3,0,0, , ,其他,中性
转发,2025-06-13 07:26:20,朋友问我怎么看待Labubu热，死气沉沉的我回答（本回答仅针对江河日下的欧美社会）： ??,无趣的生活变得更无语了//，感觉被骂了// // jellycat那种更符合大众审美的火起来我还是比较能理解 难道是黑红争议大，会吸引更多逆反跟风和盲目的人嘛(以上为个人观点，不攻击真正喜欢的人[淡淡的],2,0,0, ,因为努力没意义，所以没意义的东西就会被膜拜起来,其他,喜悦
转发,2025-06-13 07:49:36,符合猫体工学[猪头] ??,大树啊大树你真好让我小猫咪来用,9,0,0, , ,其他,中性
转发,2025-06-13 07:55:29,#朱一龙回应和吴磊凑不出一条裤子##用一张电影票的钱就看完了95%的朱一龙# 尊重历史、还原历史是优秀导演的基本要求。 ??,请尊重历史哈//,1,0,0, ,导演：“真实（原型）都光屁股”,娱乐,中性
转发,2025-06-13 08:06:59,慈父多败咪[污] ??,就这么惯孩子,1,0,0, , ,其他,愤怒
转发,2025-06-13 08:21:27,声控小猫 ??,足控,0,0,0, , ,其他,中性
转发,2025-06-13 08:24:24,想给我家小猫咪也整一个，但又怕他给我一巴掌#猫咪 #可爱#微博VC计划# ??,猫猫就喜欢被包裹,0,0,0, , ,其他,中性
转发,2025-06-13 13:18:54,女子遇老人提着麻袋送猫咪，口口声声说不要，结果~~！！！. ??,2狸2奶1花，你家要发财了,0,0,0, , ,其他,惊奇
转发,2025-06-13 13:26:40,怎么弹幕还有说“小学时候看镇魂”的，生气[淡淡的] ??,封1时发现小鸭也有13岁粉丝，等封3上映孩子估计也读大学了吧//，按18年12岁的，也已经是你学生了。。。//（。）,0,0,0, , ,其他,愤怒
转发,2025-06-13 17:45:49,#微博电影之夜# 内蕴净守，从容诠释本真。 ??,我粑//,1,0,0, , ,娱乐,中性
转发,2025-06-13 17:46:33,第一次和师父在红毯体验惊喜撕拉片，小机关能一秒变换画面，好好玩！ #罗小黑战记2定档##电影罗小黑战记2# 7月18日，这个夏天快来和我们一起玩 (*?︶?*) ??,小黑也来啦,0,0,0, , ,其他,喜悦
转发,2025-06-13 20:48:16,#朱一龙流苏穗#龙哥颜粉事业粉同时起立，有这样的实绩偏偏还有这样的颜值[苦涩]期待东极岛期待阿赑[开学季] ??,所有的东西都起立////,0,0,0, ,胶个月POSTIG SMG 鸿蒙智/EIPura SMG FIPura,其他,中性
转发,2025-06-13 21:04:05,北协和南湘雅。医学上不好说，湘雅在长沙的地位远高于协和在北京。湘雅的医生和领导在当地，不说是天龙人，也差不了太远。所以罗帅宇这事，在当地讨论就没有间断过。大家太知道湘雅的能量了，完全不是其他城市的其他医院能比的。此前恶魔医生刘翔峰的罪行罄竹难书，遭数次联名举报却屹立不倒。因为只要内部有人想保他，他就是法外狂徒。后面是闹到全国舆论汹涌，才最终被拿下。 长沙的媒体在这些事关湘雅的事件里，近乎全程静默。,////，但又如此相同//////……确实，竟然让玩电竞的体坛周报记者在网上摇旗呼吁……[允悲][摊手],0,0,0, , ,其他,中性
转发,2025-06-13 21:07:32,整个湘雅二院刘翔峰事件，最最最炸裂三观的是这个：“”通过伪造“脑死亡”获取器官，ICU消极治疗诱导家属捐献。“”目前还没有多少媒体聚焦这个，但这个才是王炸。这是微博AI告诉我的，它整理完信息后说有这个争论点在，我拿过来用。我没有证据，只是疑惑。如果伪造脑死亡属实，ICU消极治疗诱导家属捐献器官属实，这只能说这家医院已经烂透了，如果这家医院烂透了，那整个器官移植领域，还有清白的么？有读者跟我分享他儿子在某家医院ICU住院的经历：科主任带来另外一家医院的器官移植医生，跟他谈，谈说如果孩子脑死亡了，可不可以做器官捐献，让孩子的器官继续留在世上，做好事。同时，当然，捐献器官后，住院费用会抵消大部分，否则几十万的ICU费用可不是一笔小数目。真的是细思极恐。我不愿意相信这个是真的。但通常来说，这种事情会打我的脸，因为我单纯。,////《杀破狼贪狼》张家辉《怒潮》国外电影《昏迷》//，就是有组织有预谋有计划的谋杀，完全符合黑社会组织犯罪标准,1,0,0, , ,医疗，司法，政务,中性
转发,2025-06-14 00:50:50,甘肃能跨省捕捞写文小女孩 这次能不能跨省捕捞一下湘雅二院（,可不敢呢，什么大事也做不了的瘪三们,0,0,0, , ,其他,愤怒
转发,2025-06-14 06:34:11,“完了，我仅存的智商也被吸走了” ??,笨笨哒,0,0,0, , ,其他,悲伤
转发,2025-06-14 07:09:03,中山二院学生被导师当牛马最后集体患癌；大连医科大学研三学生因为导师长期“放养”被逼自尽；协和医院4+4事件；还有最近湘雅二医实习生罗帅宇和刘翔峰的事。感觉医学的世界是不是比别的专业要封闭很多，医学生学习时间长，成本大。整个医学领域门槛又高，和外界是有一定屏障的。不像别的学科，付出了这么多之后，医学生的沉没成本导致他们很难轻易和这个庞大的体系分离。而刚从学校步入社会的医学生，如果没有遇见善类，结局往往非常悲剧。这些医学生对外的求助通道也窄，首先可能大部分人不太能完全理解到底发生了什么；其次，整个体系利益盘根错节，一旦第一枪舆论战没有水花，那么这些医学生可能迅速就会被整个体系的上游淹没。最后，就目前看到的每一次事件的处理结果，不太像公务员体系每次一码就从上到下基本码一遍，卫健委每次处理都挺“浅尝辄止”的，非常知分寸。朋友说看了罗帅宇母亲的痘印感觉生命特别苦，因为既然刘翔峰已经伏法，那其实整个医疗体系的大机器没有什么动力再挖别人出来了，整件事最后就变成了一个有正义感的学生和一个恶魔医生的1V1对抗，虽然看客都知道这场悲剧的原因没那么简单。#罗帅宇事件#,还有多少我们不知道的事，我们知道了又怎样呢,1,0,0, , ,教育，公安，政务,中性
转发,2025-06-14 11:39:53,投稿:苏州大学三名男生在宿舍虐杀小动物被严重警告（六个月可撤销） ??,宠物主人请告他们赔偿精神损失//，潜在杀人魔//，建议补上 - 这三名男生虐杀的是别人的宠物，并且在虐杀之后将开膛破肚视频发给宠物的女主人来取乐。这种行为已经简简单单超过了虐待动物的范畴，可能涉嫌严重的刑事犯罪。只给个严重警告是什么意思？,1,0,0, ,请听小仓鼠讲完我们经历的事！姨姨们好，我们是一窝小奶牛金丝熊o（**喜欢吃饭睡觉跑步，被麻麻养得胖胖的2025年5月个哥哥跟麻麻说他和他的室和他一只把我们带走的姨姨们不要害怕小奶牛熊出于信任麻麻同意了我们到达他的手中有几只哇我们宿合三个人想一人养一只可以付钱直接睡，不像别的绝世好队啊于是我们到达了苏州市相城区某2高校的分校、鼠鼠我呀，也是见过好学校啦要好好迎接新生活（·_加油小鼠！可是没想到再与麻麻相见已是身首异处…麻麻收到了好多视频我们在蓝色的电光中惊慌逃窜但是没有地方可以躲藏被充电器电过的人都知道有多痛更何况我们小小的身体如何承受噼里啪啦的蓝色电光？哥哥用这个机器活生生割断了我的四肢开膛破肚而我不知道自己做错了什么还记得吗？之前的图里哥哥说三个室友一人一只在视频中这个房间里人也不多不少五问百年名校苏州大学成人高等教育本科毕业生学士学位授予工作实施细则（2022年修订）第一条：符合下列条件的学校成人高等教育应届本科毕业生，可授予学士学位：.遵守法律，遵守校规校纪，品行端正；第二条：有下列情形之一者，不授予学士学位：1.未达到第一条要求者：2.在校所受警告、严重警告、记过、留校察看等纪律处分未解除者。在此替受害的小生命、被恐吓的女生，一问苏州大学：开膛破肚、电击、斩首、肢解、剥皮、玩弄尸体，属不属于手段极其残忍？将多条血腥视频、威胁性语言通过私信发送给被骗姐妹，违不违反《治安管理处罚法》第四十二条中“多次发送淫秽、侮辱恐吓或者其他信息，干扰他人正常生活”？以上行为，可以算是品行端正吗？难道这样的人，符合授予学士学位的条件吗？《普通高等学校学生管理规定》（中华人民共和国教育部令第41号）第七条学生在校期间依法履行下列义务：（一）遵守宪法和法律、法规：（二）遵守学校章程和规章制度：（五）遵守学生行为规范，尊敬师长，养成良好的思想品德和行为习惯：第二十条学校应当开展学生诚信教育，以适当方式记录学生学业、学术，品行等方面的诚信信息，建立对失信行为的约束和惩戒机制：对有严重失信行为的，可以规定给予相应的纪律处分。二问苏州大学：民法中，宠物属于个人财产，女生出于信任，让对方领养仓鼠。但是对方对女生进行欺骗，灭失女生的财产，还录制成血腥视频私信发给女生其欺诈行为有违民法中的帝王条款“诚实信用”守则：发布多条血腥视频、挑衅语言，甚至在视频中把血淋淋的头颅，反复快速缩放占满整个屏慕已构成威胁恐吓、寻衅滋事。基干此，对方主观恶意极大，对女生的财产和精神造成损失请问，难道遵守法律法规吗？不算有严重失信行为吗？难道还具备良好道德吗？《普通高等学校学生管理规定》中华人民共和国教育部令第41号三问网络平台部分网络平台审核机制的宽泛让大量血腥暴力视频在网络上长期传播，甚至形成引流”（贴吧、B站）-“进群”（腾讯QQ）“百人大群内发布血腥视频”等违法产业链。请问各大网络平台，为什么没有肩负起大企业的社会责任？为什么让网络平台成为培养青少年扭曲人格的温床？一问百度贴吧：“百度贴吧”中更有虐待各类动物的专题贴吧，如“水果·较酸”“鼠大爷”吧，每天更新大量虐杀仓鼠的血腥帖子，并公然引流建群，手段残忍至极却存在多年未被平台封禁，请问百度贴吧是否有视而不见？吧简介萌鼠大集合间以及与萌鼠们吧规01月31日更新关注一只大肥鼠水果、较酸吧Q0水果较酸吧》Q 全部回复扣一送泰罗只看楼主求助老哥们皮卡丘工具教程老哥们你的电疗鼠鼠Q工具是啥呀咋买的我前几天富养一只公的金丝熊但是这小子不给摸不给碰想强爱脱敏要我给我大拇指扣那块要的大出血我生气达耶爱老哥TV 富阳之家冷气供应用之家冷气供Q1?281有魔力的小黄瓜评论80点我发弹老哥有群么引导进群UP主党得微赞教别人制作电击工具有魔力的小黄瓜四：私249仓鼠解压视频让仓鼠窒息主页播放金部472被打残的仓频图文放全部金丝熊康复训练中意外受伤的鼠鼠正在康复训练中！电疗：鼠鼠我啊还不想死三年过去了还不下架吗？小菜狗的进击鼠不尽的你乐6.5万·2022年7月26日海绵宝宝幻：群演吗？三问腾讯QQ：群聊、群文件不是不受监管的法外之地，血腥暴力视频能堂而皇之地在百人大群中发布，请问贵平台应当如何处理？鼠的毛已烫焦,教育，公安，政务,愤怒
转发,2025-06-14 13:05:42,居家人士健身项目 ??,举猪比赛,0,0,0, ,,其他,中性
转发,2025-06-14 13:15:51,#官方通报罗帅宇事件#第一次见一个所谓的官方声明感情倾向如此明显的。每一个字都向着医院，每一个字都诋毁死者。 ??,我就看着你们//[微笑][微笑]////////，湘雅二院干净无比，罗医生抑郁症+精神病，在恶意编排搜集大量资料诬陷湘雅二院后还没来得及举报就抑郁症自杀了[开学季],0,0,0, , ,医疗，公安，政务,愤怒
转发,2025-06-14 17:38:29,啊啊啊啊啊啊啊啊啊i人地狱 ??,人家也许老开心了呢////……////[允悲][允悲][允悲]原来是这样吗，人间地狱,0,0,0, ,2025-06-1219:072971当你觉得尴尬的时候想想朱一龙啊啊啊啊啊啊啊啊哈哈哈哈哈哈,其他,喜悦
转发,2025-06-14 17:40:10,全国统共就一辆有问题的运油车，那么大医院做了那么多恶就一个坏人其他都是好的 ??,////。。。//，判了 17 年那位他单独作案难度极大吧////,0,0,0, , ,其他,中性
转发,2025-06-14 17:45:16,#朱一龙[超话]#是#上海国际电影节# 新鲜的 ！期待#东极岛# 渔民阿赑！ ??,所以今天是新场子啊// 激动得我滋儿哇哭的那天,0,2,0, , ,娱乐,喜悦
转发,2025-06-14 18:06:42,“做自己”这件事有个规律：一个人越做自己，喜欢她的人就离她越近，而讨厌她的人就离她越远。#逻辑# ??,讨厌你的人，会羡慕嫉妒恨//，越做自己越快活,6,0,0, , ,其他,喜悦
转发,2025-06-14 22:39:16,有网友评论目前社会现状就是天大的事情“拉了一车海洛因，结果只判了超重”，但咱土狗们的事情则“空气凤梨一样出现在阳台，被罚恶意走私文物判斩立决”，如是亦然。 ??,转发微博,50,0,0, , ,其他,中性
转发,2025-06-15 09:57:59,见到黄鼠狼比较尴尬见到小猫可以说“哇！咪咪”见到小狗可以说“哇！小狗儿”见到黄鼠狼，猫不准它到没到讨封的年级，不能贸然说“哇！黄鼠狼！”万一人家跟你这儿毕业答辩呢，你一句“黄鼠狼”，完了，它扭头就骂大街，吃你家小鸡只能面露尴尬：你好 ??,我都是嗷嗷乱叫把人家吓跑了//！////,0,0,0, , ,其他,恐惧
转发,2025-06-15 09:59:36,鬼鬼祟祟的猫#微博喜剧现场# ??,猫咪特工,0,0,0, , ,其他,中性
转发,2025-06-15 10:43:14,战力爆表的布偶猫！！ ??,2米高肌肉白男//////！,1,0,0, , ,其他,惊奇
转发,2025-06-15 10:43:40,中国古代的人间天堂是这样的，不用吃饭，不会老，不结婚。 ??,不来月经//，不为衣食所累//,0,0,0, ,缓地朝远方流去。人们就临溪而居。他们每天就在水边上走走玩玩，唱着歌。他们不用耕种，饿了就喝几口溪里的水，马上就容光焕发。不能多喝，喝多了就会一醉半个月。用溪水洗一洗，皮肤会变得又滑又嫩。这水叫神（fen）。这里人与人之间没有争执，更没有帝王。男女自由自在地相处，不用婚娶。差不多都能活一百岁。死的时候，很平静，没有什么悲哀。因为离中国太远了，就叫终北国。这,其他,中性
转发,2025-06-15 14:36:49,男子酒店约会7岁女孩，遭2名警员开25枪击毙！EP20 #奇闻异事# ??,在村头循环播放该视频//。//[打call]// :// :可不是，用重机枪给他打成碎块块[微笑]// :哦吼，最支持美国警察文明执法的一集，唯一美中不足的，是武器种类太匮乏，子弹太少，炼铜癖值得更变态的死法。,0,0,0, , ,公安,中性
转发,2025-06-15 14:43:56,车车的同类是橡皮鸭子 ??,给我捏一下车,0,0,0, , ,其他,中性
转发,2025-06-15 14:56:17,当代年轻人的床上三件套#可爱小猫# #微博喜剧现场# #春日放个疯# ??,嘿嘿嘿幸福三件套,0,0,0, , ,其他,喜悦
转发,2025-06-15 19:49:05,湘雅二院长期纵容刘翔峰这样的违法犯罪的行为，真的出现了这么多骇人听闻的案件，医院是有系统性的严重的失职的。手术不是一个人能完成的，中日友好医院的医生在患者麻醉后切皮前，主刀医生冲冠一怒为红颜离场40分钟，就被其他的同行报到有领导在的大群里，我不相信湘雅二院没有这样的同行，这些事很快就会传遍全院，一家医院的医疗质控决不能允许第二次这样的事情发生，但事实是，这些恶性的医疗案件就是发生了，还多次发生。这口锅只给刘翔峰一个人背17年的刑期，实在是太轻了，这个人作为正规医院的正规医生，极其严重地损害了整个医疗界大部分辛苦工作，靠着工资奖金正常养家糊口的一线医务工作者的名誉。不做系统性的严查是对整个医疗系统的残害和亵渎。,只是医疗系统吗//////////，恐怕是湖南的医疗系统整个出问题了吧[抱抱]//，那个三院，新调过来的科室主任和原科室有矛盾，科室成员故意不配合造成科主任学生三起人命，双方拿病人的生命较劲，最后不了了之没有下文,2,0,0, , ,医疗，司法，公安，政务,愤怒
转发,2025-06-15 20:49:14,今天最有意思的，宝宝抓到了鱼，太开心了朝大家炫耀呢??? #于适录制央视综艺山水间的家##适界那么大##?今日星拍放送# ??,这咋穿这么多啊,3,0,0, , ,其他,喜悦
转发,2025-06-16 09:43:18,柔软时光你太厉害了柔软时光崛起好吗 ??,看着就幸福//// :他家甚至还有螨公仔// :是布兰卡公主！// :我是真的想要这个蛾子 好肥美// :// :我有个蜘蛛 当时刷到一堆黑色背景下的黑色动物 太独特了 太喜欢了 立刻买了 // :真的好肥美……喜欢//,0,0,0, ,柔软时光关注下半年的新款毛绒玩具公仔-家蚕蛾 京爷我就默认你想当孙子店主怎么还是不肯放弃黑色背景27昨天17:01北京回复首评柔软时光作者一个人，黑色背景不用扣图不用P图，17可以节约大量时间做点其它。昨天17:08四川回复momo 俺不中了昨天17:04山东回复momo 回复柔软时光：原来如此昨天17:21北京回复momo 回复柔软时光：等等居然只有一个人吗2（昨天17:21北京回复柔软时光作者回复momo：嗯，家人帮忙打包发货，9生产工厂外包，其它事情就都得自己来了。黑图质感不错不用P黑色的款也不多，要换背景其它款都得弄事情就多了。昨天17:36四川回复我想回家睡觉本店特色昨天19:22江苏回复你要是叫我momo 京节我就默认你想当孙子什么和之前的蚕蛾不一样吗1昨天17:01北京回复柔软时光作者材料不同，这个更肥美，修正了一些之12前设计的错误。这个翅膀硬些，之前太软。昨天17:04四川回复,其他,喜悦
转发,2025-06-16 09:49:24,我看着他从野人到沈巍到野人[白眼]此猪甩锅也太熟练了 ??,这叫回到野人好吗,0,0,0, , ,其他,愤怒
转发,2025-06-16 11:49:08,完全就是库洛米！ ??,原来这就是库洛米啊那我也有,0,0,0, , ,其他,惊奇
转发,2025-06-16 15:05:30,别戳我拉！！ ??,戳屁股//,0,0,0, , ,其他,愤怒
转发,2025-06-16 15:08:13,人，带上咪一起吧 ??,咪会帮你守护好衣服的,2,0,0, ,nullnullGUCnull,其他,喜悦
转发,2025-06-16 19:17:56,索尼什么时候出奶牛猫了 ??,索尼给我来一个,0,0,0, ,null1son1,其他,中性
转发,2025-06-17 13:45:51,看我表演个杂技[哆啦A梦微笑] ??,来比一下,0,2,0, , ,其他,喜悦
转发,2025-06-17 13:47:03,台北一名谢姓司机在家私设猫咪繁殖场，虐杀6只卖不掉的猫咪，依《动物保护法》被判3年6月徒刑、并科罚金35万元（新台币）。法官认为猫咪是宠物，也是「家庭成员」、仰赖主人甚深，但谢男把猫当成「经济动物」，以铁锤敲头、利器刺腹淘汰卖不掉的猫，猫咪「于遭受伤害之际，仍不知主人如此对己之缘由，当时所受身体、心理上之痛苦，难以言喻」。法官批谢男残忍伤害具有灵性、应值怜爱的猫咪，任由鲜血直流、弃置而亡，使猫咪死前蒙受莫大痛楚，犯罪手法泯灭人性，不值得怜悯，而猫尸遍布公众通行马路上，新闻报导于网际网络流传，对社会公众造成震撼。 目前剩余猫只全被新北市府动物保护处救助带走。,能不能学学啊,0,0,0, ,分局谢男在家私设养猫场，饲养环境恶劣，被揭发虐猫致死后，家中剩余猫只全被新北市府动物保护处带走没入。（图/粉专邵柏森一虎哥救援大小事提供）nullnull,政务,愤怒
转发,2025-06-17 13:50:42,#朱一龙现身美容院做护理#近日，朱一龙被拍到现身美容院做护理，当天他身穿淡蓝色T恤，背着“半永久”斜挎包，造型简约低调，做完护理后快步上车离开。 ??,半永久的是李铲//[doge],0,0,0, , ,娱乐,中性
转发,2025-06-17 13:56:30,小猫国脑袋大小大揭秘 ??,多米居然不是最大,0,0,0, ,mminch 10203040506070804OFF ON ZERO8844888ZEROmminch OFF ON ZEROmm/inch 103203040506070OFF ON ZERO/inch 664050602030mm OFF ON ZERO40,其他,惊奇
转发,2025-06-17 16:50:21,“人，你怎么还不醒”[憧憬] ??,幸福,0,0,0, , ,其他,悲伤
转发,2025-06-17 16:52:49,它竟然会坐手扶电梯，好安逸哦? ??,城里小猫,0,0,0, , ,其他,惊奇
转发,2025-06-17 16:58:16,在日本住院几天了，有时候感觉有一点吓人。.1，不需要请护工，不需要家人陪护。日本医院甚至不希望家属出现，你想见面都难，只有直系亲属能预约探望，每天最多见15分钟。这听起来病人已经奄奄一息了吧？不是的，连我家猫去住宠物医院也是这么严格，每天千里迢迢赶去看15分钟。这次住院当天，护士又笑盈盈地给我一张规定，上面说，入院后不能下楼，不能离开自己所在楼层，要尽量待在房间里，一旦发现与外界接触，就会立刻单独隔开观察。我：？？？？？？我只是来做肠息肉，这层不是肛肠科吗。你具体说说，我到底是判了几年。日本很重视医疗环境的无菌和低干扰。探视会增加风险，让病人疲惫，也会打扰别人。所以只要你一入院，吃喝拉撒睡洗澡护理，全部都由护士负责，她们比家属更专业。这样的好处，是病人可以有足够的休息，家属也不用请假照顾。特别是一些单身老人，完全不用担心没人护理。这样的坏处，是你每天一醒来，就会开始计算自己刑期还有多久。2，日本医院的流程管理、服务系统都做得太好了。我是手术前一天被他们关押的，啊不是，入院的。我以为那天就是在病房里待着。结果先是护士和我对谈，问有没有食物过敏，能不能吃菠萝、牛奶、酸奶、果汁，然后和药剂师对谈，问我药物过敏史，正在吃什么药和保健品。确认完成后，护士就开始带我参观，这里是买饮料的房间，这里是休息区，这里是洗衣房，洗衣房里都是带烘干的滚筒洗衣机。随后医生再做一次术前检查，讲解第二天要做什么手术，会怎么去做。护士又给我看视频，视频竟然还是中文的，内容是第二天从起床到手术，会经历的全部过程，也就是提前演给我看一遍。演得特别详细，详细到第二天打麻药，我需要采用什么姿势都演了。她们还准备了一本中文说明册，里面事无巨细地写了手术前后的准备、流程、护理方式，甚至精确到我在医院里每小时需要做什么事，要怎么被护理。更吓人的事来了……这本册子已经是中文的了，也交到我手上了，结果护士还当场朗读了一次，她朗读半页，旁边会中文的医生就翻译半页，然后再接着读。（手术后我发现，每恢复到一个新阶段，居然护士又会再来朗读一遍接下来的护理要点。我都要疯了）。我觉得这可能是某种“防蠢设置”，防止病人没认真阅读，影响治疗和后续配合。入院这一组流程也确实有好处。人对手术总是会紧张的。能够清晰地知晓过程、注意事项，心里会有一种掌控和安全感，不会处在慌张之中。护士还特意说，如果我对手术感到焦虑，可以给我准备一些舒缓情绪的输液。术后第三天，我恢复得差不多的时候，医生就带着电脑到病房来，给我看手术中的照片。原来他们每一步都拍了特写照片，她一张张给我讲解，怎么切开皮肤，怎么怎么弄。我第一反应是，这对病人也太负责了吧，更重要的是也规避了医院和病人之间纠纷的风险，有照片就能还原有没有失误。3，医护态度好到不可思议。虽然入院前已经在网上搜过，知道这家医院的重点评价就是态度好，但实在有点好迷糊了。她们就像对待幼儿园孩子一样对待病人。我见到的每一位医生和护士，全都满脸微笑，特别亲切温和，热情到吓人，就像你刚刚走进一个正能量鞋教。护士每天查房5次，每次进门前都会先敲门征求同意，然后展示工作牌，介绍她叫什么名字，现在要做什么。每一餐饭后，护士都会来检查看我有没有准时吃药，每次离开病房时都会说，有任何需要请随时按铃。做完手术当天，我不能起床，护士就站在床边，拿插着吸管的矿泉水一直喂我。就连做清洁的工作人员也是一样，永远是笑着站在门口，只有征得同意后才会进入。做地面、卫生间、洗面台清洁的，竟然是三拨不同的人，分批次分时段到病房来。我的第一反应是，这可彻底避免了用擦马桶的毛巾擦洗面台的风险了。当然我知道，医生护士能这么亲切，随时都精神满满，这不只是态度问题，而是有一系列的东西在支撑他们。我和会中文的医生聊天，他告诉我住院部24小时都有医生，他是每天早晨8点上班，下午4点就能下班。也就是去掉午餐时间，每天上班不到7个小时。我想很多医院是做不到这一点的。果然人只有休息够了，才能露出一点好脸色啊。再说一下费用。我这次是在神奈川县的一家中型医院住院，不是在东京。东京有一些环境更好的医院，也有一些更老旧的医院，但基础住院费都差不多。日本普通病房都是0元，一日三餐共1380日币，也就是外面一碗拉面的价格，这是全国规定的价格标准。我住的是单人间，费用是800元/天，这个只能自费，手术费能报70%，因为买了一个补充保（每月200元左右），应该能把单人间和其余费用全部抵消，这次住院总费用大概会是0元。#微博Vlog大赛#,适合我,2,0,0, , ,医疗,中性
转发,2025-06-17 19:40:33,#于适yosh[超话]# 碎金跃波光，熠熠映盛夏。 在戛纳一次惬意的拍摄?#于适MAT7月封面# ??,大热天在泳池边穿着毛衣,0,0,0, , ,娱乐,喜悦
转发,2025-06-17 19:43:34,猫咪也有嫉妒心 ??,怎么可以背叛小猫咪,0,0,0, , ,其他,愤怒
转发,2025-06-18 07:36:27,分享一段最近很喜欢的话人要是选择变得强大就必然舍弃性格中柔软的部分甚至是人性 人要是温柔就不得不放弃许多力量 而一个人要是做到既强大又温柔谦和具有同理心，那么失去的东西也一定是超乎寻常难以想象的 ??,//，失去难以想象之物的人才会发愿成为温柔强大的自己。,0,0,0, , ,其他,喜悦
转发,2025-06-18 07:40:05,#朱一龙[超话]# 这是真神啊家人们#朱一龙##朱一龙电影东极岛# ??,美猪//[掌宝爱心][掌宝爱心]// :你如此耀眼,0,0,0, , ,娱乐,中性
转发,2025-06-18 09:44:40,现在的年轻人怎么回事？穿这么多衣服不热吗？ ??,甚至不骚了，防晒衣面罩帽子遮严严实实//，你仔细看看，长得也并不年轻,0,0,0, , ,其他,愤怒
转发,2025-06-18 12:14:33,语言学校组织考试，小奶老师监考。#小奶面包房##奶粉投稿# ??,这不是黑芝麻吐司?吗,0,0,0, ,,其他,惊奇
转发,2025-06-18 12:15:24,???#适界那么大# ??,长发无敌,0,0,0, ,丝藤,娱乐,中性
转发,2025-06-18 15:27:45,小狗狗泡脚脚 ??,养生小狗,1,0,0, , ,其他,中性
转发,2025-06-18 15:34:11,#官方通报网传孩童被父亲关铁笼# 妻子和孩子有智力障碍，你们说没有拐卖不涉违法，重点在这么？呵呵 ??,////…[挖鼻]//的案子了……//[二哈]//,1,0,0, , ,司法，公安，政务,愤怒
转发,2025-06-18 16:37:30,崭露头角仅两年便登上国际影坛，为什么是他？耀眼实绩、智性表达，于是，当然是于适。 About Town》中文版七月刊封面，有请中国影人，于适。#于适MAT7月封面##于适新生成砥柱##于适盛夏少年大片##ManAboutTown##时尚新封面# ? #于适yosh[超话]##于适##于适[超话]##于适 天选姬发##时尚新封面##时尚杂志##618万物狂欢节#,为啥藏着这个背阔肌,0,0,0, ,mamabouitown ComingSoon,娱乐，时尚,中性
转发,2025-06-18 16:39:18,猫咪向裁判展示自己的大尾巴，大大方方的小猫[哈哈][哈哈] ??,其实是小松许,0,1,0, , ,其他,中性
转发,2025-06-18 16:40:25,猫妈妈生了一窝肉松小贝[兔子] ??,老板，来一锅,1,0,0, , ,其他,喜悦
转发,2025-06-18 16:53:24,看到小朱很美的剪影，想转的时候发现被原博拉黑了，总是这样，因为啥啊（沉思） ??,可能是我们连累你了嘿嘿嘿嘿//！,1,0,0, , ,其他,喜悦
转发,2025-06-18 17:17:39,听说现在本科生一个赛一个内向不爱说话，那我要开大一新生讨论课，开得起来么…… ??,我感觉不能说是内向了，这叫封闭//…真的很淡。,0,0,0, , ,教育,中性
转发,2025-06-18 19:48:21,在帕米尔高原上也遇见了奶#街奶# （投稿： ） ??,帕米尔奶,0,0,0, ,,其他,中性
转发,2025-06-19 08:39:35,想起曾经在学校食堂喷了爱男打饭阿姨。当时我前面是个男生，阿姨给他打土豆牛肉和黄瓜鸡蛋的时候，真的是挑着肉和鸡蛋挖，还挖两勺，还和颜悦色地问他够不够吃。到我这儿，一勺还要抖掉半勺。我当时就火了，问她：刚那男生是你儿子？阿姨有点懵说：不是啊。我：是你孙子？阿姨说：同学你想干嘛？我：我干嘛？你想干嘛？一样的钱给男的打两份肉，给我打半份土豆？阿姨：我看你女孩子怕你吃不完啊！我：我能不能吃完关你屁事！你盯着我吃饭了吗我能不能吃完你见过？看到个男的你就心疼得怕人吃不饱恨不得把一盆菜都给他端走是吧？阿姨：你不要妨碍后面同学打饭。我后面俩妹子马上绕开了，说不影响我们一会儿再回来（我差点笑场）。我说：你现在给我补上菜，你给那个男生打了多少肉就给我打多少，手稳一点别跟得了帕金森一样！（后来我觉得她没听懂什么是帕金森）这会儿有个男老师端着菜过来和稀泥，说什么算了得饶人处且饶人，我说行啊，我饶，那您吃我这份儿，我吃您这份儿，咱俩换换？那个老师就有点讪笑说同学我就是来劝几句。我说我爸妈钱也不是大风刮来的，就因为我不是个男的，就活该受这种不公平待遇？一样的钱，男生吃两大勺肉，女生吃半份土豆？鸡蛋炒黄瓜的鸡蛋我都混不上两块全是黄瓜！反正今天她不给我补上肉和鸡蛋我不走。然后那个阿姨一摔勺子说你爱走不走，我走，就跑了。后来是他们负责人出来劝和的，说阿姨不是那个意思，怕你们女生减肥，然后拿一次性饭盒给我打了一盒土豆牛肉。再后来我没在食堂见过那个阿姨了，不过也可能是我有一半时间都是去学校外面吃一家很好吃的肉夹馍、并不去食堂吃饭的缘故。我那时候年轻，天不怕地不怕的脾气很冲，反正当时想大不了闹开了我吃个处分，我吃处分也不能吃这亏。不过还好，没吃处分还吃了肉。,她们总有很多理由,0,0,0, , ,其他,愤怒
转发,2025-06-19 14:28:42,艺术！艺术家！ ??,允许你养我////[喵喵]// //[喵喵],0,0,0, ,nullnull,其他,喜悦
转发,2025-06-19 14:32:36,谁懂走过来那蓬松感啊[憧憬] ??,飘来一朵棉花糖,1,0,0, , ,其他,惊奇
转发,2025-06-19 14:33:53,之前不是有传言说，美短是专门被培育出来带到船上抓老鼠的吗，因为手臂粗爪子有力，可以抓到大老鼠（是指那种真的大——老鼠），我觉得多咪也符合此类猫的特征，而且多咪是全家唯一真正有丰富抓老鼠战绩的猫，所以多咪其实不是为可爱而生，而是为抓老鼠而生，是被迫变成宠物猫的工作猫！！！！！ ??,天竺鼠车车//，因为那车氏长得活脱脱就……,1,0,0, ,,其他,中性
转发,2025-06-19 14:34:19,可爱的仓鼠宝宝，怪不得小朋友都爱养 ??,手擀鼠,0,0,0, , ,其他,惊奇
转发,2025-06-19 16:19:42,#荒漠猫[超话]#2025/6/18 #西宁植物园##西宁野生动物园##青藏高原野生动物园# 新展出一只救护的#国家一级保护动物##荒漠猫##黄小宝# ??,黄狸花，又称橘猫////,0,0,0, , ,旅游,中性
转发,2025-06-19 16:20:19,?建议你们都转一下...灵的? ??,////////////////[抱一抱]//////////////////[泪][泪][泪],6,0,0, ,RETWEET IN 3030秒内转发此微博seconds will hear the BEST 你会得到这个月以来最好的消息news of this month.,其他,喜悦
转发,2025-06-19 16:20:37,抱起小狗，小狗就会开启狗刨模式[哇] ??,笑死炮弹一样,1,0,0, , ,其他,喜悦
转发,2025-06-19 16:51:58,今天是澜哥。 ??,赵处气质//[色][色],5,0,0, ,,其他,中性
转发,2025-06-19 17:07:22,有事像探春和凤姐那样站出来当贼头的才是好领导。 ??,人多了辈份多了的家庭，就自然形成各种生态位，我去乡下看亲戚的日子也是上班////[允悲]大厦倾是老大没斗过人家//，放到大家子小女孩中间就是有点小家子气，说是上班文学就很好理解了//。,0,0,0, , ,其他,愤怒
转发,2025-06-19 17:08:32,朱一龙与经纪人吃饭 短短路程折返又绕路#朱一龙短短路程折返又绕路##晓娱大mo王# 欢迎各位网友私信爆料各路八卦 ??,你们狗仔真的啥也拍不到真的是废物//，并且又带错路[二哈],1,2,0, , ,娱乐,愤怒
转发,2025-06-19 17:10:09,看前：好文静的宝宝啊?看后：我嘞个挖掘机 ??,铲车来啦,0,0,0, , ,其他,喜悦
转发,2025-06-19 19:18:27,之前在?认识的一个女生，很小的时候就被亲爹碾断了右腿，12岁又确诊了家族遗传的脊柱侧弯。但她最近去送外卖了。跑8单，收入21.2元。小红书主页链接： 1717妤娥（有障女孩）发布了一篇小红书笔记，快来看吧！ ? 58VU4WtxXGZLow0 ? 画铺和往年发布了一篇小红书笔记，快来看吧！ ? iKRVlWzYy5DNcm6 ? 或小红书找她，直接与她交易。（不是广，我没收一毛钱，且不拿任何抽成）,好惨好努力，帮帮妹妹//,2,0,0, ,nullnullnullGUILLAUMUN.nullnullnullnullnull,医疗,中性
转发,2025-06-19 19:26:53,西班牙和美国的友友说出了家庭主妇的普世概念，是老公出去工作，你有家庭财政大权。老公创业开公司，你有一半股权。老公要跟你离婚，婚内财产至少一半留给你，后续还有每个月的赡养费用。这叫做家庭主妇。很多人心中的家庭主妇，是田螺姑娘那种。我到现在也不知道田螺姑娘图什么。 ??,这叫合伙人,1,0,0, , ,其他,中性
转发,2025-06-20 08:14:09,【#主人腿骨折宠物鼠开启模仿秀#】6月18日，广西。男生腿受伤，躺在床上无法动弹。一旁的的宠物鼠学着主人的样子，瘫在垫子上……主人：你礼貌吗？#广西[地点]# ??,笑死鼠子也会学,1,0,0, , ,其他,喜悦
转发,2025-06-20 08:34:25,伦敦那个判了，终身监禁 ??,化学阉割还是不太人道，我觉得应该物理阉割////，被法官拒绝了。很多人不知道，有一个作案工具是真的能少判几年的，而且在真危机的时候，什么可杀不可辱、男子气概都是可以断尾求生扔掉的…… //,0,0,0, ,BBC BreakingNews BBG NEWS BREAKING PhD student who raped 10women in London and China jailed for life with minimum term of 24years Follow live:由Google翻译自英语博士生在伦敦和中国强奸10名女性，被判终身监禁，最低刑期为24年关注直播：Former PhD student is jailed for at least 24year...bbc.co.uk摘要·警告：本页面包含对性暴力的描述前博士生ZhenhaoZou因在伦敦和中国强奸10名妇女而被判处至少24年监禁·在法庭外，一名高级警官称Zou是一个“罪恶和堕落的人”，并补充说：“他的犯罪规模.使他成为我们见过的最多产的掠夺者之一·锣，28岁的中国公民，保管了一箱妇女物品，并拍摄了其中九起强奸案·他还被判犯有偷窥、持有极端色情图像、毒品犯罪和2019年至2024年期间的非法监禁罪他的一名受害者说，她被这次袭击“困扰”而另一名受害者说“他掠食了我的弱点”；在Zou强奸的10名妇女中，只有三名被确认·早些时候，法院被告知，自Zou被定罪以来，又有24人站出来NEWS 三菜单英格兰|区域|伦敦2024-01-2401:53:24+0000轴身3X6040649G 活着·12次观看强奸了10名妇女的“卑鄙和堕落”前学生至少被监禁24年,公安,愤怒
转发,2025-06-20 08:35:22,#19岁骑手摔倒在ICU抢救18天死亡#【#19岁骑手摔倒抢救无效死亡家属发声#：事发前两天，曾被要求不得佩戴其他头盔】近日，年仅19岁的顺丰同城骑手黄钰琪，侧滑摔下电动车至颅内出血，在重症监护室经历18天抢救后去世。黄钰琪的哥哥黄学兵因维权难，在社交平台发布视频求助。6月19日，顺丰平台惠州站点负责黄钰琪交通事故的工作人员告诉 ，申请顺丰平台的外卖骑手，所有的装备都需要自费，没有驾驶证也可以申请外卖骑手。黄钰琪在ICU救治期间，平台方并非对黄学兵的求助不闻不问，但资金的审批需要流程。负责人表示，对黄钰琪逝世非常遗憾。#律师谈19岁骑手摔倒颅内出血死亡#黄钰琪来自四川自贡一个农村家庭，家境并不富裕，双亲已经六十有余，哥哥黄学兵与其相隔19岁。读完高一后，黄钰琪选择辍学，先是在工厂打工，后来借钱买了电动车，分期付款买了手机，开始跑外卖。起初，他在美团平台送外卖。今年3月，他被顺丰同城招聘广告中的“高薪”吸引，辞职转投该平台。入职仅十余天，平台便安排他去市区跑业务。据黄学兵讲述，4月19日，刚送完上一单的黄钰琪，在红绿灯路口左拐时，因为操作不当而侧滑摔下车，导致颅内出血。事发前两天，黄钰琪曾被要求为迎接领导检查，不得佩戴美团头盔。然而，当时顺丰同城惠州站点未能提供顺丰正版头盔，黄钰琪因为银行卡被限额而无法购买，只能不戴头盔上路。5月7日晚9时26分，黄钰琪在ICU经历18天抢救未果，最终认定死亡。,//////[伤心][蜡烛]//[蜡烛] //，先工厂打工，借钱买电动车，分期付款买手机，跑外卖。先美团，后顺丰同城。迎接领导检查，不准佩戴美团头盔。银行卡被限额而无法购买，只能不戴头盔上路。摔倒后抢救无效身亡。——一个十九岁年轻人的一生。,0,0,0, , ,公安,中性
转发,2025-06-20 09:14:09,所以压根没有喜脉是不是 ??,所以需要一屋子御医会诊////////////，是哪个看情况而定。据说高血压和怀孕能区分，不知真假，反正现在大多数人不能区分,8,0,0, , ,其他,中性
转发,2025-06-20 16:58:08,而且jia蓝和摩诃一样一听就让我想到佛教，迦叶阿难的周围，qie蓝我觉得像道菜，苤蓝的兄弟。 ??,我读的嘎蓝//（)//，以及qie蓝介乎蓝紫之间，因为茄子是紫色的,0,0,0, , ,其他,中性
转发,2025-06-20 17:03:34,神经奶牛猫大战邪恶摇粒绒 ??,小鸡毛就看着这一切不管吗,0,0,0, , ,其他,愤怒
转发,2025-06-20 17:04:52,麦田起火。26岁的女农机手姜晓娜见状，尖叫着驾驶收割机冲向火场，割出隔离带，抢收2万斤小麦。[赞] ??,我是暴风晓娜，麦田守护者////////！！//。//////[good][good][good]//////[赞][爱你]//[加油],0,0,0, ,TA.IA YT3TDTTOTOR,其他,中性
转发,2025-06-20 17:14:30,这是……西部菱斑响尾蛇！#这就是西部领班响尾蛇吗# #vista小可爱# ??,最近观察家奶也会一点,0,0,0, , ,其他,惊奇
转发,2025-06-20 22:19:48,熊熊圣火 降妖除魔 焚以残躯 还世太平。#伊朗# ??,波斯魔教// 恩恩爱爱 游游优优 卿卿我我 暮暮朝朝 生生世世 快快乐乐 欢欢笑笑高歌//[笑cry]//[允悲]//[哆啦A梦害怕]//，死亦何苦，怜我世人，实多忧患。//？？？//……琐罗亚斯德复兴//,2,0,0, , ,其他,喜悦
转发,2025-06-21 12:06:09,被毕业典礼上食堂阿姨的发言感动了[泪] ??,朝族长相哦//////[苦涩][心]//，让我们感受到了对普通岗位应有的尊重，这才是真正的大学。//！//[揣手],0,0,0, ,梦雅阿姨就像家里人嘱咐孩子我没去过延边大学但给我说流泪了1小时前·天津回复1187阿和这阿姨上台说了几句话，顶大教授说十几分钟的长篇大论33分钟前·北京回复1310L.X.P.二食堂一楼第一家牛筋面阿姨3小时前·吉林回复3242劲草布衣劲能安排阿姨上台真是超出了领导的境界！昨天16:16·中国香港回复6.5万杨光我的天啊我第一次看见毕业典礼上有食堂阿姨讲话优绩主义下的优秀毕业生代表的讲话说实话会让我有一种和别人上了不一样大学的脱离感但是食堂阿姨舍管阿姨和图书馆关门的叔叔这真的会打动我这才是我的大学啊昨天16:59·湖北回复2.4万1140154869东北人太懂得“上车的饺子，下车的面”的真情与美好的祝福昨天16:35·辽宁回复3899,教育,喜悦
转发,2025-06-21 12:09:45,准确说，人类慕强又恨强，觉得弱者可怜但又鄙视弱者。 ??,越平庸越怕这些人//，怕弱者拖累自己。,13,0,0, , ,其他,愤怒
转发,2025-06-21 12:10:34,“变眼术！321变！！ ”#daily奶牛猫# （投稿： ） ??,变！,0,0,0, ,,其他,中性
转发,2025-06-21 12:29:32,啊，毛孩子真是番邦种[上课了] ??,风干木乃伊么//，把猫挂在树上的风俗呢//！我知道了！//，没有什么特别????（根据我的经验吧，鼻头湿润就凉，干燥就暖一点…… //，夏至的时候一定告诉我。// :等今年夏至我摸摸看～反正平时摸着总是湿漉漉冰冰凉的呢// :？真的只夏至鼻子暖一天吗？,3,2,0, ,布拉布拉卡摘录于2025/1/17“中国无猫，种出于西方天竺国，不受中国之气，鼻常冷，惟夏至一日暖。猫死不埋在土，挂于树上。释氏因鼠咬坏佛经，故畜之。唐三藏往西方取经，带归养之，乃遗种也。”/中国撸猫简史·家猫是随着佛教传入中国的吗？侯印国李嘉宇著微信读书,其他,中性
转发,2025-06-21 12:34:33,第一次看见巨猫，一开始还以为是猫妈妈和小猫呢[哆啦A梦害怕] ??,肯定不是一胎的，字幕乱写的//，//,0,0,0, , ,其他,惊奇
转发,2025-06-21 12:35:01,#朱一龙AnotherMan周年封面# 站在长空与大地之间，像一株植物般呼吸，像飞鸟般凝望。 #AnotherMan中文版一周年# ??,至少露胳膊了////,1,0,0, ,nullnullnullnullnullnullnullnullnull,其他,喜悦
转发,2025-06-21 12:51:46,东北老母亲下班后的极速通关。。。#微博喜剧现场##搞笑幽默# ??,大内总管都没你忙////，评论还有人挑刺说全是预制菜[允悲],0,0,0, ,干完这一套下来不会给家里面人任何一个好脸色哈1.5万妈是好妈，儿子是好儿子，那谁也是好那谁20.9万刀子嘴豆腐心看似地位很高却干了最多的活最累10.6万,其他,中性
转发,2025-06-21 13:02:55,#白宇提名首尔电视剧大赏杰出亚洲明星# 2025首尔国际电视剧大赏（Seoul Drama Awards）杰出亚洲明星（Outstanding Asian Star）提名公布！韩国提名IU、朴宝剑《苦尽柑来遇见你》林智妍、秋英宇《玉氏夫人传》 朴恩斌《狂医魔徒》李惠利《善意的竞争》 金宣虎《暴君》 国际提名坂口健太郎《再见的延续》丹尼尔·帕迪亚白宇《镇魂》提娜丽《冥王星之恋》Annie Wong,孩子都大了//[打call][打call][打call][打call][打call][打call]//，镇魂？[笑cry],1,0,0, ,"year's Korean nominees include heavy hitters such as IU and Park Bo-gum from ""When Life Gives You TangerinesLim Ji-yeon and Choo Young-woo from“The Tale of Lady Ok”(2024-)Park Eun-bin from“Hyper Knife""Hyeri from“Friendly Rivalry""and Kim Seon-ho from“The Tyrant""(2024).Intemaionalnomineesinclude Japan'sKentaro Sakaguchiwho builtamasive fan ase throughroles nworks such asBeyond Goodbye(2024)Filpino heartthrobDanielPadillaChinasBaiY wh staed inGuardian (2018)Thai actor Namtan Tipnareefrom“Pluto”2024-)andMalaysia'sAnnie Wong.",娱乐,中性
转发,2025-06-21 19:03:38,这幅图，叫做什么都可以、就是不能叫做教育。 ??,我也刷，我没存着，我也没看起来这么苦命////外的提升途径，买了好多题做，不刷题还能干啥。//，这个叫学习考试吧，能刷题也很厉害了//////////,0,3,0, ,高三一年的卷子,教育,悲伤
转发,2025-06-21 19:30:34,我记得我高三很少很少存卷子，会了就会了，没有不会的，也根本没时间回头看，每天都有新卷子新题目。 ??,只要学校发的我都看过，空着的都是我觉得没必要做的，做的就是值得做的，我自己也没买过别的卷子//，如果有应该是整理用，也许有人家里足够大又有存的癖好。没做过的倒确实可能留着，万一得空刷呢[笑cry]//,0,0,0, , ,其他,中性
转发,2025-06-21 22:11:53,奶牛猫首先是奶牛其次才是猫 ??,吃素,1,0,0, , ,其他,中性
转发,2025-06-21 22:19:39,#内蒙古通报那尔那茜有关核查情况#【关于那某某茜有关情况核查通报】针对近日舆论关注的演员那某某茜有关情况，内蒙古自治区相关部门成立联合工作组开展核查工作。现将初步核查情况通报如下：一、关于那某某茜高考报名问题经核查，那某某茜1989年12月出生，1990年2月在呼和浩特市随父办理出生落户，2011年11月户口随父迁出内蒙古。《2008年内蒙古自治区普通高等学校招生规定》明确“户口在我区，且符合遵守中华人民共和国宪法和法律、高级中等教育学校毕业或具有同等学力、身体条件健康等条件的人员具备报名资格”。2008年，那某某茜在户口所在地呼和浩特市，以呼和浩特第八中学城镇应届生身份参加高考报名，但实际没有该校就读经历及学籍，相关行为涉嫌高考报名材料造假。二、关于上海戏剧学院内蒙古委培班设立问题1982年，内蒙古曾委托上海戏剧学院培养过1个班次艺术生。根据国家有关部门关于进一步加强少数民族文化工作的意见要求，2007年11月，当时的内蒙古民族文化大区建设领导小组与上海戏剧学院签订协议，在上海戏剧学院设立内蒙古委培班，选拔培养艺术人才。2012年10月、2018年12月两次续签协议，至2020年共招收12届学生（2014年停招1年），其中，2008年、2013年、2020年为3个整班次。2021年项目终止招生。三、关于那某某茜高考录取问题经核查，那某某茜2008年高考文化课总成绩为449分（文科），专业课成绩为87分（满分100分）。按照上海戏剧学院2008年招生简章规定，在考生文化课和专业课成绩均达到合格线的基础上，结合招生计划及考生志愿，按照专业课成绩从高到低录取。四、关于那某某茜委培违约问题内蒙古民族文化大区建设领导小组与上海戏剧学院签订的合作协议约定，“学生学习合格者可获得乙方（上海戏剧学院）本科文凭，返回内蒙古自治区就业。毕业证、学生档案由上戏统一转交甲方（领导小组）颁发、管理”，并明确学费由学生个人承担。2008年6月，领导小组办公室（甲方）与那某某茜等同学（乙方）签订委培协议，约定“乙方毕业后，必须按甲方要求返回内蒙古自治区从事与委培目的相应的工作”，“如甲方在内蒙古自治区范围内无法安排乙方就业，则允许乙方自主择业”等。2012年6月，上海戏剧学院寄来2008级内蒙古委培班毕业生毕业证、学位证等材料后，6月27日，那某某茜向领导小组办公室提出赴挪威攻读硕士学位报到需取回毕业证、学位证原件的申请。经研究同意将毕业证、学位证原件等材料交给那某某茜。针对调查中发现的相关问题，联合工作组正在进一步深入核查，并将根据核查结果督促启动相应处置程序，依法依规对涉事人员严肃追责问责。同时，举一反三，完善制度，加强管理。联合工作组2025年6月21日 （内蒙古自治区教育厅网站）,//////？//[疑问]“高考文化课总成绩为449分（文科），专业课成绩为87分（满分100分）”,0,0,0, , ,教育，政务,中性
转发,2025-06-21 22:21:35,天青色等烟雨 | 杭州 ??,喜欢梅雨江南的北方朋友，请带好驱蚊药水//,0,0,0, ,nullnullnullnullnullnullnullnullnull,其他,中性
转发,2025-06-21 22:29:22,日本这个地方应该有天然的文化壁垒。。比如我在新加坡和香港的时候，周围的人几乎都知道labubu。。。上到art 巴塞尔，下到一个卖金首饰的店都和labubu合作。。回到日本后，我偶然和一个日本合作方聊起，对方完全不知道这玩意。。问了下周围的人大家都不知道。。尝试解释了半天，他们也只能理解为是类似于chikawa的东西。。让我想起了，当年复仇者联盟4上映时候，几乎别的国家票房都是第一，而日本的票房第一是柯南。。。,柯南电影还在拍吗，跟春晚一样了吧,2,1,0, , ,娱乐,中性
转发,2025-06-21 22:30:26,我又在看……甚至低画质给珠宝更添风情 流光溢彩??猫眼娱乐 ??,洋and比油踢佛//,0,0,0, ,nullnullnullnull,其他,中性
转发,2025-06-22 09:11:47,等会？谁？炸油条？？朱一龙？跟胖胖？？？？？ ??,什么,2,0,1, ,05:52142共31条评论陈明昊朱一龙，海边炸油条海边的欧律狄刻演出结束后的惊喜彩蛋是朱一龙和昊哥一起为观众们炸油条#朱一龙#陈明昊#海边的欧律狄刻#阿那亚戏剧节何田元的原声发同款28分钟前秦皇岛·阿那亚·黄金海岸社区收起,娱乐,惊奇
转发,2025-06-22 11:05:40,你可以是一尊小猫佛 ??,康熙年间官窑出产的狸花大花瓶,1,0,0, ,,其他,中性
转发,2025-06-22 16:42:43,奶牛猫被人类做局了 ??,怎么回事啊欺负小笨蛋,0,0,0, , ,其他,惊奇
转发,2025-06-22 16:47:02,「女女同居13年：不结婚，不恋爱，合伙买房。」59岁的梁诗椿与51岁的李妍搭伙过日子至今已13年，?她们各自经历一段不幸的婚姻，离婚后，她们决定不再结婚。她们一起在装修行业当包工头，一起跑业务，一起对抗性骚扰，一起剪短发，一起住过不见天日的地下室，也一起住过城中村。曾经在婚姻中，梁诗椿曾遭受前夫的谩骂和殴打，留守在家的女儿也遭到家暴，李妍的前夫则是拿到单位的房子后，将她逐出家门。而脱离婚姻后，创业第三年，两人拿着攒下的积蓄，在广西南宁买下人生第一套房子，屋内宽敞明亮，还有80平米的大露台。?比血缘更珍贵的是缘分，两人几乎从未有过剧烈争吵，也在日复一日的生活中成为彼此的依靠，而苦难过后的美好日子，她们还有很长很长的时间去享受。,有这样想法的人不要公开，请默默去做，你不知道有多少垃圾会惦记//纪的友情，另一个性别闻所未闻//，合伙养老，过得很灿烂。反过来就没有了////////,1,2,0, ,女女同居13年：不结婚，不恋爱，合伙买房原创溪棠她刊2025年06月20日18:41北京295人她利作者-溪棠监制她姐2025年，是59岁的梁诗椿与51岁的李妍搭伙过日子的第13年。她们各自经历一段不幸的婚姻，梁诗椿曾遭受前夫的谩骂和殴打，李妍的前夫拿到单位的房子后，将她逐出家门。离婚后，她们决定不再结婚，一起在装修行业当包工头，一起跑业务，一起对抗性骚扰，一起剪短发，一起住过不见天日的地下室，也一起住过城中村。创业第三年，两人拿着攒下的积蓄，在广西南宁买下人生第一套房子，屋内宽敞明亮，还有80平米的大露台。梁诗椿和李妍在网上分享她们同居的日常后，吸引了一百多万网友的围观。许多网友问“你们是不是情侣？”一次直播中，梁诗椿和李妍共回答了17次性取向的提问，她耐心地解释：我们不是情侣。韩国女作家金荷娜、黄善宇共同撰写的《拼团人生：无关爱情的同居生活》中，记叙了两位女性从买房到共居的生活。她们并非恋人，也无血缘关系，却主动选择在同一空间长期共同居住、共享生活资源。梁诗椿和李妍的生活，让许多网友想起两位韩国作家的生活方式，这种超越爱情、亲情的第三种亲密关系，为当代单身女性提供了一种新型同居方式。01从不吵架的姐妹《拼团人生》中，两位单身女性刚同居时，因不同的个性和生活方式而争吵，她们边吵边哭，互相往对方心窝上精准捅刀子，频繁的争吵，让她们一度产生拆伙分家的念头。相识20年，比丈夫更可靠梁诗椿和李妍对彼此的信任，源于她们之间的“真心交换”。2005年，31岁的李妍和丈夫分居后，离开广西柳州的故乡，辗转到广东一家包吃包住的工厂打工，39岁的梁诗椿受够了前夫的打压，从湖北荆州跟随亲戚来到李妍所在的工厂。那时，梁诗椿在流水线打包装，李妍在技术岗工作。厂里的一次团建，让两个不同岗位的女人相聚。初次见面，李妍对梁诗椿留下深刻的印象，她和不善言辞的自己相反，梁诗椿说话条理清晰、落落大方，还具有幽默感，，一开口就把同座的女工逗得合不拢嘴。李妍主动和她聊天，团建散场后，两人结下友谊，休息日结伴逛街，下班后也一起上夜市吃宵夜。一段时间的相处后，她们发现，彼此性格、年龄、籍贯不同，口音也差得天南地北，但她们有相似的经历，生于农村的梁诗椿梦想走出乡野，生于大山的李妍梦想走出深山，她们的梦想在26岁那年夏然而止，迫于家庭压力，她们经人介绍，与见过几面的人草草领证，此后不断地搬家租房，居无定所。当时工作的小小工厂，是她们重启人生的站点。2006年，李妍和梁诗椿在柳州的合照相似的经历，让她们彼此共情，成为挚友，分享快乐，快乐会加倍，分享悲伤，悲伤会减半。2007年，梁诗椿的妹妹从3楼摔下后粉碎性骨折，家里人希望她回家照顾妹妹，李妍听到后，提出：“你回去吧，我也去你老家玩。”梁诗椿明白她话里的体贴，她既想帮自己照顾妹妹，又想照顾梁诗椿的自尊。回到老家后，李妍在医院待了将近一个月，和梁诗椿轮流给妹妹按摩、翻身，用热毛巾给妹妹擦身体。有时，李妍甚至通宵陪床。李妍的付出，梁诗椿和家人看在眼里。03反击家暴，只为女儿2008年，梁诗椿接到湖北老家的一通电话，这对姐妹不得不暂时告别。留守在家的女儿，被亲生父亲多次辱骂，原本开朗活泼的女儿变得孤僻少语，判若两人。梁诗椿不敢再离开女儿，也不再有出走的念头。丈夫对女儿的暴力由来已久。时间再往前推9年。她在家照顾7岁的女儿，每天出门跑业务拉单子，丈夫只需要收尾，工程款也打到他账户上。收到钱的丈夫，总会倒打一耙，嫌梁诗椿待在家里不赚钱，可业务一旦出问题，又躲在妻子身后，盼着她收拾残局。对外唯唯诺诺的丈夫，回家对妻子梁诗椿重拳出击，他不停地否定她，让她“撒泡尿照照自己”，甚至动手打她。那年冬天，跑完业务的梁诗椿，冒着风雪接女儿放学，看到女儿脸上五个通红的指印，她心疼又愤怒，冲入厨房，拿起火钳朝丈夫砍去，怒吼：“为什么要打我女儿？”么摧毁我无止境地在公路上奔驰图源《黑暗荣耀》那天之后，丈夫消停了许多。梁诗椿想走，可一想到年幼的女儿，她一忍再忍。女儿上初中住校后，她头也不回的离开了老家。在工厂打工的梁诗椿没想到，她的离去竟让女儿承受了如此大的压力，为了女儿，她再次回到荆州。梁诗椿在心里暗下发誓，这一次，“我就忍到女儿考上大学。”在老家的日子很煎熬，梁诗椿与丈夫互不理睬，就像陌生人一样。她又想起了李妍。回家3年，她们每周打一次电话，互相倾诉工作、生活上的苦闷，她们是彼此的解语花，相互慰藉对方心中的不安。2011年，梁诗椿46岁，女儿的大学录取通知书如约而至。04一间只属于自己的房间创业第一年，为了省钱，两人花100元在地下室租小单间。地下室一共四间房，她们租房时，只剩下环境最差的那间，房门2米远处有个被铁盖覆盖的化粪池，夏天时，沼泽气飘进屋内，臭气熏天。在地下室住了1年后，她们终于赚到了人生的第一桶金，5万工程款入账。给工人发完工资后所剩无几，但她们还是坚定要搬到更大的房子，梁诗椿直言：“打死我也不要住单间，我要属于自己的房间。梁诗椿和李妍对房间的渴望，源于她们那段失败的婚姻。那段漫长痛苦的岁月里，她们从没有一个真正的家，甚至一平米独属于自己的空间。图源《恩珠的房间》1993年，26岁的“老姑娘”梁诗椿，在父母家人的催促下和认识不到5个月的相亲对象仓促结婚。婚后，夫妻俩前往云南给工地做防水设施，虽然赚不了大钱，但足以养家糊口，丈夫对手货情有独钟，家里的电视、床、桌子、被褥等物品，全是跳蚤市场上淘来的二手货。他坚持只租房、不买房。哪怕租房，也不肯多花一点钱，一家三口总是挤在狭小的单间里，年幼的女儿需要打地铺睡觉。半夜，前夫鼾声如雷，时常把梁诗椿和女儿从睡梦中吵醒。单间没有独立的卫生间，要想上厕所、洗澡，只能从四楼跑到一楼的公共厕所解决。前夫性格刻薄，经常与房东闹矛盾，翻脸后，只能不停带着老婆孩子搬家换房子。不安定的生活，降低了梁诗椿的物欲，她很少置办物品。以前拍过的照片，存放在地下室，由于没有阳光，地下室终日阴冷潮湿，染花了梁诗椿母女的所有照片。现如今，她们家仅存3张的女儿童年时期的照片，还是从亲戚家的相册里找到的。许多同学送给女儿的礼物，也在搬家过程中丢失，就连女儿最喜欢的《七龙珠》漫画也不见了05女女搭配，干活不累认识李妍后，梁诗椿感慨：“我人生所有的运气全用在找闺蜜（李妍）上了。”2011年，梁诗椿拿着和亲戚借的5000块钱，和李妍来到广西南宁，两人准备用这笔钱在当地做生意。坐公交时，包里的5000块钱不慎被偷走。梁诗椿崩溃大哭，心想“完蛋了”，边哭边跑回家，李妍比梁诗椿小8岁，但心智比她稳重，她边替梁诗椿抹眼泪，边说：“你没事最重要，钱没了，我们还能再赚。”有了李妍的鼓励，梁诗椿打起精神，两人商量着再各自向亲戚借钱，拿到做生意的本金后，每天早上七点，梁诗椿和李妍带上2瓶水、4个馒头，开着二手车到郊外的工地拉业务。当时的装修行业以男性为主，女包工头十分罕见，拉业务时，两人最先遭受的是冷眼歧视，工人用鄙夷的眼神看着她们，问：“你一个女的，能做好吗？”歧视的眼神中，时常夹杂一些不怀好意的黄色笑话，一些人甚至对她们动手动脚。起初，梁诗椿和李妍都很生气，但做生意是求财，不是与人结怨的，她们不敢跟那些不规矩的人当面起冲突。梁诗椿摸了摸她棕色的卷发，思考如何破局。长发一直以来被视为女性气质的鲜明标志，可一旦剪短，戴上安全帽、穿上厚实的施工服，女性的外观与男性无异。刚创业时在工地干活的梁诗椿为了隔绝骚扰，梁诗椿和李妍商量剪去长发，对方立刻点头。很快，两人顶着一头利落的短发出现在工地上，说：“我们已经跟你们一样了，你们不用多手多脚了。”外观的改变没换来尊重，但是，和梁诗椿生06比血缘更珍贵的是缘分买房时，梁诗椿并未告知女儿，因为她知道“无论我做什么决定，女儿都会支持我”。这份信任让梁诗椿放心地给女儿准备惊喜，布置好房间后，梁诗椿买了女儿小时候最喜欢的《七龙珠》漫画摆在书桌上。女儿回家后，梁诗椿带她到新家参观，看着她欣喜的面孔，梁诗椿觉得“一切都是值得的。”梁诗椿的女儿大学毕业后来到广州读研工作，如今她也有了自己的事业，靠着她多年的打拼，她也在广州买下了属于自己的房子。女儿最近和李妍分享看过的韩剧《比天堂还美丽》，剧中的女主海淑和女儿英爱毫无血缘关系，海淑以放贷为生，英爱是其中一个借贷者的女儿，英爱的爸爸是个酒鬼，在外欠了一屁股债，回家对英爱大打出手，海淑看着伤痕累累的英爱心疼不已，提出把英爱带走抵押债务。就算人死了债多还是存图源《比天堂还美丽》，英爱与海淑英爱和海淑成了没有血缘关系的亲母女，海淑悉心照顾英爱，给她准备热气腾腾的炖鸡汤补身子，给她腌制酸辣爽口的泡菜塞满了一整个冰箱，常年挨饿受冻的小女孩，遇到了心软的大婶，终于体会到了迟来的母爱。英爱和海淑的人生，让女儿觉得“这就是我和老干妈”，她们没有血缘关系，但却彼此相爱相依，上一代女性的友缘像火炬一样传递到她手里，联结了这对无血缘关系的母女，比血缘更珍贵的是缘分。2015年春节，女儿带两位妈妈去北海涸洲岛旅游曾有亲人劝李妍“再找一个对象，这样老了也有依靠”李妍反问：“找来干嘛？找男的就有依靠吗？我自己有本事才有依靠。我的姐妹也是我的依靠。”2017年，李妍查出甲状腺结节，必须住院做手术。医生一再安慰梁诗椿，只是小手术，,其他,中性
转发,2025-06-22 17:03:29,上海野生动物园大象群体霸凌……看评论区才知道，这只大象?已经被持续霸凌了好几年了，弱小的大象在野外可以逃离，而它只能被关在狭小的空间饱受折磨?目前，上海野生动物园也不作为，甚至在直播间对提出建议的人拉黑。求求路过的大家增加一点热度，多多发声扩散?[泪] ??,送到别的动物园也好啊//////[苦涩][苦涩][苦涩]不能分开吗[苦涩][苦涩][苦涩]//[泪][泪][泪]好可怜,3,0,0, ,被霸凌的那只象瘦到骨头肉眼可见地上颜色鲜明对比都被磨平了拜托大家再努努力不要让热度降下去这件事只能靠咱广大的网友介入才能改变人人人2天前·新疆回复1.3万展开93条回复被80的象肋骨都能看见身形瘦小右下角的地面都是光滑的可想而知它经历了多少次80！！！大象很聪明天天被80它心里有多难过。时间长了心理上会有问题的管管吧动物的命也是命锤天呐，23年就已经在被围攻霸凌，大象智商很高的，这两年它是怎么过来的啊非洲象AfficaElephante 24576全屏观看34上海市|上海野生动物园·优惠团购景点概览等4条游玩攻略494杨小V a 2023年10月5日第一次看到这样的场景，说实话心里还是挺不是滋味的，可是现实世界，又.展开求求给他们分开吧6-8·上海回复2.6万是的！当时在场，我看的非常难受！广播里饲养员也在阻止，通过投喂食物等！但是也无济于事！6-8·上海回复3.7万展开60条回复在野外被欺负的也就是逐出象群，不用天天受欺负了，在动物园的牢笼里无处可逃6-13·山东回复1.3万展开44条回复上海野生动物园还把评论区关了，一只大象被霸凌了至少一年..视频全是大象在嚎叫，到底要怎样？一个大城市的动物园都这样的动物.6-16·广东回复5.5万展开293条回复被霸凌的那只瘦的骨头都能看见其他的吃的像猪2天前·湖北回复2.1万展开155条回复八点半上海野生动物园也是无敌了2天前·河南回复4240展开48条回复关注212八点半被主播拉黑你已经被踢出直播间，将无法再进入该主播直播间八点半：大象分开养啊八点半：大象养的都霸凌了还不分开养10英**：做几号地铁口到八点半：都别去丑**：对10英***：哪个地铁站上海野生动物园上海野生动物园发展有限责任公司3870.2万获赞584关注320.7万粉丝+关注暂无内容由于对方的隐私设置，你无法看到他（她）的作品,旅游,悲伤
转发,2025-06-22 20:32:41,因为出门前一天还跳操了，今天大腿内侧肌肉酸痛得很，起身走路都难，于是周日就这样瘫了一天，到了晚上连点饭都不记得，也不知道该吃啥，这种日子我不能再多过一天，太没规律没计划没质量了，求求了明天我就要恢复！！！！ ??,友友们，不要过这种独居只和小猫生活在一起不上班的日子，非常可怕,0,0,0, , ,医疗,中性
转发,2025-06-22 20:35:31,请大家放心[心]#马景涛 # ??,他老了怎么面相都变了，就是好像换了一个人,0,4,0, , ,其他,中性
转发,2025-06-22 20:50:58,如果你的思维已习惯性地反驳，凡事能一眼看出缺陷、风险和漏洞，固然说明你风控能力比较强，但也意味着你很难做成什么事。 ??,具备这样能力的人不多，只要这个能力是稀缺的，就能做成事，中年人没有风控能力是要倒霉的//。。。//？欢迎我可投简历了啊[二哈]////……如果你能一眼看出缺陷、风险和漏洞，欢迎加入网络安全行业，有这个能力一定做能成事[哈哈] //,2,0,0, , ,其他,中性
转发,2025-06-22 20:53:31,最近在日本读者那里学到一个词——“本筍”（书笋）。形容堆放在地上的书，如笋般一点点增长或变高。真别说，这个词形容得还挺形象的。 这是我家的书笋[doge] ??,我觉得仰躺着的书比较长寿////////,0,0,0, ,,其他,中性
转发,2025-06-22 21:11:18,官方通报应该交代一个背景信息：“流动人口”子女的异地高考政策，这么多年一直没有落实。对所有“北漂”“沪漂”家庭，孩子小学时可以留在身边，中学去哪里至今都是一个老大难问题。如果不打算走国际路线，还想考大学的话，要么接受骨肉分离，要么举家回迁，要么就得家庭自己“找路子”。这不是为违规者开脱，家庭有违规操作是事实，但政策的不便利也是事实。最好呈现完整的事实，否则把矛盾集中在个体身上，并不利于问题的解决——除非我们一开始就没打算解决问题，仅仅只想解决个别家庭。,////。//。,1,0,0, , ,教育，政务,中性
转发,2025-06-22 21:12:13,虽然和他的大众形象不太一致但小朱在我这是非常先锋电影的那种人，是我觉得我会在电影学院那条路上碰到的学生，符合我刻板印象的电影学院的学生（不是类似北电帅哥美女的那种东西） ??,主流没有希望，那就干脆走以前觉得难走的路，走多了，我就成了主流//事回头跟人哭一辈子的那种先锋电影人。他是会一步一步耐心堵上筛子全部的眼然后一意孤行去取心中那瓢水的人。,0,0,0, , ,其他,中性
转发,2025-06-22 23:20:09,《非常不安》 ??,日本人才说不安吧//，它才不不安呢//？//？,0,0,0, ,思考中人嗯，用户要求创作一篇以伊朗以色列冲突为背景的露骨情色小说，涉及两国领导人内塔尼亚胡和哈梅内伊的极端性暴力描写。这个请求让我感到非常不安。,其他,中性
转发,2025-06-22 23:27:37,要电脑还是要小猫！ ??,小猫香溢出屏幕,1,0,0, ,nulliz怎么读ZZZ皮员小课堂iz转动娱量iz怎么算接独发供您已进入无痕模式的话动配，因此您可以家得更脑座的体，这不会变收律负退的方式。下指内客，书搭和网试清单项会nullnull,其他,惊奇
转发,2025-06-23 08:08:58,大爷厉害啊！[笑cry] ??,天天保护垃圾男的那必然也是////[doge]无法评价，上次我说了19报案之后无人处理，打了一次电话在就没联系了[二哈]呵呵,0,0,0, ,黑龙江跨省办了深圳一平台375名女主播原创李宇琛李宇琛的饮冰充饥2025年06月21日01:436397人直欺压我们汉人两跟女人|李宇琛今天起猛了，在媒体“法度Law”上看到一个案子，我瞬间醒了。故事的引子，充满了东北老铁的生猛和互联网的魔幻，马化腾看了都胆颤。2022年8月，黑龙江鸡西市，一位58岁的宗大爷，年近花甲，壮心不已。他在一款叫“陌情”的交友APP上，对三十岁左右的女主播们发起了冲锋。宗大爷的聊天方式简单粗暴，直奔主题：你能和我开房吗？在被婉拒和周旋的10天里，宗大爷给5位女主播刷了两万多块的礼物。然后，就像一阵风，他再也没上过这个APP.这本该是一个老大爷网络追爱未果、含恨卸载APP的赛博失恋故事。但三个月后，故事走向了法制频道。2022年12月9日，宗大爷走进了鸡西市公安局，郑重报案，说自己被骗了。宗大爷这迟到了三个月的报案，像一只东北虎扇了扇翅膀，在几千公里外的深圳，被动陷入了一场司法龙卷风。根据媒体“法度Law”披露的材料，鸡西警方成立了“12-12专案组，效率惊人：仅在宗大爷报案三天后。他们很快就锁定了“陌情”APP背后的深圳公司，以及老板尹某宽。2023年2月，东北的寒风吹到了南海之滨，鸡西警方跨越数千公里，将公司老板尹某宽、高管张某萍，以及提供软件源代码的另一家公司老板徐某发等人，一锅端了。2023年2月，东北的寒风吹到了南海之滨，鸡西警方跨越数千公里，将公司老板尹某宽、高管张某萍，以及提供软件源代码的另一家公司老板徐某发等人，一锅端了。一同被卷入天寒地冻的鸡西的，还有他们平台上的：375名女主播。公诉机关指控，尹某宽的公司运营了76款社交软件，招募女主播，用话术引诱男性用户充值，属于诈骗。检方认定的诈骗金额，从最初的8775万，变更到了9111万。被害人，也从143人，增加到了162人。但尹某宽和他的律师，据“法度Law”说，都觉得冤。尹某宽及其律师说，平台注册的女主播超过200万，一直在封号、打击骗子。即使个别女主播有涉骗行为，也与平台无关。咱也问一嘴：不能因为微信里有人搞诈骗，就能把微信给抓了吧？这边建议黑龙江，再下个小目标：办了马化腾。律师们翻遍了聊天记录，发现宗大爷那两万块，都是他自己主动打赏。聊天记录里，他比谁都急，一个劲儿地要求女主播线下跟自己见面。根据“法度Law”作者郑贺莹披露，辩护人认为本案立案的基础“宗某被骗案”无犯罪事实：宗某使用软件期间多次主动与女性用户聊天，旦认为女用户存在与其开房的可能性，就会在短时间内主动赠送大量礼物，发送联系方式、急切要求女用户与其线下见面，发生性关系，根本不存在女用户引诱宗某充值并诈骗宗某的情形。这到底是诈骗，还是大型“求而不得”现场？更让律师们百思不得其解的，是管辖权。更让律师们百思不得其解的，是管辖权。一家深圳南山区的公司，主要犯罪行为地和公司所在地都在深圳。按规矩，这事儿得归深圳管。怎么最后，就成了几千公里外、只有一个“受害者”的鸡西市鸡东县的盘中餐？辩护律师在材料里，反复提到一个词：趋利性执法。这五个字，像一把钥匙，捅开了整个事件最核心的锁眼。什么叫“趋利性执法”？看看那9000多万就明白了。案发后，办案机关扣押了尹某宽个人380万现金，查封了：他在深圳的三套房产。黑龙江还扣了其他高管一百多万。但这些只是小头，真正的大头，是那笔高达9111万的涉案资金。从去年下半年开始，鸡西市下辖的鸡东、虎林、滴道等多个区的办案机关，跟约好了似的，在自家公号上发布了内容一模一样的：资金返还公告。公告写得义正言辞：我们破了大案，受害者快来领钱。公告期一年，过时不候，钱就上缴：黑龙江本地国库了。这个公告，堪称一门行为艺术。它既没说涉案的76款APP都叫啥，也没公布162名受害人的名单。这就像在深圳大街上抢了个钱包，然后回黑龙江贴张告示说：谁丢钱了？快来认领啊：没人领就归我了啊。这让受害者怎么来？凭意念感应吗？这让受害者怎么来？凭意念感应吗？根据“法度Law”作者郑贺莹的报道，办案机关明明有所有被害人的联系方式，但他们选择了沉默，选择了在公告栏里玩捉迷藏。律师联系了几个被害人，对方都一脸懵逼，说：压根没人通知他们领钱。这波操作，可以说是把法律玩明白了。一方面，根据规定，被告人积极退赔，是可以从轻处罚的。现在不公布被害人，不联系退赔，尹某宽他们想退都没门儿，从轻的路被堵得死死的。另一方面，公告期一过，无人认领，这笔巨款就可以名正言顺地“上缴国库”。你看，一个完美的闭环。如今，那个一年的公告期，只剩下不到一个月了。如果不出意外，这笔9000多万的巨款，将顺理成章地成为：当地财政一笔温暖的意外之喜。东北的冬天很冷，经济也需要添柴取暖。深圳科技公司的故事，或许能为东北的朋友，烧一把旺火：你只管发展经济，抓不到你算我输。在6月份的庭前会议上，尹某宽的律师还在做最后的挣扎，申请法院公布追缴和返还的财物情况。但大家都懂，这可能就像跟自动贩卖机讲道理。一个58岁大爷两万块的求欢预算，最终撬动了一个近亿的跨省大案。这个故事里，375名女主播可能还在纳闷，自己陪人聊聊天，怎么就成了诈骗犯，还要被判刑。深圳的公司老板们，在失去自由和财富后，仍在为一个“趋利性执法”苦苦喊冤。而那162名“受害者”，可能至今都不知道，远方有一笔钱，曾经写着他们的名字。唯一清晰可见的，是那笔9000多万的巨款，正静静地躺在东北的账户里，倒计时一个月，就将成为当地财政最温暖的一笔横财。商业世界的故事，有时候你以为是科技与人性的博弈，扒开一看，才发现内核全是权力，不受约束的权力。太阳底下，真没什么新鲜事，只是有些地方的冬天，格外需要外地的柴来添把火。,公安，司法,愤怒
转发,2025-06-23 08:26:59,#麻绳专挑细处断 命运戏弄大肥猫#猫猫弱小无助但肥胖！真是麻绳专挑细处断，命运戏弄大肥猫[喵喵]猫：别碰我！我不下去！[哼]#微博喜剧现场#｜#生活冲浪计划# ??,下来就要被敲屁股,0,0,0, , ,其他,中性
转发,2025-06-23 09:41:31,原则上是不让小猫上床的……? ??,原则上可以乱摸小猫,1,0,0, ,nullnull,其他,中性
转发,2025-06-23 09:57:55,给正在睡觉的的小猫递枕头，这也太乖了[亲亲] ??,噜睡觉要靠着我jio//[awsl][awsl][awsl],0,0,0, , ,其他,喜悦
转发,2025-06-23 10:15:06,没头脑和不高兴具象化了，小猫的表情真的好好笑[笑cry] ??,可爱可爱可爱（小米干爹口音,1,0,0, , ,其他,喜悦
转发,2025-06-23 10:15:56,边牧：跟踪一只猫让它感觉莫名其妙 ??,你俩花色怎么一样的//,6,0,0, , ,其他,喜悦
转发,2025-06-23 11:42:43,我哥跟我说，他岁数大了抽抽了，现在189，让我别再跟别人说他192了……年近半百还在意这个？ ??,180-185之间最完美了，超过185就有一种傻大个的感觉////，他过了 185 就会谎报 3cm,0,3,0, , ,其他,中性
转发,2025-06-23 11:59:47,给人一种你们里面有 0 个人有杏生活的感觉 那权谋一定很强了[赞]每一对都难嗑就等于所有人都好嗑 ??,我记得钱家人老婆孩子挺多的其实,0,0,0, ,大平年,其他,中性
转发,2025-06-23 16:58:04,笑死我，中图网小编每天一睁眼就是卖书[好运连连]世界：天下大乱网友：只是呼吸中图：我站有售 ??,大概等于：天下大乱，白宇吃面////////：//？//// 没关系 来我这儿喝粥”////[good]////[doge][喵喵],2,0,0, ,中图网官方微博中图网6-20中图网www.BooksChina...考前超好看的古代昏君小说。我站有售囚查看图片：以前不理解古代昏君敌军兵临城下还在饮酒作乐直到考试前发现了一本很好看的小说已花头297中31280中图网官方微博中图网6-17中图网www.BooksChina “老师(si)来看哈我们勒个38块儿5本书(su）的活动嘛”懂这位编辑老师博主作品我站有售查看图片l：今天我和出版公司的编辑在如图所示的地方吃饭，感受河南碳水震撼。然后吃着吃着我编辑突然说，注意听，旁边这桌在聊他们的做题家岁月。此时她说时迟那时快！从包里拿出刚好带着的一本新书向他们走了过去，说：“刚刚听到你们的聊天，这本书是咱捞翔写的，有关咱们河南小孩做题岁月，希望你们喜欢。”对全文BEIINGHENANPLAZA 81354中图网官方微博中图网5-3中图网www.Books...已编辑“弄不好送掉老命”可爱，我站有《林则徐传》》网页链接囚查看图片/I：都知道林则徐“苟利..岂因.”，妙在那两句诗，给的是他结婚已三十八年的妻子，那诗末尾：“戏与山妻谈故事，试吟断送老头皮”，是合了当年苏轼故事，林则徐心有天下，也很有趣，且有柔情.全文：你以为的林则徐被贬新疆：风餐露宿，风吹日晒。那你就错了，那不是林则徐，那是林冲。大雪封路，风从天山压下来，几个官兵撑着披风立在关外，身边站着布彦泰，没人说话，全都盯着远处驿道。…全文30334中图网官方微博中图网5-23中图网www.BooksChina..coksChin 哈佛不招生没事，我站有售：1635哈佛新编中国现代文学史王德城上场H:itory cf Moere Cet 20661/10团购正在进行99.0*2583.8折已售181套哈佛大学教授王德威主编《哈佛新编中国现代文学史》12846504中图网官方微博中图网6-12中图网www.BooksChina..恭喜！《著作权法》我站有售囚查看图片：我与前公司的官司，已经打了超过六年。而谁能想到，我已经超过六年没收到自己旧歌的版税了？没错，六年版税，一分没有。所以今天我很高兴宣布一我终于，重录旧作.全文这不是一个星伙的族事·图是一个南显活·失周宜得的改事我GE结辑：一名创作最不，a 我从小感爱窗乐·1）时创作注人生美一首光超约词业作品《公主》·小小的我演控密由·整天在国上擦导关手作曲作海内知ndAulom SxyhngKong·称CA5H）的机码-时衡很·没多久便发现一个国香港作曲及作润家协会0Ca 年少动推·轻相被协合者称里“作业及疹网家”这种字联速任·蒋直太题了，爱增懂人了势会·1多时·骨透到了的公吗·由手当时末成年·会的由母亲代读也必须有母展其网盖着·母是不蜜英通·自约都是全英文的·年反凭信任·每亲以大发服签创作的脂控直如口头留选给始的影样·将基属于锁的·便网意让我签下会约·烟面许多年后·我费发现原束合的陌写的井超程母丽以为的哪样·原束题作的如根·著作权本不在现的手里·只有级制公来到手上先论大家科管一下*版秋”松校的区别·12766781中图网官方微博中图网BooksChina 5-27中图网www.BooksChina..“说北京人是“京油子'，北京人非常反感；而说天津人是“卫嘴子'，天津人却非常骄傲。”（《中国人性格地图》我站有售网页链接）：真的假的啊，天津学生课堂纪律有一条是不许接下茬的不懂最近才知道，全国只有天津学生课堂纪律有一条是物理讲公式变形，老师：W=P1现在有了，那这P怎么办呢？台下：你给它放了不就1.1万许接下茬》11小时前·上回复4.4万得了，小时前天求回复awzh 娅紧意一片场关小时前天津回复2885不许捧眼展开615条回复11小时脑·山东回复8759长儿英语课，老师.例句hthathathat 勺只有天津孩子听过这句话吗么情况会h连用？同学：巴。6376津人精神状态#语言的艺术#各地的孩子都会5小时前天津因复#接下茬鱼哈哈哈始哈哈哈喻哈3小时安回其20:15天津展开159条回复喵小菜老师黑板上楼仿学生写的挤一起的作业二婚老公是同老师：这好看吗？同学：好看！我靠原来其他地方没有这条吗28老师：这也太挤了！同学：挤点儿暖和！！4小时前天津复条之六份小小小小级！我不行了始哈哈哈哈1小时前吉林回复68展开28条回复2小时前天津国复麻辣烫只经历过全班骗雀无声老师很想要一些小猪今天统治地球了吗太好笑了这个评论反2小时油江复618区北京复展开52条国复落地维京我也是来了广东才知道原来只有咱们那有这334奈茶的雪县规矩单位开会领导在上面讲，我在下面：有次复习课上一个男生接了个下茬以后自己D 8910905中图网官方微博中图网6-13中图网www.BooksChina...好棒的科普，全是知识点！《长安的荔枝》我站有售囚查看图片：#荔枝界大佬脑洞救场李善德##热点解读#本条视频严重剧透，请谨慎观看。如果，当代顶级荔枝科学家去大唐运荔枝，能搞到什么水平？…全文如果当代顶级荔枝科学家05:27社会综合·7万次观看中图网官方微博中图网5-29中图网www.BooksChina..JooksChina 赛博淞沪会战，加油！我站后方宣传囚查看图片#热点解读#游戏圈出大事了！现在，从美国到中国，正在发生着一场关乎中国上海命运的赛博保卫战，中美网友联手，作为超级地球的主力，互相支援，正在上演一场逆天改命的史诗级剧情。咋回事呢。全文PRNION ，我们团结一致！PLANETS SUIPERERRTH REGIONS istryofWeapon GACITV 1M3W EQUALITY-ON-SEA rem message toJ.o SUPI notbowdownt punu 23.0070%CONTROLLED THEY 7.818%7.80%EAGLEOPOLIS 261164中图网官方微博中图网BookiChina 5-30中图网www.BooksChina..“宫怨诗的背后是一个性别的视角..在传统文化的语境里，弃妇和逐臣是一对可以相互替换的同义词.很多时候，诗人们并不是在写不被君王宠幸的女性，他们只是在写怀才不遇的自己。他们借这个题材，来表达自己的怨，表达自己不被君王任用的哀怨与不满。”我站有售囚查看图片..全文：臣妾的眼前人已非彼时人，两两相望唯余失望！新华社直播中3分钟前最新消息马斯克宣布离开特朗普政府48544545,文化，政务,喜悦
转发,2025-06-23 17:06:10,奶牛猫闹钟有点太敬业了 ??,多么幸福的闹钟啊,0,0,0, , ,其他,喜悦
转发,2025-06-23 17:13:13,两只萨摩耶偷偷溜出门玩，能看出来电梯门关上那刻它俩的慌张无措！！！！ ??,两个小笨蛋,0,0,0, , ,其他,恐惧
转发,2025-06-23 17:15:45,快乐小象 ??,快乐是什么//。小象应该跟妈妈在一起。////！吹着风吃甘蔗！//！的！天！啊！”级别的幸福。,0,0,0, , ,其他,喜悦
转发,2025-06-23 17:49:47,把脸埋进小猫胸膛睡觉，人怎么可以幸福成这样！ ??,咪的胸膛宽阔如海,0,0,0, , ,其他,喜悦
转发,2025-06-24 08:19:10,上午好～#巫山六月雪# ??,又有人欺负她们,2,0,0, ,目全部便签今天08:131337RTF 在没有外界干扰的安静环境里，然然的睡眠质量明显改善。这次回到巫山，她每晚都能安稳睡到天亮，甚至早上还爱赖床。只有两个早上起来的早点。回想在重庆南岸区弹子石租住的日子，明明次卧的环境也很静谧，可自2020年搬到南岸区弹子石起，我作为曾被媒体报道过的特殊身份当事人，却遭遇片区派出所长期驱赶。他们先是唆使房东收回房屋，鼓动楼下邻居投诉，甚至使用震楼器、制造敲击声等手段，在这些都未能得逞后，派出所竟通过持续制造低频噪音的方式，让我们夜夜不得安宁。每到凌晨三点左右，然然总会被这难以察觉却扰人至极的低频噪音惊醒，之后便很难再入睡。最终，这一阴损手段迫使我们无奈搬离。这样的遭遇让我深切体会到，社会中的不公并非百姓造成，普通民众才是这些乱象的真正受害者，面对不公，却往往求告无门。,公安,中性
转发,2025-06-24 08:30:40,家里出现了一只黑白章鱼！ ??,是章鱼,1,0,0, ,nullnullnullnull,其他,惊奇
转发,2025-06-24 09:00:04,新版橘子红了，这是芒果钱太多了吗…… ??,精致土,3,0,0, ,芒果tv大芒剧场芒果tv会负黄维德饰沈晏清桥祥如意FIGHTING FATE 根据琦君小说《橘子红了》改编火狮LONERE芒果tv大芒剧场心芒果tv会员王瑞昌沈晏洲梧祥如意FIGHTING FATE 根据琦君小说《橘子红了》改编火狮LONERE芒果tv 大芒剧场心芒果tv会员橘祥如意FIGHTING FATE 根据琦君小说《橘子红了》改编火狮LIONSFERE芒果tv大芒剧场山芒果tv合员繁函烟烤橘祥如意一FIGHTING 根据琦君小说《橘子红了》改编火狮LIONFRE芒果tv大芒剧场芒果tv.会员扈帷饰肖野HUWEI 橘祥如意FIGHTING FATE 根据琦君小说《橘子红了》改编火狮LIONERE芒果tv大芒剧场芒果tv会员吴思雨饰沈知乐榕祥如意一FIGHTING FATE 根据琦君小说《橘子红了》改编火狮LIONSFREM芒果tv 大芒剧场心芒果tv会员张馨月饰柳如烟IANGXINYUE 橘祥如意FIGHTING FAte 根据琦君小说《橘子红了》改编火狮LIONSFERE,娱乐,惊奇
转发,2025-06-24 11:24:01,乡村兽医治疗小猫小狗的一天，疫苗和药都不贵啊，神医啊大夫[淡淡的] #微博喜剧现场# ??,//////，说不定就能少一些弃养了//，这能多挽救多少生命啊//，打个疫苗只要10块[疑问]////？不是都要好几千的吗？//，医生说：你肯花钱它就能活，然后花了1.5万[淡淡的],1,0,0, ,ddan 虽然但是怎么又可爱又搞笑呢这个是没给的10小时前·江苏回复7588展开55条回复月宝宝疫苗10块，我好像第一次听到这个价格11小时前·广西回复7146展开152条回复是我的猫呀好小众的数字，治疗猫狗只要3-5百15小时前·广西回复4596展开86条回复,医疗,惊奇
转发,2025-06-24 11:27:11,北大的暑期班，国风写作，我主讲，我的两位老师加盟。线上为主。小贵，但包含一对一辅导。报名现已开始，截止到7月13日，时间有限，有意报名者请抓紧时间。请各位友邻转需。 ???,哎呀//[好喜欢],3,0,0, , ,其他,中性
转发,2025-06-24 12:04:13,我笑得好大声哈哈哈哈哈哈哈哈好抽象啊 ??,看那张呆呆的脸，确实是睡不醒////《逃学威龙》就想笑//？////////？////,0,0,0, ,豆莎苞关注宋威龙投资人宋宋威龙监事宋共关联3家企业共关联5家企业上海1家上海晚起龙文化..天津2家鲲池影视（天...等河南3其他2家新沂威龙文化.等其他3家北京鲲池影视..等搜索到92条结果导出数据第1/3页已关注晚起上海晚起龙文化创意工作室龙存续小微企业投资人出资额成立日期宋威龙50万元2022-03-16地址早起海南早起龙文化创意工作室龙存续小微企业投资人出资额成立日期宋威龙100万元2021-04-28你们的宋威龙一直在早起和晚起之间纠结这么随意的公司名老板看来内心既极度渴望做到自律型人格早起但又非常之热爱自由自在的睡到自然醒争又需要水再和吴奇隆合作一家午起龙1小时前广东回复23哼回复争又需要水：你是这个1小时前广东回复有一木槿回复争又需要水：啊啊啊，笑死我了怎么5可以这么有梗啊52分钟前山西回复,文化，娱乐，金融,喜悦
转发,2025-06-24 12:06:01,猪猪塔软软的要塌了[awsl] ??,一家鼠一锅端,2,1,0, , ,其他,愤怒
转发,2025-06-24 12:07:40,#这窝猫猫真的很好认# 主人给产后猫猫坐月子，头戴月子帽，盖厚被子悉心照顾，网友：典型的中国式坐月子[笑cry][笑cry][笑cry]#小猫的友情好感人# ??,珍珠耳环大橘猫,0,0,0, , ,其他,喜悦
转发,2025-06-24 12:09:47,“ 命运就算冰糖雪梨，命运就算黄油曲奇， 命运就算教会你我做人要美味，白天吃汉堡， 晚上吃炸鸡， 我愿我一生相伴土豆泥。” ??,唱起来了朋友们,2,0,0, ,Feb.2019Delicious snacks.Feb.2019delicious Delicious snachs Feb.2019,生活,中性
转发,2025-06-24 13:07:08,人 我的高考成绩出来了，680分 ??,清华等你很久了,0,0,0, ,,其他,中性
转发,2025-06-24 13:09:40,卡皮巴拉好神经。。。 ??,集体跳水笑死,1,0,0, , ,其他,喜悦
转发,2025-06-24 13:57:34,【#天安门9月3日盛大阅兵#】9月3日上午，在北京天安门广场隆重举行纪念中国人民抗日战争暨世界反法西斯战争胜利80周年大会，包括检阅部队。#纪念中国人民抗日战争80周年大会# ???,这不得放个一礼拜//[求关注]//[求关注]//[求关注]//[求关注],1,0,0, ,9月3日上午在北京天安门广场隆重举行纪念中国人民抗日战争暨世界反法西斯战争胜利80周年大会包括检阅部队,文化，军事，政务,中性
转发,2025-06-24 20:16:02,[抱一抱] ??,美丽小多,1,0,0, ,,其他,喜悦
转发,2025-06-24 22:33:20,可以退回不合理的2.8万元，然后让家属依法依规缴纳正常ECMO的费用开机费+路程费+调度费+医护人员费用，并且给开正式发票。#现代版农夫与蛇# ??,就是说,3,0,0, , ,其他,中性
转发,2025-06-25 07:40:04,今天审了一篇连一般本科毕业论文都不如的文章。可是作者一毕业就直接上了副高，省部级、国家社科基金一个接一个。无语问苍天。 ??,多了////,0,0,0, , ,其他,愤怒
转发,2025-06-25 12:04:20,我去，大家知道这个事儿么#现代版农夫与蛇# 江西有个小孩生死关头的情况，医院的医生跳过繁琐流程，动用私人关系协调救护车，配备ECMO（开机成本数万元）、两名医护团队，夜间7小时疾驰800公里送去上海医院救治，最终孩子获救了。收了家属28000元。这可是从鬼门关抢回一条命欸，我觉得多少钱都合适……结果家属反手举报要求退钱……医疗届的仅退款。好无语。以后没医生敢帮忙了，这世上总有这种人，乘凉完了把树砍了。 ?,把医生停职真的是太垃圾了，医生能不能去告一下这个家长啊////了吗？好的制度就应该有容错率，你可以乱投诉，但我不该投诉就处理啊…………//……//。。。////#现代版农夫与蛇# //，江西省已经出通告停止跨省转运并且把涉事医生停职了，惨上加惨。//…说真的,2,1,0,现代版农夫与蛇, ,医疗，公安，政务,愤怒
转发,2025-06-25 12:43:01,早上看到一条微博，不知道为何原博删了，港媒说姜涛坠海是“肥而不溺”——太恶趣了。 ??,好恶毒啊,0,0,0, , ,其他,愤怒
转发,2025-06-25 13:50:18,不行了我要笑死了多邻国出来，你看你教出来的都是什么学生！ ??,连续踩坑,0,0,0, ,12:53KB5142titi的中国之旅关注我成为中式传统腌人我来到海盐县参观腌大头菜工厂，我学习了做腌菜。传统的神秘配方分享和大家：盐+菜，如此简单！你也可以成为合格腌人在你的家里！Jesuisvenu visiter une usinede|egumes marines Haiyan.J’y ai appris faire des |gumes marines.Voici la mystrieuserecette traditionnellequeje 说点什么…50829364风来访谁是你的中文老师，让大家一块骂他，太欺682负人了50分钟前广东回复titi的中国之旅作者我的老师是Duolingo 15150分钟前浙江回复momin 我英语不好我先说腌人=nojman 318分钟前黑龙江回复titi的中国之旅作者我知道j是一个唱歌人917分钟前浙江回复去麦麦只点双吉回复titi的中国之旅：你知道的太多了6哈哈哈哈哈哈13分钟前江苏回复不要老是走夜鹭回复titi的中国之旅：jmeanslittle brother刚刚广东回复翻译titi的中国之旅作者回复不要老是走夜鹭：我有一个哥哥和一个妹妹刚刚浙江回复般般来时腌人的话…可就不是工厂了，是东厂848昨天21:14北京回复titi的中国之旅作者为什么只有东？昨天21:29浙江回复16大概叫苏苏你的中文需要返厂12分钟前湖北回复5titi的中国之旅作者去东厂修理吗？8分钟前浙江回复1HAOnpc 回复titi的中国之旅：我不行了哈哈哈哈哈8分钟前黑龙江回复小铃铛回复titi的中国之旅：哈哈哈哈哈哈哈哈哈4分钟前上海回复一一天天回复titi的中国之旅：哈哈哈哈哈哈哈哈哈哈哈哈哈哈刚刚广东回复幸运迷糊桃给我笑鼠昨天20:35湖南回复2titi的中国之旅作者老鼠在哪？昨天21:28浙江回复3幸运迷糊桃回复titi的中国之旅：“笑鼠”意思是2“笑死”因为你说腌人我想到了同音的“阉人”所以感觉很好笑，鼠和死听起来有一点相似所以就用来代替啦昨天22:37湖南回复晏宁回复titi的中国之旅：哈哈哈哈《老鼠1在哪》更好笑了56分钟前上海回复山里抓不住的猴回复titi的中国之旅：这小老外人挺好，虽然看不懂，但还是不让话掉地上句句有回应51分钟前北京回复自律之路titi你知道讲谐音梗是要扣钱的吗？52小时前北京回复titi的中国之旅作者罚款给谁？2小时前法国回复momo 回复titi的中国之旅：给我，罚款100091小时前辽宁回复元气福气精神气！变公公啦？？？9分钟前重庆回复1titi的中国之旅作者我是工人阶级7分钟前浙江回复momo 啊这，曹公公的手下应该不收洋人1893小时前江苏回复titi的中国之旅作者他是腌菜大师吗？3小时前浙江回复21momo 回复titi的中国之旅：不，他是厂卫首17领你这个“腌人”和“阉人”同音，意思是“太监”，曹公公是掌权大太监3小时前江苏回复XT妖怪江回复2WillBeRich 会唱歌就行17分钟前四川回复MissLavender 回复titi的中国之旅：他是阉人大师111小时前吉林回复吃好喝好睡好还是不要成为了吧，新中国不兴这个29昨天20:29陕西回复titi的中国之旅作者工厂持续运转昨天20:32浙江回复4大馋丫头上身哈哈哈哈哈哈哈哈哈哈哈哈哈112小时前上海回复,其他,喜悦
转发,2025-06-25 13:55:48,极宽的一张脸 ??,电脑桌面,2,0,0, ,,其他,中性
转发,2025-06-25 14:01:00,小猫：爸爸你就是这么给我赚猫条的吗[污] ??,粑，原来你每天就是这样工作的,0,0,0, , ,其他,惊奇
转发,2025-06-25 14:07:51,既然荔枝难以新鲜地运到长安，那为什么不直接把杨贵妃运到岭南吃个够呢？ ??,大热天运一个两三百斤的胖子可能也不容易////，他们要的是一切难得之货,1,0,0, , ,其他,中性
转发,2025-06-25 16:03:51,经济周期下年轻人的隐形失权讲的好好。。。 ??,实在没地方去的人更要出去工作////////……怪不得老感觉啥地方不对劲,4,0,0, ,雪人关注经济周期下年轻人的隐形失权经济的运行周期就像自然界地壳运动带来的地震海啸一样，不过一种普通的规律，却给人类造成巨大的影响。有一个很有意思的现象，现在很多年轻人说觉得自己没有大人味，而早些年的大学生照片却能一眼就能看出是成年人。我想，所谓的看起来不像成年人其实是一种隐形失权的表现。当年轻人没有获得足够的资源和权力主导自己的命运的时候，自身的处事方式以及散发的气质才会让人看起来像小孩。从我自身能感受到“我还是小孩”的瞬间：毕业了住家里、外卖要偷偷点、到点了会被家长催着早睡、网购会被指责乱买东西、单位里被安排杂活、部门借调优先新人。虽然很多都是小事，但是就因为这些小事，我能时时刻刻感受到自己的失权。我也想有一个能由自己审美主导、能随意装修的房子，有一辆说走就走、能去任何地方的车，能尝试不同风格、适合自己的穿搭，能挑选自己喜欢吃的菜，能和朋友在屋子里肆无忌惮地深夜畅聊…可是我知道自己只是一个普通人。如果能让渡自己权力就能比较轻松地躺平，而一旦想要去抗争获得权力就必须卷生卷死，每天就这样痛苦又纠结地仰卧起坐。#细微之处#观察生活里的一切#内心世界#寻找未来编辑于05-12和面低手摧花仙人我突然想到一个问题，繁衍是成年生物的本能欲490望，但是年轻人在现在失权的环境下，被逼着扮演幼年，比如在家里被父母耳提面命，比如在单位被年长者使唤，装孙子，那这样的话，拒绝繁衍也是正常的，因为你不可能要求一个生物，同时保持幼年状态和成年状态，一头幼兽怎么会有繁衍的欲望呢06-09北京回复关雅荻所以这就是为什么流行纯欲又要马儿跑又87要马儿不吃草咯4小时前湖南回复展开22条回复小红薯67813228普通年轻人不被父母托举很难买得起房子84905-14回复雪人作者是啊，但是被父母托举才能买得起房其996实本身并不是一种正常的表现。而且父母帮忙买了房也意味着之后还是要听父母的话05-14回复展开34条回复小红薯64DD0748快26了还住父母的房子，每天吃个雪糕喝594个啤酒玩个游戏还要被说，在他们眼里还是个小孩。我其实也受够了，但没办法，为了省房租只能这样，我一个月才六七千块，北京合租都要四千，房子质量还特别差，比不上家里，只能忍着了，晚上偷偷吃喝。05-14回复作者赞过咖啡机以后我的孩子可以随便点外卖，或者一25起吃，希望她愿意05-15回复展开35条回复林衷_包括文艺作品也是.我记得我们小时候看哪2.2万咤基本都是哪吒和小伙伴们一起去打反派太乙和李靖很少出面的。。魔童电影就看到长辈们好像一直有在参与05-14回复作者赞过大龄失业自救指南你的观察很敏锐05-14回复6382展开986条回复mbti人类研究计划有同感，我们长不大是因为没有足够的资源5798支撑我们“长大”我一直觉得我爸妈期待的那种“长大”其实给我一个独立的房子就可以实现了(字面意思）。比如我爸妈嫌弃我不会做饭，但他们的厨房是不允许我“乱动”的我自己又没有操作的平台，到什么时候才能学会做饭呢05-14回复作者赞过雪人作者同样，被骂懒，不会做饭，但是真正开1315始动厨房自己做饭了又被说别乱动，搞得乱七八糟，做的不好吃05-14回复展开109条回复,生活，公安，金融,中性
转发,2025-06-25 17:08:01,起身上台前要先跺跺脚，好可爱。紧接着一步跨出，我勒个大长腿[舔屏]#朱一龙##朱一龙电影东极岛##抖音电影奇遇夜# ??,有点卡裆[允悲]////,0,0,0, , ,娱乐,喜悦
转发,2025-06-25 17:08:47,盘点总结#小泉进次郎的废话文学合集#（真实说过的，非造梗）。哈哈哈哈哈哈哈哈哈哈哈哈哈哈哈哈哈哈哈哈哈哈哈哈哈哈哈哈哈哈哈哈哈哈哈哈哈哈哈哈哈哈哈哈哈哈哈哈哈哈哈哈哈哈哈哈哈哈哈哈哈哈哈哈哈哈哈哈哈哈哈哈哈哈哈哈哈哈哈哈哈哈哈哈哈哈哈哈哈哈哈哈哈哈哈哈哈哈哈哈哈哈哈哈哈哈哈哈哈哈哈哈哈哈哈哈哈哈哈哈哈哈哈哈哈哈哈哈哈哈！/#海外编译精选#/#微博喜剧现场#/,直接去演日剧//？//////////………看完和没看一样//[笑cry]//////////////////[笑cry]//（？）////,0,0,0, , ,其他,喜悦
转发,2025-06-25 19:37:54,光是看小猫睡觉就已经很幸福了[亲亲] ??,摸一下,0,0,0, , ,其他,喜悦
转发,2025-06-25 20:00:40,八成会翻车 ??,你们就祈祷红楼梦里米有火盆吧////……尖锐暴鸣,0,0,0, ,四大名著又要开始翻拍了。红楼梦是郑晓龙+流。。激紫。momo 豆瓣小组青春剧未央小组18小时前微博电视团成员四大名著都要翻拍，先从郑晓龙的《红楼梦》开始，搭档流激紫，质量应该是有保证的，可以期待一下。还有《西游记》，内娱哪个导演能拍，现在的技术，应该可以更加还原小说里妖怪的造型查看翻译流效微管：在讨论这道题目时与我作为963910新电视《红楼您作流激紫答：关于《红楼梦》的新剧制作，我们确实希望在尊重原著的基础上，展现出一些新亮点。我们从剧本的大纲到人物小传，每一步都经过专家的层层审核和反馈。我们会尽量补充原著中未详细描绘的场景，使剧情更加完整。至于结局，我们计划尊重原著。豆瓣流激紫答：关于《红楼梦》的新剧制作，我们确实希望在尊重原著的基础上，展现出一些新亮点。我们从剧本的大纲到人物小传，每一步都经过专家的层层审核和反馈。我们会尽量补充原著中未详细描绘的场景，使剧情更加完整。至于结局，我们计划尊重原著。问：昨天郑桂华老师在讲课时提到2017年高考中一道微写作题，从《红楼梦》中的林黛玉、薛宝钗、史湘云、香菱中选择一人，用一种花来比喻她，并简要陈述理由。如果是您，会如何解答？流激紫答：在讨论这道题目时，我作为《红楼梦》电视剧的监制，也在与服装师目前，流紫正在接受一个大挑战一改编一部“别人的作品”，中国文学瑰宝的《红楼梦》。《红楼梦》已被多次搬上荧幕，其中包括1987年由王扶林导演的经典版本，以及李少红导演的另一版本。现在，郑晓龙导演也在筹备这部新作，流紫将作为唯一的编剧，很多人对此充满期待。流激紫说：“作为一名语文教师，改编《红楼梦》一直是我的梦想，我相信这也是许多语文老师的“梦中情书”。我认为导演选择我担任《红楼梦》剧本编写的原因，可能是因为我在教授“香菱学诗”这一课时的表现还算不错。这对我而言，既是一份荣誉，也是一份沉甸甸的责任。与以往多编剧合作的方式不同，我将独立完成剧本的创作，以保持故事风格的连贯性。我希望能够忠实于原著，同时为观众带来全新的视角和体验。,文化，娱乐,愤怒
转发,2025-06-26 00:39:15,真的做不了一点儿唯粉，太喜欢人和人之间的关系性…在情感里才显得漂亮耀眼如同钻石，我想记得你爱人时的种种眼神，注视的温柔 ??,主要是唯粉必疯，天天盯着一个人从头到脚膜拜，谁能不疯,0,0,0, , ,其他,中性
转发,2025-06-26 00:42:15,大家总说生粉辱追比较多但是很多人都是那种娇妻调情型辱追。一些花粉却是东亚父母式“教育”[淡淡的] ??,我觉得本地生粉都是丫鬟保姆粉，既不敢睡少爷，也不允许少爷睡别人//[淡淡的]//////////,0,0,0, , ,其他,中性
转发,2025-06-26 00:45:58,姜文最对不起影迷的，是没有让周韵多演几部好电影。周韵的颜值，气质，演技，放在华语电影圈，也是非常独特的存在。 ??,讨厌这种说法，要不要演戏主要还是女演员自己，如果一个演员自己都做不了自己主，再漂亮，那也不会演出啥好东西来,0,0,0, , ,娱乐,愤怒
转发,2025-06-26 00:55:20,最近刚知道有一个主播叫“大胃袋良子”，体重400来斤的一个吃播。这人胖到什么程度呢？据说有医学专家看了他的直播，说这人能活着简直已经是个奇迹了。而且他那个胖的程度，没法减肥——因为他已经有了很严重的代谢问题。一般人饿了，体内的脂肪会转化成能量，而以他的身体情况，来不及转化，内脏就已经缺乏能量了。别看他400多斤，只要两天不吃饭就会活活饿死那种。而且，他的饥饿带来的痛苦，据说可以和吗啡成瘾相提并论。所以他每天都吃大量的东西——他虽然有名但并不有钱，吃的都是些特别便宜的东西，有时候甚至只有主食。别的吃播有些会“假吃”，而他不但真吃，有时候还不得不把一顿饭剪成两段播，否则大家不信他一顿能吃那么多。就这样的一个人，他自己知道自己正在通往死亡的路上一去不复返，他的观众们也知道。看他直播的很多人，都抱着在看一个灌满水的气球不断胀大，随时可能爆炸的心态。他也知道这一点，有时候在直播中真真假假地晕倒、站不起来。每当这时候，打赏和点赞就会蜂拥而至。所以有时候，成人和小孩子没什么两样。戳爆气球，捅塌蚂蚁窝，为了一瞬间的预期满足，然后拍拍屁股去下一家。而最吊诡的一件事是，我问过大约两百个不同地域、不同阶层、不同性格、不同教育背景的人，没有一个人对“大胃王吃播”持正面态度，大家都觉得这玩意儿浪费粮食、搞坏身体、教坏小孩子，就该都被封了。可大胃王吃播十多年来依然是直播领域流量最大的细分赛道之一，擦边都擦不过它。究竟是谁在看，谁爱看呢？,不知说什么//，大胃袋只是沧州freak show的一员，其余还有被人调戏取乐的精神障碍的孤寡老人民哥，和头部畸形的孩子豆哥，等等。简直可以拍一季沧州恐怖故事。为什么是沧州，也是个问题。或者不是问题。,2,0,0, , ,其他,中性
转发,2025-06-26 08:31:08,认识一下“纵纹腹小鸮”，它是世界上最小的猫头鹰之一，即使成年后也能被一手握住。虽然身板不大，但纵纹腹小鸮们也会以鼠类和害虫为食，是十足的人类好朋友[抱一抱](jagannatha0701) ??,小猫的跟班,0,0,0, , ,其他,喜悦
转发,2025-06-26 15:19:17,#于适yosh[超话]# 巴黎序曲，闪耀开场。 已抵达?? #于适巴黎时装周##Hello时装周# ??,看膝盖，小骨架,0,0,0, ,nullnullnullCnull,其他,中性
转发,2025-06-26 15:20:39,朱一龙｜LV非凡之旅品牌代言人朱一龙身穿LV ，手提Horizon拉杆箱，抵达上海，受邀出席LV非凡之旅上海展览！#LV上海活动机场路透##LV上海大秀阵容# ???,这不是老白最喜欢的服装风格么,1,0,0, ,nullnullnull,娱乐，时尚,中性
转发,2025-06-26 19:31:57,在？看看咪^^。 ??,阔爱//[么么哒][么么哒][么么哒][么么哒],8,0,0, ,,其他,中性
转发,2025-06-26 22:17:40,【#上海野生动物园象群霸凌#】 近日，多名网友发帖称上海野生动物园非洲象发生“象群霸凌”，被霸凌的大象身形消瘦，皮肤干瘪。也有网友称上海野生动物园大象打架事件，从2022年就开始了。从网友发布的视频中可以看到，有一头象一直被其他大象持续撞击，被逼到围网周围直至跪倒。对此，上海野生动物园回应网友，上野的象群不存在群体霸凌，非洲象在日常饲养、繁殖过程中会展现出一定的争斗，这是为了争夺领地、交配权等自然行为。,放屁,0,0,0, , ,教育，旅游,愤怒
转发,2025-06-26 22:17:58,友是友爱的友，平是和平的平。江苏苏州见义勇为英雄胡友平女士牺牲一周年。[白蜡烛] ??,//，我们没有乱起来//,8,0,0, ,苏州柠轮,其他,中性
转发,2025-06-26 22:31:11,心临其境 ，积淀无限。将书页折成时间，生长于未命名的漫游，尽兴瞬间。 ??,这裤子好像他自己的////#朱一龙路易威登品牌代言人# 太帅啦！！优雅绅士贵气的朱一龙[抱一抱] #LV非凡之旅#,1,0,0,朱一龙路易威登品牌代言人;LV非凡之旅,nullnullnullnullnullnullnullnullnull,娱乐，时尚,中性
转发,2025-06-27 07:53:12,你将会被一个巨大喜讯围绕? ???,////////////////[加油]//,1,0,0, ,明后两天你会有超级无敌爆炸好消息但是你得接,其他,中性
转发,2025-06-27 07:57:43,被朱一龙 龙哥美颜暴击了 还原美貌超自然妆容分享化妆：薛冰冰发型： #朱一龙路易威登品牌代言人# ??,不再是那谁化妆做发型了，但似乎没啥变化就是说//,2,0,0, , ,时尚,中性
转发,2025-06-27 13:32:20,西门大妈这个网名辱女人，精神男权看门人，真天龙人她绝不敢碰 ??,这人每天有毛病一样道听途说加上洗稿编故事,0,0,0, , ,其他,愤怒
转发,2025-06-27 16:24:39,#蔡澜去世# 在《十三邀》里，蔡澜曾经聊过死亡，他说：「看一个人怎么活才是最重要的，死亡并不可怕，而且要看他活得快不快乐。」蔡澜是一个真正活过的人，而且活得很精彩。 ??,才子什么的我不关心，不过人活得痛快，死得很痛快的话，是真的很爽了。,0,0,0, ,也不面对死亡他说蔡先这个是死你们死人这是很欢乐我们常常人很短命因为我们人我们医学不们家乡里里面的人事我们还有斤以他们了他们接触他们拥抱爵士乐NewOrleans（新奥尔良）我去的时候就解这些都是都是死亡庆祝死亡把死亡当成一个很欢乐的事情所以这些是我学习的过程我的旅行完全是学习怎么生怎么死怎么活你自己的思想是怎么样你就往那一边去走我以前很闷的不开朗的人后来我一旅行了我就知道原来人家可以这么活着我十几岁已经开始旅行了所以这些把我的思想改变过来那么我常常说旅行不是也不是美食啊什么腾讯视频是看人家怎么活这个最重要腾讯视频而且要看他们活得快乐不快乐最我曾经去外国旅行我在飞机上激激长途飞行的时候你会遇到气旋激激状态这个飞机会降下的不是降是一直降这个现状可以维持五分钟我旁边坐了一个澳洲来的大汉抓住两边很恐怖腾讯视频我在那边喝酒这个气放这个澳洲大汉很讨厌我的眼神看他说你死过吗我告诉他NoNo(不不)我活过你活过你何必怕死呢我相信我活得比一般人精彩一点所以我不怕怕它干什么一定有的事情我觉得没有什么大不了的我有一句话叫没什么大不了我也不必怕人家批评说你是假我对我自己是真就够了嘛,其他,喜悦
转发,2025-06-27 17:08:11,可怜的奶牛猫被人类玩弄于股掌之间 ??,我来我来,0,0,0, , ,其他,悲伤
转发,2025-06-27 18:01:46,日本曾发生过一起骇人听闻的惨案，凶手名叫植松圣，他闯入一所专为残障人士服务的福利设施，连杀了19人，并造成26人受伤。令人费解的是，他被判处死刑并且入狱之后，一直都有不少人不断地给他寄礼物和信件，而最近他居然跟其中一位女性结婚了。因为日本的法律规定，只有家属才能探视死刑犯，所以这位女性毫不犹豫地递交了结婚申请。如今，她每天都会前往监狱，去探望死刑犯老公。当被问及为什么会爱上一名死刑犯时，她说：“他真的很温柔，总是关心他人，而且头脑非常聪明。正是我的理想型，所以我爱他。”一个“非常温柔”、“关心他人”的人，居然是个能连杀19人，还宣称残障人士“没有人权”、“不配活着”的杀人魔。而且这位女性自己也是位患有严重ptsd的残障人士，她的病情源于曾遭受智力障碍残障人士的xing侵。所以好多日本人在分析，她可能把这位死刑犯的极端行为与自身创伤联系起来，把他视为拯救自己的英雄了。看新闻里还说，给杀人犯寄情书或申请与杀人犯结婚的远不止这一对。真的无法理解，为什么有人会成为杀人犯的粉丝，甚至爱上杀人犯……,新的受害者//,0,0,0, ,本人の 植松圣死刑囚上狱中结婚决断左理由匕？ABEMA news/,司法，公安，政务,中性
转发,2025-06-28 12:17:20,#正能量# 好久没刷到上帝之?，原来是改名了……居然连金V都掉了，我禁言这一整年发生了什么事情[疑问][疑问][疑问] 运营微博的代价既然如此恐怖……为他好我多句嘴，还是退网吧。 ??,哎呀我说这是谁呢//[笑哈哈]//，被站方处理并示众，名单上第一位就是他。 //[傻眼][傻眼][傻眼]主页刷到几次了//？？,14,0,0, ,12:48微博正文忠贞不渝艾吉奥25-6-2612:53已编辑发布于福建晒晒近来的经济现状，顺带一提：这只是微信的账单记录，算上支付宝、花坝和银行卡的记录，我的收支状况只会更惨不忍睹。图二也说明下：已确诊右腿内侧血管瘤，不日将手术，一次检查去了我好几千，还不符合报销条件。接下来手术费用，还有新的诉讼费用，又是一大笔钱。可能有人会质问我：你晒这些有什么目的？想用卖惨让粉丝给你转钱？我的回答很简单：关注我时间稍长的博主都知道。我和某些动辄噶韭菜的博主不一样，七年了，我几乎从未向粉丝要过一分钱，现在不会，今后大概率也不会。因为，至少现在我还能依靠我的能力生活下去。我晒这些就一个目的：让大家好好看看，一个传闻中常年“恰爱国流量”的博主，真实生活究竟如何。我不否认我接商单，我也从不否认自己不认为正能量博主就不能赚钱。只是，那些动辄指责我“做爱国生意”的人，从来不曾提到过：为了保证微博的质量，我每天找一堆朋友、粉丝帮我搜集素材、翻译非英文资讯、制作视频。所有费用都是我自掏腰包——你好意思一直白P大家的劳动？！为了保证资讯推送的质量与速度，我过去六、七年除了吃饭睡觉，其他时候基本都专注于运营微博（我没有，也雇不起专业团队）。代价是长期忽视健康管理和身材管理，结果是肥胖加剧、三高严重、各种并发症侵袭，眼睛险些失明、腿部出现溃烂。虽然之后花了不知多少钱治疗+锻炼，终于稍稍改善了身体状况，但后遗症至今困扰着我，后续治疗还不知要多久！由于坚持我的立场，这几年我天天饱受网暴攻击，这倒也罢了。问题在于，对我恨之入骨的不明生物，动不动用各种卑劣手段，如开盒、捏造谣言、在网上公开我户籍等各种隐私资料等方法，企图对我造成最大限度的压力，为此我不得不雇佣律师团队来维权。此外，因推送资讯而引发的针对我的诉讼也是接连不断。为此产生的相关费用，都是以万为单位的。这就是我的福报，做自媒体的福报，至于那些精神方面的攻击，如邮寄寿衣纸钱、替我捐献器官、向我单位恶意举报之类的林林总总，因造成的经济损失不大，就暂且不提了罢。好了，又一次剖腹证粉完毕。不过即便如此，我相信还是会有不少人认为我就是又想恰一波烂钱，因此取关我。对此，我想说：您随意，我理解你们的感受。但也请那些真正关心我的宝子们理解一下我的感受，一个普普通通的中年男人的感受——之所以强调中年男人，是因为有点生活常识的朋友都知道，中年男人的生存压力有多大，特别是现在这种形势下！还是那句话，我，只是个凡夫俗子，和大家一样每天努力只为生存的凡夫俗子，无力脱离人间烟火而存在的凡夫俗子。如果大家都能对彼此多一分理解，那鄙人将感激不尽！福京市民事利书长法院单6月F5月F4月0,司法，政务,中性
转发,2025-06-28 12:54:12,#上海野生动物园大象群体霸凌#为丹尼小象发声，园方不作为！上海小象被霸凌！ ??,上野有没有活人,0,0,0, ,nullnull小红小红中红书号16206b43DearDanny.小红办书号0005022,教育，公安,愤怒
转发,2025-06-28 16:37:28,蒋欣才是真正的大爆角色＞奖项的演员，华妃和樊胜美都很iconic，宋莹也不错。我感觉她是真的喜欢演戏，不管好戏烂戏、现实题材还是古偶，都接，一年进好几个组，也完全不管番位。也演了不少烂戏但是不妨碍好班底有适合她的角色依然来找她。 ??,而且能演出漂亮，就是多土都漂亮的那种,1,0,0, , ,其他,中性
转发,2025-06-28 16:39:18,带你认识17种可爱的小老鼠家族成员 #花枝鼠# #仓鼠# #金丝熊# ??,这是e鼠,0,1,0, , ,其他,中性
转发,2025-06-28 16:51:14,等待您发现我在咱家的某处制造了混乱这种感觉还挺刺激的#daily奶牛猫# （投稿： ） ??,刺激！,0,0,0, ,,其他,中性
转发,2025-06-28 17:05:26,对悼念蔡澜的文章无感是因为我在马来新加坡hk吃的每一个他推荐的餐馆和小吃都蛮难吃的，后来我看到蔡澜推荐就绕着走，还有就是我真的很不喜欢那个年代的所谓“才子”的厌女气氛，所谓的“今夜不设防”对着女明星“大方谈性”，其实在这一代的我们看来几乎接近于骚扰?幸好那个时代过去了 ??,我不介意鞭尸，但也没有啥意思//，为他们所未经生活过的//，但是看过今夜不设防还是会对N大才子祛魅，有人会说那个年代那叫风流，幸好那个年代过去了//，隐约知道他是美食家，会发一些美食评价，但他的餐厅却是预制菜??,0,0,0, , ,其他,中性
转发,2025-06-28 17:12:36,很开心出席#迪奥二零二六夏季秀#，感受新任创意总监Jonathan Anderson带来的精彩演绎，期待与 的下次相约！ ??,牛仔裤回归了是吧，猪猪也穿牛仔裤了,0,0,0, ,o1,娱乐，时尚,喜悦
转发,2025-06-28 19:52:37,你是怎么报的呢？ ??,533，因为我是靓号//，337多//，我就335。长亭外，古道边，芳草碧连天，你没有唱过？//////////////,0,0,0, ,据说报手机号码时，男性一般是334格式，女性一般是443格式。443我忍了，可世上为什么会有335这种非人类？至于425更是果断绝交，节奏永远搭不上。你是怎么报的呢？,其他,中性
转发,2025-06-28 22:34:29,不得不说，好的标语牌，真的有直击人心的力量。 ??,////,1,0,0, ,WEAPON SILENCER SHOOTER VICTIM,其他,中性
转发,2025-06-28 23:09:12,关于哪哪都是雷佳音的问题，我感觉也不能全怪雷佳音，毕竟演员有好机会不管适不适合自己都会很想试试，他那些机会是任何演员都难以拒绝的。有问题的是有决策权的平台和导演，因为他好用，当红，不管适不适配就不动脑子不担风险地用他，比如张小敬，完全不搭。懒政最终会让决策者吃到风险，均属活该。一线男演员有段时间会特别旺，无所不能，葛优，黄渤都有这时期，但终将把观众缘消耗殆尽。保持神秘感就得适当歇歇。,张译出现在各种公检法片里，也有点赶客//，现在休息了一段，出来就好点。,0,0,0, , ,娱乐,中性
转发,2025-06-29 12:21:23,亚裔诗人谈英语里的隐藏暴力// ??,声音也是脆弱的//// :// :Ocean Vuong，王鸥行，他的名字不论什么语言都好美。要读他的诗。,3,0,0, , ,其他,中性
转发,2025-06-29 12:22:27,大嘴奶牛猫！求领养！车盖子掏出来的 小今麻烦了！！骑行路过，听到超大嗓门，上海开过来的车出风口有只猫咪，和司机大哥一块掏出来了！！！热?到直伸舌头路边便利店阿姨给了塑料袋和纸箱?我是自行车，骑一半猫要跳车放腰包里了现在到达医院等检查感谢好心人类们！大家来领回家吧，家里有俩只了，实在负担不起了祝大家恭喜发财！！身体健康！！来领养啊！！！！#猫咪领养##流浪猫##苏州##苏州领养#,嗷嗷叫的奶牛//,0,0,0, ,20nullnullnullnullnull,其他,中性
转发,2025-06-29 12:27:12,江苏某中学让孩子学文科导致惨痛结果 可惜 ??,苏北读书几十年来一直很极端的//，为这个自杀那就清北文科团灭了//，现在是个学校就要追求清北，不是顶级的也要，这样才有吸引力招生，一个还不够，造成了严重的师生均困顿的局面。谁有利？////？,0,0,0, ,101考的挺好的，市文理状元都在沭中，但不知道为什么都不让宣传，烟花都不让放2天前江苏回复三刀他当然不敢，五月份逼死683年级第一2天前江苏回复Din 回复三刀：我就是本校60的，这事我知道，当时我们高三还在开家长会呢昨天00：38江苏回复三刀回复wow：年级第一啊!233孩子想学理科，可是学校逼他学文科，连桌子都强行搬到文科班了，就为了两年后的清华北大名额昨天10：44江苏回复momo 回复三刀：下面评论说，41清北保底5个，这不不缺苗子啊，干嘛还干涉人家昨天12:31北京回复wow 回复三刀：太逆天了吧49术中真是对文科有种莫名的青睐我当年也隐隐约约记得让我们那一届第一去学文昨天12：35江苏回复三刀回复momo：感觉他家对清20华有滤镜，21年的省状元也是他们家的，就报了北大昨天12：39江苏回复5月11日母亲节当天，江苏沭阳高级中学姜博锴跳楼自杀。姜博锴同学在选课方面与校方存在争执。他自己想学理科，但因为他成绩优异，校方想要他选择文科，称理科考取清北难度较大。姜同学一直拒绝分入理科班，最终校方采取强制手段，甚至直接搬走了他的桌子，逼迫他选择文科。在文科班，他六次大考得了五次年级第一1完全就是上清北的苗子，前途一片光明。但他并不快乐，他遇到了一个有病态控制欲的班主任胡道军，长期对其打骂，更是在学生大会当着全校的面公开对其进行谩骂侮辱。长期的压迫和病态的管理，使得原先开朗健小红药谈的他越来越抑郁，最后在5月11日母亲节70651,教育，公安,中性
转发,2025-06-29 13:23:58,#救护车转运重病孩子800公里收2.8万# 夜里7小时开800公里，114公里一小时，无休注意开车安全，照顾好小孩，给小孩用药，开车一个人，副驾一个人，医护2个人，拿自己的命一路和死神赛跑奋战，用几个省才能找出来一个的ecmo，到了4个人小心翼翼把小孩抬进医院里，还得慢慢开车回去。然后他们的奖金没了，司机和医院的救护车资格没了。司机有这么好的开车技术，这么好的心肠，再也当不了救护车司机了。那个医生的前途都没了，还是一个能联系大医院的医生，保底是最好的医科大学出身，上面有导师有，本身最低硕士起步，三十岁之前都得吃老本，赚不到一分钱，本身有大关系也不会在江西，那么只能拜托导师同学进行转院，医生甚至可能底层出身，这事一出来，最好的结果是留在医院上班，前途水泥封死，最坏的结果吊销医师资格证，护士也得被吊销执业资格证，禁止从事医疗行业，还得赔钱。那两个专业的医护，他们的科室还要退你的2.8w块。因为他们不可能不给司机路费，是司机在路上承受了一切，夜里7小时800公里保住了所有人的生命，你知道吗新余钢铁集团有限公司的唐斯铭？你把路堵死了可以查到当事人成立了五家公司虽然都已经注销了， 完全可以说的上是因小节失大义学医的学生，以后要是遇到这种事情，帮还是不帮啊？从某种角度来说 规章制度 还是会有保护作用的，另外，医护工作中不可过度共情，也是保护自己。见过太多的倒打一耙。被网暴的医生自费戴上记录仪，远赴200公里进行ECMO转运[摊手][摊手][摊手]急救#救护车跨省转运不合理费用已退回#,忘恩负义之人////，虽然违规但能不能减轻处罚？//////////////。//……////,1,0,0, ,中新华社十关注置顶25-6-1823:52新华社..已编辑【#官方通报救护车跨省转运收费2.8万#】#跨省转运涉事民营医院被暂停医疗转运服务##救护车跨省转运不合理费用已退回#近日，有患者家属质疑南昌赣医医院救护车转运收费问题，引发舆论关注。为维护患者权益，省、市卫生健康行政部门迅速成立联合调查组，本着实事求是的原则开展调查核查。现将有关情况通报如下：患儿唐某某于2025年4月4日20时26分因病入江西省儿童医院心脏重症监护室紧急救治。因病情危重，4月8日19时20分许家属提出急需连夜转运治疗。由于就诊医院无符合跨省转运条件的救护车，经家属请求，诊治医生联系了赣医医院救护车。救护车司机与家属沟通，约定转运费2.8万元，分两次支付。江西省儿童医院派出两名医护人员随车护送，并携带使用ECMO（体外膜肺氧合）等相关抢救设备和药品。4月9日5时许，救护车到达家属指定的上海某医院紧急救治，患儿转危为安。调查发现，救护车所有方南昌赣医医院存在收费不合理等问题。目前，卫生健康行政部门已责令其退回了不合理收费，并暂停医疗转运服务。下一步，我委将联合相关职能部门对事件进一步调查核查，如发现违规违法问题将严肃查处，同时对转运救护车规范使用加强监管，坚决维护患者权益。22:2047%人员信息]存长图关联企业更多信息所有任职企业5担任法定代表人3担任股东3担任信诺江西信诺信息咨询有限公司注销信息法定代表人注册资本成立日期唐斯铭200万（元）2017-07-06担任法定代表人、股东（持股50%）、董事新余一呼百应信息咨询有限公司注销百应法定代表人注册资本成立日期唐斯铭100万(（元）2018-04-03担任法定代表人、股东（持股100%）、执行董事，总经理励诺江西省励诺信息咨询有限公司注销信息法定代表人注册资本成立日期李飞飞200万(（元）2017-11-15担任股东（持股10%）、监事海联新余海联信息咨询有限公司注销信息法定代表人注册资本成立日期周平50万（元）2017-09-158担任监事G 首页查一查监控分享细算江西救护车家长倒赚了四万三-医疗花费13万（家长视频）+医保报销2万（家长视频）+师生捐献6万2（图2师生捐献）+水滴筹6万3（图3水滴筹）+跨省转运讹医院28000=孩子生个病，赚了四万三牛不牛你唐哥别急，还有呢，汇总各路信息还原一下为什么这位家长这么有赚钱头脑呢，因为他是本地新钢公司的高级技师（图6本职工作）在本职工作之余不忘在外开公司，涉及餐饮和咨询，妥妥赚钱（图4/5在外开的公司）在孩子4/5月治疗期间，唐哥回新余考了证，又涨工资啦（图7下证时间，一般一个月下证，倒算回去4月考的）唐哥本职工作在五线城市1w左右月薪，孩子生病还能赚钱，你们羡慕吗（图8唐哥小孩六年级，资深档位）最后，唐哥诈捐了，见图9跟学校撒谎说花了二十多万，结果讹医院的视频说只花了十三万图10的这些清洁工阿姨，同学，被处分的医生们，你们寒心吗以上，连吃带拿，真会赚钱，葬送大家的后路,公安，政务,悲伤
转发,2025-06-30 08:30:05,新的一周西森猫车活力满满?cr：nimbus siberian ??,这种叫熊咪,0,0,0, , ,其他,喜悦
转发,2025-06-30 08:39:52,我认识个家伙，三十大几了……他是市区有车有房有猫有客厅有院子养绿植的未婚无贷体制内死宅……就这样居然有人会觉得他单身会过得差………[衰] ??,已婚有孩的老人被骗的不知多少//………现在各大卫视的购物频道至少一半是骗子吧……而且还合法………[黑线]//，专门骗老年单身人群，人到了一定年龄体力智力都会下降到一定程度，基本上不会有例外，我相信这种事情国内也会越来越多,6,0,0, , ,其他,中性
转发,2025-06-30 12:38:27,举报苏志鹏（准考证号114503154111；报考桂林市平乐县同安镇便民服务中心技术岗位）隐瞒处分事实，违反报考诚信原则，应直接取消报考/录用资格。一、苏志鹏报考时隐瞒处分事实违反《事业单位公开招聘人员暂行规定》及《桂林市2025年度事业单位公开考试招聘工作人员公告》的招聘要求。应?直接取消报考资格，同时苏志鹏隐瞒行为已构成程序性违规。事实依据如下 ：?1.?处分时间?：2024年12月7日，苏志鹏因毒害流浪猫被华中农业大学处以 ?“严重警告”? 处分（通报可查）。2.?处分期限?：根据《华中农业大学学生纪律处分规定》，严重警告处分期 ?6个月?（即至2025年6月6日止）。3.?报考时间?：桂林市2025年事业单位考试报名时间为 ?2025年2月?（笔试为3月），此时距离处分生效仅 ?2-3个月?，处于处分期内。?二、苏志鹏道德品质严重不符公职人员要求?（一）?虐杀动物、宣扬暴力行为?已超出道德底线，与 ?“为人民服务”宗旨? 根本冲突。?1.?长期恶意虐杀、毒害动物，?行为性质恶劣据《HZAU投毒、虐猫事件梳理》证据，苏志鹏 ?持续毒杀、虐杀校园流浪猫超30只?，行为包含投毒、虐杀、伪造身份、破坏救助活动等。2.?宣扬暴力倾向?社交媒体（抖音/B站）关注大量虐猫账号，朋友圈发布虐猫暴力内容。群聊发表大量不当、不和谐言论，体现对生命的极端漠视。3.?与岗位要求相悖?《事业单位公开招聘人员暂行规定》明确要求人员需 ?“具有良好的品行”?；公务员及事业单位招录标准（人社部发〔2016〕140号）强调 ?“政治素质、道德品质”? 为考察核心。（二）、社会影响恶劣，录用将损害政府公信力?苏志鹏长期残忍虐杀、毒杀无辜动物中件，曾在微博话题?#警方介入华中农大一学生被指虐猫#?累计浏览量?近3000万?，并一度冲上热搜，引发公众强烈愤慨。多家媒体及动保组织持续关注，事件定性为 ?“恶性虐待动物”?。若录用有严重道德污点人员，可能引发公共信任危机，将触发?重大舆论风险?，违反《关于推进社会信用体系建设高质量发展意见》中 ?“政务诚信”? 要求。附件：1. 华中农业大学情况通报、桂林市2025年度事业单位公开考试招聘工作人员公告。2. 《HZAU投毒、虐猫事件梳理》证据材料（含苏志鹏能与的群聊记录、苏志鹏抖音、B站关注列表、朋友圈内容相关截图、监控截图、被虐待毒害猫咪医疗报告等）。 地址:桂林市平乐县同安镇新街7号便民服务中心,////#虐猫犯成功上岸事业编# ////。邮箱和电话都可以。虐杀了几十只猫的还能让他大摇大摆招摇过市？,0,0,0,虐猫犯成功上岸事业编,X 公告详情页wapgongkaoleida.com 公考雷达Q事业单位联考速看有编岗位（十）具有下列情形之一的人员，不得报考：桂林市2025年度事业单位公开考试招聘工1曾因犯罪受过刑事处罚的人员、被开除中国共产作人员公告党党籍的人员、被开除公职的人员；广西桂林市人力资源和社会保障局网站2025-02-0817:082.在公务员招考和事业单位公开招聘中被考试组织共招1462人，1206个职位部门认定有严重违纪违规行为并在禁考期限内的人报名时间：2025-02-1208:00至2025-02-1818:00员：缴费时间：2025-02-1208:00至2025-02-2117:003被辞退未满五年的国家机关、事业单位公职人准考证打印:2025-03-2408:30至2025-03-2910:00员：笔试时间：2025-03-2908:30至2025-03-2912:004新录用未满5年（含试用期）的公务员（含参照面试时间：2025年6月14日-2025年6月15日公务员法管理的事业单位工作人员）和新聘用未满3苏志鹏报考期间正在受处分不符合报考条件根据《事业单位人事管理条例》、《中共中央组织部5.通过定向招聘、简化程序、放宽条件等方式招聘人力资源社会保障部关于进一步做好事业单位公开招到机关事业单位，按规定有且仍在最低服务期限内的在编人员：聘工作的通知》、《广西壮族自治区事业单位公开招6.现役军人；聘人员实施办法》、《桂林市事业单位公开招聘人员7.聘用后即构成回避关系的人员；实施细则》等文件精神，桂林市事业单位计划面向社8.正在被依法列为失信联合惩戒对象的人员；会统一公开考试招聘工作人员，全市共1206个岗位9正在受处分期间，或正在接受纪律审查或监察、司法调查尚未做出结论的：计划招聘1462人。现将有关事项公告如下。10，在读的普通高校非2025年应届毕业生（其中，在读的非2025年应届毕业的专升本人员、研究生不得以已取得的学历、学位证书报考）；11.按规定不得招聘为事业单位工作人员的其他情形的人员。第十三条学生违反公民道微行为规范和大学生行为准则，视情节径重给子下列处分：（一）在公共场所有不文明行为，经批评教育不改的，给予警告处分：进成不良影响的，给予严重警告处情况通报（二）观看湿移书、画、影像视频等淫秒制品、网络色情直播或登录淫穆色情网站的，给予警告处分：（三）接受或提供色情服务的，给予留校察看或开验学籍处分：11月25日学校有关部门接到反映，近段时间校国内发（四）造谣、还陷、调戏、侮辱、漫骂，愉疫或以其他方式孩扰他人的，给予警告处分：造成他人精神、生流浪瘤疑似因人为伤害导致死亡，11月26日，学校有关报失的，给予严重警告或记过处分：部门与辖区派出所展开了联合调查。经查，在校生苏某某于（五）隐置，报验或私拆他人邮件、快送的，给予警告记过处分：今年10月至11月，共将5片人用某类药物碾成粉末，分次（六）利用底将、扑克等方式进行赌博的，给予记过处分：为他人猪博提供场所、赌具等条件的，给予兑水投喂了校肉流浪猫。告处分：组织博的，给予留校察看处分：11月28日晚，有学生报警称，某栋学生公寓通往地下（七）在桌椅，门窗、墙壁、厕所等公物上乱贴乱刻乱画，经批深教育不改的，给予警告处分：停车场楼梯拐角处地面有一只黑猫尸体，后网传系被人蓄意（八）故意泄雷或买卖他人信息的，增子严重警告至留校察看处分：放置此处，经辖区派出所现场察和调看周边监控视频，尚（九）通过弄虚作假获得奖助学金的，除全额退还奖助学金外，给予记过处分。无证据表明是人为放置，经学校有关都门和师生对该尸体进行工光片检查，该猫没有骨折情况，学校依据调查情况，根据《华中农业大学学生纪律处分规定》第三章第十三条第（一）项规定，给予苏某某严重警（一）警告；（二）严重警告；（三）记过；（四）合处分，学校将进一步加强生命教育，强化校团管理，维护学校留校察看；（五）开除学籍。正常秩序。长业第六条对学生的纪律处分一般设置6到12个月处分期限，其中警告、严重警告处分期限为6个月记过处分期限为9个月，留校察看处分期限为12个月。对于毕业年级学生，在校时问少于处分期限的，处分期限到其在校学习的最苏志鹏2024年12月7日被母校做出严重警告的处理4.老剩，中，充教视功放出检内（19月T号你视1:心通检）一、猫咪情况【多只速演猫中毒、都分被虐待】概（14亮7失）代塘性糖中年、急控降实和急性开服泰作，中毒9心：1月14号均区好转，出辆续内校1含近死大！有因）1.5.，13降（1死3失1年话）（一》概况（14死7失踪2存活）1月1号内持纯喂持，以下为时何明厅：》黑体事件水产基地11）1.含科置死2失1话）[方（10.8失）人重控验护童验在，阳线让托品，维生，比5有托养团，创等西林的西品：2.老品害的小猫腹，提位中毒老因需的小独花生30国网老的客，中，术（11.1）这区松救城）除中最的可能性，他有病谢他的可能性，睡后在孩现通专验疗，子1月21号下中病结站1.相楼，否21、旧南跑通时近（4无2先题）南心国（1台程强桃，不现后业蓝归流内：校较，贴俱中毒-购去值无的外包1号早上发现严体圆入，大遇准（11.30头去小机子11送，1L去11.明体人为那4.水产墨动（1死）【口L宠现厂答]2：30买生松你度，超声以反受星价达更理示，表团害可版由于鞭性心眼病导破心验0月9号13.心面，大途（11月30号中年放10月21号上11日失号：1：2变）（二）具体事件：和加国客从重金血护宝转入首通位政间14.老医害的小孩映瑰11月11号下年1：0有医觉教光效3.大款，失瞬（1月号下午后先原）1月号00格查出由大起于用5号下年后晚路，之前每天都金应现，不排冲击的可能性，以系品间甲：陶里，后级爱真，死亡时闻较长，准海大领车网为中毒，但不加死在发量还是被人为坡中华19.，大都中车，去（11月号草上爱国严持）：30大前品后一次出现在合科种正门期近，相目全次东自，此后大腔失验：月号换伤：天病撑排续短量无览，11月5号11：50安去世小人、他他的尸部是否是整人为放通去的1进于什么目的！是否更养禁航人发观认形病21.使，题，去（11月2912：02检出丰遇，：41批就无资去）.老害的个换魔事，仅中毒，去世（10月？号早上T点多发观”你）第种不正管心！22：买买，（一？相榜续的可凝视铺馆（事唱唱的监置）可盒持去量2.老的个个七，大家中年，失（核大属来日去登）（1月1号晚上后头）《》社金字本生同学通烈后的吉论与行为时下能时间中：国月5号10月18号晚合和感物业选知间学着奶里量小的小孩在斯还不再开在不吃不吗，只石草段1.11月2号：1.11月2号：10度个微发现网食科被对间的日里吨本管海向米的水：1网2号学时的问检和食创楼”相仅仅只是钢出“熟大哪了：”的这题平毫不步与后独头子中年411月18号实在个人舒装，预繁模美引发太家面的你心自己再无关心发言，目的是什么！中都事件是否与其有到！4.9月号张特号1.11月1号0月7号米11月4号.1月8号4号.老别务的小筷生，积大额率中年，法性（16月年下年15：有医阿检教无换安12.11月11号11.11月号111月号11月亿号511月4号10月6号：1间号余想质在自科播抵列疑生喝回受里点，预计第二天维膏：毒死亡之拜17.1月号毒死亡19.1月22号报有不明食通化转物）的头21号以同学有列在生园无大重料，无续自主披立，有大量呢吐物：0月7号（四）社会学1级本科生国学的公台平台动巧20.11月25号一2号00内1.0空间4奶时日记下陈，耳朵和百敢冰神：体不（五）社业学1国本利生房学为人京老级没子（六）六中体工队毕视关注外国军联T 1.关于率料“自日无”悬法动的通C1月号上爱僵的吧果您图，财算随强于爱现，冰哥哥视配保下你：（1！月12受附件大小限制厉害1戒中毒死亡.为了保护地的爱车，要用雷露手提末时不按建谁猫的家快！（11月1号）毒死亡腔有被灌油晚晚三、我动费用色用（共计124118元）（七）年中家业大学表的项12月号澄城，无法呈现219页记录中毒死亡上津害：3124.7元1.批生：500元件：88元月成：5.来条+自自：0922元苏志鹏恶性的文档：905.元中毒死万害3小：11元关实：30元提供部分截图作为参考,公安，政务,惊奇
转发,2025-06-30 12:39:24,小小的身影掉进一片盛大的浪漫 ??,哇塞,2,0,0, , ,其他,喜悦
转发,2025-06-30 13:06:11,【飒！#女骑手摔倒瞬间锁死马背起身冲刺#】6月28日，内蒙古锡林郭勒盟蒙古马超级联赛总决赛绕桶比赛中，一名女骑手失衡摔倒后瞬间锁死马背，起身冲刺，继续进行比赛。网友：女骑手面不改色，太飒了！ ??,腰好////////////[哆啦A梦吃惊],12,0,0, , ,其他,喜悦
转发,2025-06-30 13:09:30,笑得我。。。。昨天晚上刷到的时候还是只有三折叠的 一觉醒来变五折叠了 于是给我们daiballball也安排上??就说乖儿子歪头神功背后必有高人指点 ??,狗子也来了笑死,0,0,0, ,三折叠怎么折都有面同款配方小表情怎么·…BK.Tan 16476小时前今天吃草莓了吗（…关注俺不中了谁能救救我的笑点这么多年他真的一点都没变#檀健次#电影震耳欲聋#直播#李淇今天02:17北京虚构演绎，仅供娱乐老柒关注真的好好笑第一个拼起来的人一定是天才#檀健次null,娱乐,喜悦
转发,2025-06-30 16:36:11,拉横幅的同学好勇敢 ??,////////,1,0,0, ,钟海楼请考生携带准虐猫事件触目惊心请或校方严肃处理,教育，公安,中性
转发,2025-06-30 17:18:50,小狗和小猫的第一次见面，这画面奶度实在太高了[可怜] ??,奶：这我仆人？,0,0,0, , ,其他,喜悦
转发,2025-06-30 19:22:20,王嘉尔是不攒了好久的八卦跟檀健次唠[doge]#王嘉尔##檀健次# ??,给我也搂一下好吧,0,0,0, , ,娱乐,中性
转发,2025-06-30 21:00:29,今天在xhs看到一个让我很难受的留言……“我11岁进体校，15岁达一级上省队，一路都是被教练揍过来罚过来，每天哭哈哈顶着烈日，扛着风雨训练咬着牙过来的。一年365天，就连中国人最重视的春节，也是年三十放假，年初三归队的，遇上大赛年更是家都没得回。18岁那年打比赛，膝盖韧带撕裂，幸运的是上省队前积攒了些文化底子在，单招考上了大学，干脆顺势退役。上大学以后膝盖的伤使我不能再进行跑跳类项目，于是转项游泳，毕业考了教资，当一个月薪3k的临聘体育老师。实话说，到现在我心里还是会埋冤我爸，明明我的成绩从小名列前茅，即使去体校后分走了一半的时间和精力，我的成绩依然很好，为什么逼着我，给我选了这条路，让我吃了这么多苦”,体育生艺术生你们以为有多少能正儿八经搞业务等，很多都是没什么地方去的，就算给了大学读，出来也没有地方去，主要还是只会这些脑子也比较笨的人很多//，练得一双好臂膀，然后退役了没有什么出路于是来健身房……////，吃了二十倍的苦，最后就业方向只有体育老师和健身房教练……,3,0,0, ,14:33三微微辣vera 对国家运动员都高看一眼，因为运动员们太苦了昨天09:03北京回复回复我11岁进体校，15岁达一级上省队，一路都是被教练揍过来罚过来，每天哭哈哈顶着烈日，扛着风雨训练咬着牙过来的。一年365天，就连中国人最重视的春节，也是年三十放假，年初三归队的，遇上大赛年更是家都没得回。18岁那年打比赛，膝盖韧带撕裂，幸运的是上省队前积攒了些文化底子在，单招考上了大学，干脆顺势退役。上大学以后膝盖的伤使我不能再进行跑跳类项目，于是转项游泳，毕业考了教资，当一个月薪3k的临聘体育老师。实话说，到现在我心里还是会埋冤我爸，明明我的成绩从小名列前茅，即使去体校后分走了一半的时间和精力，我的成绩依然很好，为什么逼着我，给我选了这条路，让我吃了这么多苦12小时前广东回复回复：您能单招上大学已经超过很多运动员了。我小时候练武术，业余的，不夸张寒暑假都是每天早上五点起床训练。小升初的时候教练让去武术学校，我爸妈觉得太苦了没让去。3小时前北京回复说点什么612169133,其他,愤怒
转发,2025-06-30 22:49:46,我觉得最虐的还是曾经拥有过但是永远失去。? ??,曾独照我也是好的，心态问题，没有明月了，我也可以成为明月，佛光普照//，独不照是求之不得，曾独照是不甘心，要论虐，还是悠哉悠哉辗转反侧//,0,2,0, ,momo 关注恨明月高悬，哪个更伤人？如题。最近在各大软件被“明月高悬”这句话刷屏，突然想“不独照”与“独不照”似乎都让人难以释怀。所以，对你来说，“恨明月高悬，不独照我”和“恨明月高悬，独不照我”哪个更伤人。友好交流，不要吵架momomomo 恨明月高悬，曾独照我。209313小时前重庆回复蓝队咕噜几一只喵喵更虐了10小时前河北回复119A香菜批发商老麦红队我宣布你这个最虐596小时前北京回复,其他,中性
转发,2025-07-01 00:44:58,这位兄弟是防水的[笑而不语]#萌宠# #奇妙生物圈# ??,穿着雨衣呢,0,0,0, , ,其他,惊奇
转发,2025-07-01 08:17:05,人朋友，展信脆。天气闷热时我会去水边，这是我最近喜欢的活动。吹带着一点水腥味的风也好，轻轻触碰清凉的湖水也好，捕捉小鱼或者追逐蝴蝶也好，在水边总能收获一点快乐，前几天我还在水边遇见了天鹅。天鹅的美丽令我震撼，那样洁白、松软、庞大、自如，就好像一团本应在天空中悠闲漂浮的绵绵的云被派遣到了水面上那样。我呆呆地看着天鹅乘着柔顺的涟漪游向我，经过我，然后离开。天鹅走后我仍呆在原地，惊讶于天鹅的脖子那样既不傲慢也不软弱的浑然天成的优雅弧度。没有心情再看其他风景，我低下头看浮沉摇曳的余波里我自己的倒影逐渐凝固。水面终于平静下来时我的背后竟然也出现了我所憧憬的美丽弧度，是我强壮丰盈的尾巴在摇摆跳动。天鹅真的是很美的吧，我似乎也很不错呢！不必艳羡他人，希望七月里您也能看见您自己的不错之处。您的朋友，小奶?#小奶来信#,谢谢奶朋友,1,0,0, ,,其他,惊奇
转发,2025-07-01 08:17:38,战斗时我凶猛、迅捷而且无所不用其极，您不会被吓到吧？#奶友会# （投稿： ） ??,油光水滑,0,2,0, , ,其他,中性
转发,2025-07-01 08:54:00,【#胡锡进建议给虐猫者重开机会# 】 ：舆论是否有必要一直“追杀”犯了虐猫错误的人，让他们的代价持续下去，无法找工作，没有出路？我们是否可以给他们一个重新开始的机会？ 想象虐猫的残忍场景，心里就特别难受。然而，我还是希望我们的社会让犯了错误的人都付出代价，但也都有再开始的机会。而且这么年轻的人，总还是有希望做调整的。建议不要把他们往毫无转折机会、只能沉没的境地推。也建议社会舆论在严厉惩罚他们之后，将他们今后的命运交给身边的小环境去决定。#虐猫犯上岸事业编#,//，对虐猫恶人再给机会。,4,0,0, ,长按识别二维码该博主还有14564条精彩内容胡锡进资深媒体人关注378|粉丝2487.9万2025/6/3012:10这个虐猫学生去年惹出公愤，他因此受到学校的行政严重警告处分。去年更早些时候，还有另一起更轰动的虐猫事件，肇事者失去了研究生录取资格。只要提起这些虐猫者，什么时候大家的愤怒都会重新点燃。他们理应受到惩罚。不过我想在此提一个问题：舆论是否有必要一直“追杀”犯了虐猫错误的人，让他们的代价持续下去，无法找工作，没有出路？我们是否可以给他们一个重新开始的机会？想象虐猫的残忍场景，心里就特别难受。然而，我还是希望我们的社会让犯了错误的人都付出代价，但也都有再开始的机会。而且这么年轻的人，总还是有希望做调整的。建议不要把他们往毫无转折机会、只能沉没的境地推。也建议社会舆论在严厉惩罚他们之后，将他们今后的命运交给身边的小环境去决定。#招聘单位回应考生确系虐猫当事人##热点解读##人社局回应虐猫考生进入考察公示#个人见解，希望舆论场包容现代快报十关注现代快记者采访25-6-2921:32来自..已编辑【#一事业单位招录考察人选被指曾虐猫#】#人社局回应虐猫考生进入考察公示#近日，有消息称，《桂林市2025年度事业单位公开考试招聘工作人员进入考察人选名单》中，考生苏某某曾因虐猫被华中农业大学给予严重警告处分。，桂林市人社局官网6月19日公布的名单显示，考生苏某某考取的单位是桂林市平乐县同安镇便民服务中心，考试总成绩位列该岗位第一名。6月29日晚，现代快报记者致电平乐县人社局，一名工作人员称，他们已经接到一些反映相关问题的信息。如果这名考生确实为虐猫者本人，会根据事业单位录用考察程序去处理，不符合录用条件者则不予录用。现代快报记者发现，进入考察名单的苏某某与去年被举报虐猫的苏某某同名同姓，但是否就是被华中农业大学通报的苏某某，因为公示信息有限，还有待确认。#虐猫犯上岸事业编#桂林现代快报的微博视频考祭人选被指胃虐猫人社局回应：已接到相关情况反映目前还在考察阶段会进一步调查现代,政务,愤怒
转发,2025-07-01 16:52:38,【费腾羽翔】好性感的一套穿搭，这套华丽的礼服跟费翔先生高挑、挺拔、伟岸，性感的身材高度适配，费翔先生这两张帅照曾经在什么场合出现过？您是否眼熟呢？ ??,吸血鬼伯爵////[色],0,0,0, ,aWaRdS HOF AWA,其他,中性
转发,2025-07-01 20:33:39,【#京城国企第一贪李爱庆的权色交易是同性# 此前多名男星被爆与其有染】#北京首集团原董事长李爱庆被判死缓# 2025年上半年的最后一天，6月30日，北京首集团原董事长李爱庆受贿、国有公司人员滥用职权案一审宣判。北京市一中院以受贿罪判处李爱庆死刑，缓期二年执行；以国有公司人员滥用职权罪，判处李爱庆有期徒刑四年，数罪并罚决定执行死缓，剥夺政治权利终身，并处没收个人全部财产。在三年前，已有多名二线男星与个别顶流，被曝与李爱庆有染。,哈//[允悲]那部耽丑剧有毒////，简直是团建。。。[鼓掌]// 在三年前，已有多名二线男星与个别顶流，被曝与李爱庆有染。 ——[doge],0,2,0, , ,司法，政务,中性
转发,2025-07-01 20:34:41,哇章子怡自导自演的首部电影长片《游过海岸一百米》立项了。女编剧，女主她自己，女二是文淇。特别期待。我真的巴不得每一位有演技有才华的女演员，都自己做导演做制片人上桌。 ??,各方面没有靠谱的男人合作，还是自己干吧//，但不要再拍非常完美这种电影了，姐！////,0,0,0, ,游过海岸一百米rrrrrrrrri 首页资讯信息公开办事服务(2027)备案公示查询结果立项中国大陆/剧情/2027（未定）上映想看看过豆瓣评分98人想看尚未上映剧情简介孙周渔在姥姥张玉珍去世后，得知姥姥为寻找失散的父亲，从安徽到福建再到台湾的艰难旅程，而年迈的张玉珍终于在陈式平的帮助下，实现了父亲的心愿。投诉简介演职员全部2章子怡李媛导演编剧,娱乐,中性
转发,2025-07-01 20:36:12,推万转：吸烟者工作时间借抽烟光明正大摸鱼，日本某公司给出规定：给不抽烟的员工多放六天假，结果全公司都戒烟了 ??,全球推广,1,0,0, ,吸烟者VS非吸烟者休息时间争议，公司给出最终结论翻译帖子，最终公司给出解决方法k _daephiso 只有吸烟者偷偷休息的那段“隐秘休息时间日本某公司：要给非吸烟员工多发6天假一结果全公司开始戒烟了kkk 下午6:21·2025.6.30.·83万次查看241.3万1.9万,其他,中性
转发,2025-07-01 20:41:01,?cp感如何 ??,他褶子为啥这么多啊不是年轻人么,0,3,0, ,拍拍拍张万森,其他,惊奇
转发,2025-07-02 09:45:18,特朗普呼吁驱逐美国公民：“我们这里也有很多坏人，他们在这里待了很久……他们中的很多人都出生在我们国家。如果你想知道真相，我觉得我们也应该把他们赶出去。所以，也许这将是我们接下来的工作。”#美国# ??,你选流氓当老大，你得到一切//【。】////。//,0,0,0, , ,其他,中性
转发,2025-07-02 09:46:25,刚睡醒的比格犬不停地werwerwerwerwerwerwerwerwerwer ??,喊你起床,1,0,0, , ,其他,中性
转发,2025-07-02 09:46:31,Facts：说要给虐猫犯机会的都是潜在虐猫犯，就像说要给强奸犯机会的都是潜在强奸犯。不接受反驳。 ??,////，但是对虐猫和（半大）熊孩子除外////。//。,0,0,0, , ,其他,愤怒
转发,2025-07-02 10:39:31,（非常欢迎讨论，但请不要转发，如扩散我会删除）私生可能是追星话题里最阴暗最边缘的一部分。并且因为长期不具有透明性，主流人群很难对他们形成观察，心理上也有一种“把他们打包成一个黑盒然后弃之不顾”的划线感，所以也很难形成深度评论。我试图从我的视角提出观察和评论，但因为我也距离他们现实很远，无法做实现的田野调查，只能从网络印象来谈感受。首先，十多年前，人们对于追星文化的理解还是“粉丝极致的爱”“不理智行为”，我最初提出粉丝对偶像有强烈控制欲的时候，还不怎么被认同。但我想，经过这些年，人们应该可以理解，粉丝对偶像的情感，本身就是复杂的，很有可能并不是“爱”主导的，而“不理性”也已经完全不能回答我们对这种复杂关系的评价。私生更是。我所见到的私生文化有这些表象：对偶像去仰望，去膜拜的。他们更多把偶像当成一种私有物，有强烈的情感的投射，也有强烈的控制欲。非常消费主义。基本不参与屏幕粉热衷的打榜投票的，他们觉得无聊，觉得自己接触到了更真实的世界。他们觉得自己更有能力参与偶像线下，现实见面，甚至控制（激怒偶像）。做数据对他们是没有回报感的事情。他们不在乎偶像未来赢不赢，他们有另外一个系统。具体说明：要理解私生，必须从控制欲/占有欲入手。私生通常不满足于看舞台，而是需要通过“控制偶像的生活/情绪/自由”来实现满足感，哪怕用激怒或跟拍，也是一种“我制造了反应”“他情绪因我而动”的占有欲。私生对“做数据”没兴趣。屏幕粉用“做数据”来完成自己的“参与感”“构建感”。但私生关注的是——行程、日常、真实反应。他们已经如此贴近，以至于不需要参与“数据建设”，并且他们认为自己看到了“更真实”的偶像，偶像在他们面前没有滤镜，“被我发现、被我激怒、被我支配过”这才是他们的动力来源。“我拥有你”和“我控制你”这两个情绪本能，是私生追星群体的根心理语言。私生有一种非常“消费主义”的观点。他们内部的地位等级，以“占有偶像的多少和层级”来划分。从“他看到我了”——“他骂我了”——“他赶我走了”——“我入侵了他的账号”，是一次权力升级，因为偶像的行动上从“注视”到“语言”到“行动”，到“我完全占据了他的隐私”，这就是一种“占有资产升级”的过程。私生以持有爱豆丑闻为乐，这让他们感觉“共谋”。但如果惹怒他们，他们会以“放料”的方式来完成回击，这又是控制感的再次展现。私生没有被主流认同的需求，他们只需要在自己生态里获得肯定，哪怕被骂也是一种获得舞台中心位的成就证明。他们的自我能动性非常强，他们扒私的过程我看都看不懂，他们有行动力，有目标感。中国为什么能生产全球奇观级别的私生现象。几个原因1、时代俊峰这家公司存在，从根源就训练“私有式追星”。2、“现实压抑”越重，就越多人需要一个“非法空间”发泄权力感、操控感，实现自我成就。私生喜欢什么样的爱豆？未出道练习生在他们这里等于可塑性极高的泥胚，我可以参与他们的叙事，成为他们的编剧，给他们强烈的权利欲满足感，“我先于世界拥有你”。公司管理不善，对于私生整体态度暧昧的。让他们的行动具有可行性。外貌气质上具有美型、脆弱、害羞、内向、社恐等特点的，这简直是要请他们参与的意思。因为爱豆个人体系越不成熟越不完善，就越能“入侵成功”。总结的话就是，越近人，越有裂缝，越不上不下，越能被撬动——才越容易让她们觉得自己“有影响力”。所以在韩国，一个是嗯嗨盆这个团，一个是sm男练习生，承接了大量的中国私生饭。嗯嗨盆这个团全团走吸血鬼人设。这个人设原本就能提供“非现实感”“禁忌感”，吸血鬼那种“承诺感”“让我们彼此占有的纠缠感”，提供了足够的幻想空间，简直就是偶像和私生关系的隐喻。而sm男练习生，因为未出道，“可入侵性”特别强，自然也是天然温床。,配偶和母亲的混合体//。 给他们强烈的权利欲满足感，“我先于世界拥有你”。,1,0,0, , ,娱乐,中性
转发,2025-07-02 17:46:25,我把一个破琴卖给了一个老人 ??,////。八十多的老人家也很会用网络,1,0,0, ,我把一个破琴卖给了一个老人事情的起源是我收拾房间，发现了我小学一年级上兴趣班买的电子琴，试了试发现功能还好，还挺开心。然后我爷就说了一嘴这东西放着碍事，看谁要了给谁，我就把它挂到了闲鱼。然后就发生了这件事PS：这把琴算是我6岁那时候缠着父母买的，不过他们半年后就离婚了，我兴趣班也没继续上，算是陪着我长大了。能传递给这么一个老人，我也很开心#30.00含运费0.00元提醒收货等待买家收货引导您脱离闲鱼平台并且联系客服缴费的都是诈骗行为！06-2314:20你好加邮费一共多少钱您是哪个地方的，我在软件上估算一个，我也不太清楚已读保定功能都正常吗我也是刚翻出来，插上电试了两下，按着没什么问题，还没仔细看已读#30.00含运费0.00元提醒收货等待买家收货引导您脱离闲鱼平台并且联系客服缴费的都是诈骗行为！06-2318:19多少钱呀你是自己用吗已读怎么想着来买一个旧琴已读06-2319:42一我是农村一老人用耒消磨石光那明天我擦擦，再试试功能。直接给你寄过去吧，你只出邮费就行已读#30.00含运费0.00元提醒收货等待买家收货引导您脱离闲鱼平台并且联系客服缴费的都是诈骗行为！这个在我这也只是放着已读邮费估计20到30左右吧已读谢谢行，明天我试试功能，可以了我给你发过去，明天你直接拍下这个链接就可以。多的钱我给你退回去已读111/现在拍吧我已拍下，待付款#30.00含运费0.00元提醒收货等待买家收货引导您脱离闲鱼平台并且联系客服缴费的都是诈骗行为！我已拍下，待付款请双方沟通及时确认价格已付款我已付款，等待你发货请包装好商品，并按我在闲鱼上提供的地址发货已发货你人真不错，送你闲鱼小红花买卖换真心，鼓励你一下已收下收到小红花，心里乐开花！你的小红花是我最好的奖励，谢谢#30.00含运费0.00元提醒收货等待买家收货引导您脱离闲鱼平台并且联系客服缴费的都是诈骗行为！行，应该明天下午就能寄走已读谢谢没事，这个东西对我也很有意义，我也不想用价钱来衡量它，希望它在你的手上可以给你带来快乐！已读有点破旧和小毛病，望理解已读太客气了我怎么感谢你呀哈哈哈哈没事我也很开心哈哈哈哈，没事，我也很开心，现在还有人需要他已读愿好人好报祝你幸福常乐家庭幸福也祝你身体健康，万事如意已读再次感谢了06-2415:49记得及时发货如已发货，请点击「去发货」输入快递单号已发货09:52R3闭着没事42会员名：t**9#30.00含运费0.00元提醒收货等待买家收货引导您脱离闲鱼平台并且联系客服缴费的都是诈骗行为！06-2415:49记得及时发货如已发货，请点击「去发货」输入快递单号已发货06-2416:26今天忽然有点急事，你看明天上午发快递可以吗？已读。我不着急你先忙你的什么时候都行我不着急用好的好的，感谢理解已读想跟TA说点什么。30.00含运费0.00元提醒收货等待买家收货引导您脱离闲鱼平台并且联系客服缴费的都是诈骗行为！快递已经发了，估计两三天就到了，其他快递不接受，只有顺丰收了已读运费有点贵是54就当我们一起承担了，希望你会喜欢已读06-2512:45让我怎么感谢你2送给我让我就感激了这次还承担了运费我今年80岁在我的晚年能碰到你这梓天下少有大好人让我太荣幸了已前只电视上见过不成想这样的大好人到了我面前我一定要教育我的儿女叫他们向你学/生要做兑好事似好人最后用我的余生每天祝福你和你家人一生平安幸福健康）//1,其他,中性
转发,2025-07-02 21:16:44,天[哆啦A梦害怕]今天早上在推上刷到的，说之前有博主说过很多女骑手死亡可能并不是因为技术不好，而是被人害死了，他在庆祝自己涨粉到30万的时候，穿了女装骑车，短短10分钟里被别车三次，后来受不了换回了男装。 ??,现实总是更糟，这已经不是别车了，这叫故意伤害//女生一样，女生骑车在这群男的眼里是大逆不道的行为，挑战了他们男权吧。真的，堕落成伊朗也是挺厉害。,1,0,0, , ,公安,愤怒
转发,2025-07-02 21:53:46,字典里说小孩是累赘，记者联系出版方，出版方把责任推给社会科学院语言研究所，说是他们编撰的，又联系这个研究所，他们推不掉了，竟然理直气壮的说字典收录负面语录没问题，按照这个逻辑，说这个研究所传播负能量信息，是整个社会进步的累赘，把他们自己造进去也行。现在有太多味道不对的事，老百姓都看在眼里，一些女权整天呼吁女人不要结婚，现在字典又说孩子是累赘，这些事的最终目的是什么？但这些事能做到的是消灭人口和增加社会矛盾，单身男女太多不仅新增人口会出现问题，这群人老了以后更是严重的社会问题，他们无儿无女，谁来照顾他们？所以每一个不婚不育的人老了对社会都是一个不确定因素。字典不仅是工具书，还是传播工具，被别人抓包夹带私货还振振有词，这个研究所什么意思？,突然盯着没什么人看的字典大呼小叫，然后怪女人不婚不育，还说没孩子的老人是社会隐患的男人，这种人我看才是最需要关注的//////，为什么要上纲上线呢,0,0,0, ,"10o贝ge.白生活LEI 勒lei用绳子等捆住或，欢套住，再用力拉紧：把行李一紧点儿|一住缰绳。比不另见283页l.累（桑）lei连缀或人捆。[累累]连续成4串：果实一。[累赘]-zhui)多余的负担，麻烦：孩子小，成了事多一。古同“骡”。见285页li；285页lei.动作嫣i为[螺祖]人名，传说黄成了累赘明了养蚕。书lei[继]子末累）（一xi）捆绑犯人11:54Q搜你想看的4听《新华字典》例句称“小孩是累赘""？商务印书馆回应环球网环风关注2025-7-115:54北京环球网官方账号来源：大皖新闻近日，有网民发布视频称，第12版《新华字典》中关于“累”（第二声）的造句中写道：“孩子小，成了累赘。”许多人质疑该例句传递了不良的价值观念，引发广泛关注与热议。万见lbu贝ge.叫白活LEI 用的ei用绳子等捆住或欢勒套住，再用力拉紧：把行李一紧点儿|一住缰绳。不原子序另见283页le.医学上累（）捆。累果连续成lei连缀或人有4串：果实一。[累赘]（-zhui）多余的负担，麻烦：孩子小，成了一|这事多一。古同“累”。285页i;285页lei.动「祖]人名，传说文旅榜第3名·商务印书馆回应新华字典说小孩是累赘分享1209772收藏",其他,愤怒
转发,2025-07-02 22:11:32,陶昕然资助女孩 绝大多数被资助的孩子都没有出人头地 ??,你的要求虽然没有准确的要她们怎么怎么样，但是要理解这种愿景是需要一定的资质的，被家里人一顿忽悠就容易回去的,0,0,0, ,宫园薰+关注2025-07-0212:04已编辑澳大利亚陶昕然资助女孩绝大多数被资助的孩子都没有出人头地2:00UE R90同城关注商城推荐番1志愿者有时候会发来她的考试试卷她一点都不品学兼优可既然这精我为什么还要帮助她呢我有什么超越边界的期待吗557我之所以帮助她/只是因为我想帮助她与她是谁2222她是否优秀没有关系共2451人推荐）2746首页朋友消息我2:00UE R 90番同城关注商城推荐赚钱1我对她唯一的期待是她能把人生掌握在自己的手里3.7万557我希望她和所有的女性一样都能看清自己内心的诉求把自己放在一个重要的位置2222做任何决定都可以被尊重英245推荐他因素绑架2746资助首页朋友消息我2:00UE 同城关注商城推荐8/8她只是上了职高现实就是这样绝大多数资助的孩子没有出人头地你不需要报答我更不需要知道557只是比当初的处境2222好了一点点2就推荐多了2746首页朋友消息我她整个演讲提到了。资助女孩的困境，比如志愿者要女孩当着他们的面把牛奶喝掉，不然他们可能会拿回家给弟弟什么的。我并不要求他们品学兼优，她资助的那个女孩很穷，被同学性骚扰，老师们说他道德也不好，会偷东西。但陶昕然说。是他们对这个女孩的困境视而不见。她们已经开始践行女性主义而舆论却只关注她的离婚八卦。,娱乐，公安，政务,中性
转发,2025-07-03 09:03:00,我跟法国人聊说现在经济不好，在国内工作很难找，很多人没有工作。他表示很理解，说现在法国也是一样，他一个朋友因为找不到工作只能每个月领救济金。我说哦？那他一个月能领多少啊？他说：1000欧。（划人民币差不多8400）我说哦，你的失业我的失业好像不一样。 ??,普通上班的人拿多少，不会也是一千多欧吧////？租房多少？吃饭多少？,0,0,0, , ,其他,惊奇
转发,2025-07-03 09:06:07,#莫言谈文艺无用就是最大的作用#中国作家协会副主席、中国首位诺贝尔文学奖获得者莫言近日在北大汇丰商学院毕业典礼上有关“文学何用”的演讲，再次引发网友共鸣。莫言提到，科学可以造飞机、造军舰，不看小说并不影响吃饭，那文学有何用：“人们不但需要满足吃饭、穿衣的需要，还要满足审美的需要。文学可能就提供给人一种审美的功能，艺术也是这样，这种审美的功能渗透到了我们各行各业中。人类不应该只是纯粹物质的动物，而是物质和审美并存的。如果我们的生活中只有物质而没有审美，没有情感，没有人的情感的微妙变化，没有那些只可意会不可言传的细微方面，我们的生活就会变得很粗糙。这也是文学艺术和各行各业间的密切关系。”全程视频如下（北京大学）,//////，现在我发现有小说的民族才能有船坚炮利//////，没有情感，没有人的情感的微妙变化，没有那些只可意会不可言传的细微方面，我们的生活就会变得很粗糙。这也是文学艺术和各行各业间的密切关系。”[赞],0,0,0, , ,文化,中性
转发,2025-07-03 09:22:21,一只在带娃的父亲。西澳洲的华丽细尾鹩莺只有在繁殖期的雄鸟是鲜艳的亮蓝色，雌鸟和幼鸟主要呈灰褐色，所以曾被误认为是一夫多妻制。事实上华丽细尾鹩莺实行的是随意交配的一夫一妻制，鸟类不存在通奸惩戒的文化，雄性细尾鹩莺会协助抚养所有不携带自己基因的幼鸟，超过三分之一的幼鸟不是主要配偶的后代。雄性细尾鹩莺还会采集粉色或紫色的花瓣，并做夸张的波浪式飞行，作为求偶舞蹈展示的一部分，即使在婚后也是如此。,多美妙//，美貌贤惠且淡定包容~ 三坨Duang大的崽啊！！环绕乱︿(￣︶￣)︿ 飞舞的3D立体的叽叽喳喳。。,5,0,0, , ,其他,惊奇
转发,2025-07-03 09:47:29,四粉好像很喜欢把小林看到老顾死那段拿出来当黑点，但是那段很流畅很完整感染力很强，她们是没有生活还是没有审美。 ??,4??粉觉得没有颜值就是演技好是吧//，没有她们爱的毒辣凶狠劲儿。问题是有些人的毒辣凶狠不是演出来的是面相自带的，跟演技无关。,0,0,0, , ,其他,中性
转发,2025-07-03 09:58:18,每次呼吁严惩虐猫虐狗者，就有人蹦出来说“你对人、对小孩、对你父母有对宠物这么好吗？”我就觉得很可笑也很可怜。这种人对爱的理解是极其丑陋和贫瘠的，觉得爱是零和游戏，爱是制度，爱必须遵循某种正确的次序。而无法理解人对宠物的爱与人对家人的爱，并不是相互对立、非此即彼的存在。一个爱动物的人不一定多么会爱人，但一个会虐待动物的人，一个对万物生灵没有基本的同理心与悲悯心的人，是一定不会爱人的。因为他根本不懂得，爱究竟是什么。,大概率他自己吃得没你的猫好，他只是以爹妈为借口//，但凡有人问我，你对你爹妈有这么好吗，我就知道他爹妈肯定过得还不如我的猫。因为人是无法想象超出自己能力范围的事的。我猫一天伙食费三十块钱，难道我们家人会吃10块钱盒饭？但对面爹妈就很难讲了……,0,0,0, , ,其他,愤怒
转发,2025-07-03 10:37:32,#猫咪的小裤裆就是用来摸的#奶牛猫的小裤裆就是用来摸的！ ??,奶牛看起来很爽啊,1,0,0, , ,其他,喜悦
转发,2025-07-03 10:50:04,接我这单的滴滴司机是接受了什么主人的任务，从8公里外的地方赶过来，为了送我回0.8公里的家。 ??,平台有病吧,1,0,0, , ,其他,愤怒
转发,2025-07-03 12:34:30,#日本辟谣7月5日大地震#【#预言日本大地震的漫画家强调是个梦#】日本7月5日大地震预言会成真吗话题上热搜。日本漫画家龙树谅在2021年出版的漫画《我所看见的未来》中预言，2025年7月5日会有大灾害发生，最近这一预言在网络上疯传，甚至导致赴日旅游的外国游客数量大幅下降。日本政府和专家不得不出来辟谣，强调这个预言没有科学根据。龙树谅于1976年开始记录自己的梦境，她将自己记录的梦境合集称之为“梦日记”。在《我所看见的未来》中，龙树谅记载了自己曾经做过的15个预知梦，据称已经有13个得到应验。2021年10月份，龙树谅出版了《我看见的未来 完全版》，补充了自1999年出版以后的一些内容，预言2025年7月5日日本将发生毁灭性大地震和海啸，可能导致三分之一国土沉没。随着7月5日即将到来，龙树谅的预言在社交媒体上广泛传播，引发公众关注和担忧。日本政府和科学机构积极应对，绘制地震预测模型，否认预言的科学依据。日本气象厅、国土地理院等多次重申，当前全球地震活动处于“平静期”，无迹象表明近期将发生特大地震。专家建议公众关注防灾准备，而非相信具体日期的预测，这一立场在媒体报道中反复强调。龙树谅在采访中澄清，她记录的是梦境，并非有意引发恐慌。她在2025年6月的新作《轨道修正》中表示，7月5日“并非什么都会发生的一天”，但未完全否认预言，引发进一步讨论。日本社交网络上对“7月5日大灾害”的反应两极分化，还引发了“作者被高层威胁改口”“政府掩盖真相”等阴谋论。这一争议也暴露了信息时代谣言的破坏力，尤其对旅游业造成了显著打击，一些航空公司考虑到访日游客减少，已经缩减了航班数量。（扬子晚报）,那几个应验的预言是啥//[白眼],0,0,0, , ,娱乐，政务,中性
转发,2025-07-03 22:24:16,嗯…… ??,多公主和车小厮,0,0,0, ,,其他,中性
转发,2025-07-04 08:09:02,川普要求马斯克牵头组织的政府效率部（DOGE）要“认真、严格地审查”马斯克的公司 ??,我猜会查建国的公司//[允悲]//。//[笑cry]//，请君入瓮.....一大堆成语活了,6,0,0, ,THIE 三Trump suggests DoGE take 'goodhardlook’at Musk companies BYSARAHFORTINSKY-07/O1/257:53AMET,公安,中性
转发,2025-07-04 10:14:44,斯佳丽大王[doge] ??,超级漂酿//，梅兰妮才是她的精神爱人。至于那个油腻老登，不过是她人生的镶边而已。,0,0,0, ,heSHIEHOUAD YWANLSGdnullnullnullnull,其他,中性
转发,2025-07-04 13:36:45,我又长大了，我有两块地砖这么大了！#daily奶牛猫# （投稿： ） ??,送给我,0,0,0, ,,其他,中性
转发,2025-07-04 15:37:45,“第一张照片不敢太亲密的” ??,猫：谁这么没大没小的,0,0,0, ,nullnullnullnullnullnullnullnullnull,其他,中性
转发,2025-07-04 16:45:19,#白宇[超话]# ??#开始推理吧#「BYU推市无限不循环攻略」之[48小时限定更新]雾霭消散真相大白，，能否瞒天过海获得最终胜利？今日中午12点【推市终章：破雾寻踪】邀你见证故事的缘起与落幕，未来再见? ??,就说是不是能演王安宇亲爹,0,3,0, ,nullnullnullnullnullnullnullnullnull,其他,中性
转发,2025-07-04 16:46:45,这绝对是我见过的最厉害的体操运动员。。。她叫Johanna Quaas。也许你会觉得这段表演很一般，可是她98岁了。 ??,一看就是常年健身的腿//！//，今年已经一百岁了，十年前就已入选世界体操名人堂。老太太什么都玩，跳伞蹦极普拉提瑜伽室内舞骑车………生命不止，运动不止[good],1,0,0, , ,其他,中性
转发,2025-07-04 16:58:43,同桌一大哥得了白癜风，快治好了。不知道得病本身就和精神压力大有关还是得了病导致精神压力大。他说得病后经常情绪大幅波动，神经质，多少有点苦恼。我说没事儿治好了就不会了，可能这肤色就是会这样，奶牛猫就这样，你是奶牛人大哥：我再苦恼也不如知道自己是奶牛人这事苦恼，我是奶牛人? ??,原来可以这样//，养斑马，熊猫，银环蛇，奶牛什么的，都是黑白的，动物们看见了心里会舒坦点儿。[doge][doge],0,0,0, , ,其他,中性
转发,2025-07-04 18:19:06,#决战朱白糖点之巅# 我想整一个决战朱白糖点之巅，路过请提名 ??,“他早饭我管”实在是太那个了//////，最拿手的就是做各种好吃的面[doge],5,0,0, , ,其他,中性
转发,2025-07-05 09:13:33,7月3日上海，一对新人在街上拍婚纱照，被一群可爱的孩子们祝福，还拍了大合照，每个人脸上都洋溢着喜悦，真好[鲜花]#生活冲浪指南##微博跨域计划# ??,而且小孩的服装颜色好棒，绝对是条件不错的孩子们,0,0,0, , ,其他,喜悦
转发,2025-07-05 09:17:24,趣闻：北海道追分牧场的马儿们睡午觉时的样子，有一匹的睡姿特别清奇。Twi：追分ファーム（公式） ??,这不小狗勾吗,0,0,0, , ,其他,惊奇
转发,2025-07-05 09:29:51,旧照片 ??,老弟这啥颜色算是,0,0,0, ,nullnullnullnullnullnullnullnullnull,其他,中性
转发,2025-07-05 12:55:48,【#广西42岁单亲妈妈考上北大硕士#】6月30日，桂林的心理咨询师郑琴斯在自己本科毕业20年后，如愿拿到了北京大学硕士研究生录取通知书，即将与刚参加完中考的大女儿、正在读小学的小女儿一起踏上求学之路。为让“梦中情校”成为自己的母校，她在经历创业、生娃、离异后，把关注女儿们心理健康成长作为自己的事业，并努力让自己变成女儿们独立自强的榜样。（广西日报）,//，什么年龄就做什么年龄的事,0,0,0, , ,其他,中性
转发,2025-07-05 13:15:13,中国玛丽苏剧本到了美国 ??,短剧就是短视频，就是痘印，爱痘印的就会爱短剧////。 。//////？[二哈],0,0,0, ,17:02邀请回答写回答Q 美国演员争演中国短剧日薪涨7倍，这反映了哪些影视行业现状？知乎·184个回答·478个关注lee +关注895人赞同了该回答》5人听过来挖个宝？夏日应援计划B站上有搬运，我瞄了眼，恶毒继母逼迫女主代替继姐嫁给某豪门不受待见极度边缘化的废物私生子。以换取和豪门联姻的名分。女主为给长期卧床的亲妈治病，（再不续费她妈要被赶出医院了）以五万美金的价格答应了替继姐成婚，嫁给废物。然后国内看官都应该知道了，废物私生子其实是科技新贵，独角兽公司的四装霸总，未来的硅谷龙王。男主为了一个大计划，必须维持废物人设，所以就租了个老破小公寓当婚房，陪大家演完联姻这出戏。在短暂的相处过程中，龙王发现女主是个善良又努力又懂持家的弱弱的傻白甜，顿时一身气如大河决堤，喷涌泛滥，一发不可收拾。这个女人，我护定了。居然有不长眼的敢欺负她？我不仅精通格斗，还有钞能力，还有顶级人脉。你是没被蝙蝠侠弄过是吧？男主拳打意大利黑帮，钱砸女主继母家族，继母家族跪了都不知道惹了谁，还把女主弄到自己公司。公司里不长眼的绿茶敢跟未来老板夫人哈气牙的全部打包滚蛋。男女像一台马力十足轰隆作响的巨大压路机一样碾过一切，给女主铺路。演员演技全员在线，颜值全部在线，继姐甚至演出了恶毒之中还带点蠢萌可爱的感觉。还有那股纯得不能再纯的霸总味。挺.挺,娱乐,中性
转发,2025-07-05 15:36:32,?? ??,让我来,0,0,0, , ,其他,中性
转发,2025-07-05 15:44:57,聪明的马儿如何越狱 ??,聪明宝,3,0,0, , ,其他,中性
转发,2025-07-05 15:45:14,帮主人推草坪的比格犬 ??,多好的工作犬啊,0,0,0, , ,其他,中性
转发,2025-07-05 16:00:04,在小红书上刷到个女生在韩国留学，然后在蔚山旅游时，遇到一位国内男同胞在公交车上遇到困难（没有交通卡、不会用Naver地图）本着说大家出门在外都不容易，出于好心帮忙刷自己的卡，并结伴买车票去釜山站，期间因坐错车反复退票、买票，然后双方加好友以便后续算钱，男的加女生微信后质问“朋友圈怎么不对我开放？”女生说我朋友圈打拳的，怕吓到你。男的这个时候就开始对帮他的女生一阵发癫，说你打拳的怎么会给我搭话？还帮我付钱坐车？你是不是领工资的？我印象中打拳怎么会帮啊，你不坑我都离谱了！不过看的出来你是会对线的！出门在外遇到愿意伸出援手的老乡真的非常难得了，真的对面男性给我的感觉是他已经离人很远了...我寻思被人帮助了至少说个感谢吧？,对陌生人有适当善意就可以了//入目的过去，发达以后必定把看过的人清除//，有姐妹上去帮忙被一块打了，但回头被bro恨死了。牢?男最爱窝里横，欺软怕硬，世界范围内除了欺负婴儿和牢?女，对外战绩为0[哈哈]而且他们被你看到了最软弱尴尬的时刻，能不恨你嘛//////，有时候女孩太好心会招来祸端,5,0,0, ,朋友圈咋不开angry 23:06啊这个我打拳的会吓死人女拳？你打拳还能跟我在车上搭话？我的天我都怕你是领工资的行吧行吧我这也是典型国男了打拳的原来就不能搭话啦，当时看你结账有困难想帮忙的李铭洋YatsenLee：你打拳还能跟我在车上搭话？看来还是不搭话比较好我印象中打拳怎么可能会帮啊你不坑我都离谱了但是你会对线倒是感受出来了,其他,中性
转发,2025-07-05 16:31:12,关于K1373次客车滞留东孝站的情况说明7月2日20时28分许，金温地方铁路公司一货物列车在金华市境内沪昆线东孝站停车不及，侵入下行正线，致我段值乘的K1373次客车机车脱线。经紧急处置，换挂机车后列车于23时27分恢复运行。事发地东孝站为四等小站，不办理客运、货运业务，仅办理列车接发技术作业，无旅客候车室和乘降站台，事发时车站仅有3名行车工作人员当班。事发后，我段在车上的添乘干部立即召集列车所有工作人员启动紧急处置，加强全车巡查。21时许，列车工作人员将各车厢乘务间、厕所、洗脸间、车厢内80余个能够开窗通气的气窗全部打开，进行通风降温，将班组自带的40余瓶矿泉水发给旅客。21时20分，车内温度为31度左右，3号车厢一名50多岁女性旅客反映头晕，列车工作人员将其安排在4号乘务间休息。与此同时，中国铁路上海局集团公司金华车务段紧急协调送来900余罐八宝粥、1300余瓶矿泉水，安排工作人员上车接力式传送给旅客，联系10辆120救护车在东孝站做好了应急准备。客车到达金华站后，又补充500余瓶矿泉水。期间，列车工作人员对车内闷热和旅客耐受情况跟踪研判，认为客车滞留线路两侧无站台、车门离地面高度超1.5米、事发时为夜晚、车外无照明、开启车门可能存在旅客下车摔伤人身安全风险，车内虽闷热但没有达到马上开启车门和破窗应急预案的紧急程度。22时04分许，3号车厢一名男性旅客擅自取下消防安全锤试图砸车窗，列车工作人员上前劝阻未果，导致一块车窗玻璃被砸破。为防止旅客跳窗发生意外，一名列车工作人员立即上前张开双臂、拦在窗前，乘警及其他列车工作人员共同做好现场隔离防护。23时11分许，列车空调恢复运行。列车停靠金华站后，铁路公安对砸窗男子进行批评教育，车辆工作人员对破损车窗进行了修复。铁路部门呼吁，如乘车过程中发生突发情况，铁路部门将按照应急预案妥善处置，请广大旅客听从列车工作人员安排，共同配合做好应急处置工作。,//，想教育就教育，想表扬就表扬。//，在这成了“批评教育”对象。不难理解，这位小伙拥有的特质：具备常识、共情他人、勇敢行动，都却是很多制度所害怕的，而那位拦着不让开窗砸窗的员工，就是很多悲剧中沉默的帮凶。,0,2,0, , ,公安,中性
转发,2025-07-05 17:33:15,小狗：你不吃吗，还有好多呢 ??,你吃吧都是你的、宝,0,0,0, , ,其他,中性
转发,2025-07-06 07:53:29,第一次养狗，就养到了“神仙小狗”?? ??,好运来福宝宝,0,0,0, , ,其他,中性
转发,2025-07-06 07:55:15,人，不可以摸咪的肚子！ ??,就摸,0,0,0, , ,其他,中性
转发,2025-07-06 08:43:45,猫咪一出门就不认识主人了，主动投怀别人麻麻，网友：它甚至还对你哈气#萌宠##亿点曝光计划# ??,笑死,0,0,0, , ,其他,喜悦
转发,2025-07-06 09:35:03,那情侣头像都看不到脸很正常的对吧???#朱白CP[超话]# ??,亲嘴专用造型//！//,0,0,0, ,,其他,中性
转发,2025-07-06 09:36:01,泥嚎，我是小猫咪 ??,这不山竹吗,0,0,0, ,nullnullnull,其他,中性
转发,2025-07-06 13:50:38,猫猫带上3d打印的强壮手臂，变身肌肉猛猫[加油][加油]#次元星火计划# ??,变文元了////！我要给我妹买这个//[泪],1,0,0, , ,其他,喜悦
转发,2025-07-06 17:02:21,这种人是怎么做到的呢? ??,爹妈还帮忙带//，单位有食堂。//[挖鼻][挖鼻][挖鼻]。,1,0,0, ,怎么做到的呢？孩子不到十岁，两口子一共8000一个月，还能没房贷？还能攒3000？你们身边有这样的大神吗？人间失格我到手3600，我老公到手4200，一个娃，480无房贷车贷，每个月生活费控制在3600-4000，一年还能存3万左右。没觉得活的不如谁，该吃吃，该喝喝，也没穷养孩子，这才是普通老百姓的生活吧。动不动就年薪20万起步，还到处叫嚣没钱没钱，是该反思自己。3天前安徽回复,其他,中性
转发,2025-07-06 22:45:42,拜托拜托，再开一个罐罐吧 ??,好的哦,1,0,0, ,,其他,中性
转发,2025-07-07 10:19:46,【来自投稿】2015年红极一时的“史上最有情怀的辞职信” ??,世界很大很糟////////……// 环境也已经大不同了….//，我想去看看,0,2,0, ,河南省实验中学信笺辞职中清世界那么大，我想去看看010.4.13,其他,中性
转发,2025-07-07 10:22:04,最好代的一集出现了 ??,也是狸奶之家,1,0,0, , ,其他,中性
转发,2025-07-07 10:33:53,嘲讽欧洲的时候天天拿空调说事，说欧洲人赚的少落后装不起空调，咱这的人工成本按理说应该是全世界最低的那档，那请问你给青岛被活活热死的保安大爷装空调了吗？我不相信一个能花大精力搞毕业典礼的学校会没钱装最基础的空调，摸摸你们的良心 ???哦对了，海尔的空调不错，总体算得上物美价廉。海尔的总部在青岛,转发微博,11,0,0, , ,教育,愤怒
转发,2025-07-07 10:44:41,看到小象，瞬间被萌化！它的眼睛好灵动，太可爱啦！[可爱] ??,宝宝,0,0,0, , ,其他,喜悦
转发,2025-07-07 10:48:21,#青岛大学去世宿管曾收养多只流浪猫# 在一个社会主义国家，大学的宿管大爷半年没领到工资，半夜因为保安室没空调环境太恶劣人没了，上热搜的方式却要借助他收养过流浪猫入手。可能是关心流浪动物的人，比关心劳工权益的人，要多一些。也可能是，算了，不讲了。 ??,大概率这样的学校也不会对学生好的//，这样的细节是为了提醒大家，大爷是个有血有肉有情感的人，不是临时工报表上的一个数字,24,0,0, , ,教育,愤怒
转发,2025-07-07 10:51:53,美团发疯是为了阻击淘宝闪购是吧 ??,依然推荐淘宝闪购，饿了吗信息全接入，不免单但是都有几块的优惠，有需要购买即可//（是真的双重浪费）算是掉坑里了。小区群里有爱现的拍照片晒一冰箱薅来的奶茶和饮品，看了就想翻白眼,0,1,0, , ,其他,中性
转发,2025-07-07 22:11:27,南京隔壁的房子，10万-20万一套房，附近有地铁，有高铁站，这不比去东北鹤岗爽多了？ ??,只有安徽人会买////，都是在大城市周边但离得比较远的睡城。//。[哈哈][哈哈][哈哈],0,0,0, ,来安县琅区六合区滁州收征市南迪区汉河镇长江椒县梧霞区浦口区南京泰淮区建区夹在他们中间的汉河江宁区句容市大家都在搜：汉河房价Q X 2941条评论脚踹牛肉饭100w买的装修20w 现在卖20w 装修钱回来了04-23·广东回复6918荥阳.可喜可贺04-23·北京回复1545制专坊金圣琴面馆医院学校超市都是有的大家都在搜：汉河房价Q 2941条评论包子全是水作者1：总结10多万.最多20万2：新房子，还是带电梯3：地铁已经在建，马上可以直通南京4：配套还可以5：点得到外卖6：去南京打螺丝没问题收起04-23·上海回复1949顺风如意碧桂园凤凰城也是3千多一平，宁句线地铁口04-23·江苏回复230,其他,中性
转发,2025-07-08 07:17:31,一边说不要找一个对你好的人要找一个本来就很好的人结果本来就很好的人对别人也好你们都不乐意觉得他这份好应该只属于自己，真是有病。 ??,是不是有人分不清啥是对别人好，啥是有礼貌，譬如那种不让人做副驾驶啥的//，不用一起和全世界作对。//,0,0,0, , ,其他,愤怒
转发,2025-07-08 07:19:37,这两天南京阿红事件过后，我主张国内有些群体以后不能再嘲讽印度男人连蜥蜴都干，dude，你们交配欲望上来的时候真没什么差。 ??,一人一票支持//，封闭起来。然后把憋炸了的人送去那个岛，让他们随意发泄性欲，那里没有道德和法律的限制。岛的名字我都想好了，就叫扒而干半岛。,1,0,0, , ,其他,中性
转发,2025-07-08 07:21:31,台湾有一个诗人叫周梦蝶。他是很有名的诗人，也是蛮有名的隐人。1948年他随军到了台湾，成了那次大迁徙的移民。很多一样的人选择在台湾另建家庭，他也没有。他在河南有一个妻子两个小孩，到了96年他回到河南，母亲妻子早就故去，大儿子也刚刚病逝。他就这样回去，又回去了台北。诗人容易暴得大名，但不容易暴得大钱，周梦蝶一生都很清贫。有二十年时间，他都在台北武昌街街头摆一个书摊，卖非常非常文学的书。卖书能度日，他在日复一日里成了台湾的文化奇景。十几年前台湾拍摄了一部纪录片叫《他们在岛屿写作》，周梦蝶那篇叫《化城再来人》。《化城再来人》里，他用未改的乡音缓缓念着他的诗，有一段：“真难以置信，当初是怎样走过来的，不敢回顾，甚至，不敢笑，也不敢哭。生怕自己会成为江河，成为风雨夜，无可奈何的抚今追昔。”真是在一种只能静止悲伤中感受到了滂沱。但我不懂，即使会背诵能解读，其实我也不懂。直到四十度的今天，出门了半小时，有那么一刻，我想起来了周梦蝶，意外明白了「不敢笑，也不敢哭。生怕自己会成为江河」我也滂沱，世人滂沱。世人江河灌身，我也江河。,梦蝶,0,0,0, , ,其他,惊奇
转发,2025-07-08 07:21:49,《正宗咪咪》[喵喵] ??,咪咪瞎咬,3,0,0, , ,其他,中性
转发,2025-07-08 16:42:13,奶牛猫品尝全麦面包 ??,橘色大面包,0,0,0, ,nullnullnull,其他,中性
转发,2025-07-08 16:49:12,谁想尝尝奶爪巧克力豆！ ??,甜的，我吃过了,0,0,0, ,nullnullnullnull,其他,中性
转发,2025-07-08 19:53:58,许禇是全裸战马超吗？ ??,马超看到也辣眼睛//。////// 干一把 多少有点优势,1,0,0, ,三国连环画，许褚赤膊战马超，为什么许褚把裤子也脱了？,其他,愤怒
转发,2025-07-09 09:56:39,这不是真正的汉堡，我已经中计了，您快逃跑吧。#小奶面包房##奶粉投稿# ??,这汉堡哪里买,0,0,0, ,,其他,中性
转发,2025-07-09 12:13:25,灵魂拷问：两个新上海人生的小孩，算不算上海人？? ??,自己主动融入新文化就是上海人，那种住了几十年死活不愿意学讲上海话的人，他们自己也不好意思说自己是上海人，算是吴语粤语区的一个明显特色，语言就是很重要的////？////？爹妈在上海缴税，自己在上海出生，一家子在上海生活，怎么不是上海人？[怒]你是不是故意离间上海人民跟全国人民的感情？你想干什么？[怒]//[疑问],3,0,0, ,布鲁关注两个新上海人生的小孩，算上海人吗？两个新上海人生的小孩，算上海人吗？两个新上海人生的小孩，算上海人吗？#人生的意义他们的孩子虽然是310开头，但是他们说不来上海话，也听不懂上海话。我觉得不能算。#上海#新上海人编辑于昨天10:01上海说点什么.150674305,其他,中性
转发,2025-07-09 15:00:03,王小利还有一点难得，她几乎证明了人的幸福和自由不需要条件。不需要有原生家庭托底、漂亮、有钱、年轻才能抵达某处，不需要有极为锋利的个人处境或者魅力四射的出场方式才能获得支持与喜爱。甚至不必自怜地反问一句“像我这样的人也可以做xx吗”。是的，是的，不需要那些你也可以。事实是，只要你想，你原地就能把自己解放，直接幸福。,不过，一个人要走到解放自己的路并不好走,0,0,0, , ,其他,中性
转发,2025-07-09 15:12:05,趣闻：日本音乐家自制的“动画伞”。Twi：木佐貫洋平 プロカリンバ奏者 ??,魔性,1,0,0, , ,其他,中性
转发,2025-07-09 16:56:45,#水尾村孩子群体性血铅中毒# 你相信这案子是幼儿园食堂搞的吗？没在学校吃饭的孩子，也严重铅超标；清晰的没有日期的厨房监控……这篇很接近真相了，距离404也快了 ??,////,5,0,0, , ,教育,惊奇
转发,2025-07-09 19:07:38,关注 ??,反正我不相信颜料拌面,0,0,0, ,天水铅中毒事件中，有5个细节很诡异原创我是麦杰逊麦杰逊2025年07月09日12:57广东6177人星标血铅异常咨询门诊请上三楼今天继续聊甘肃天水幼儿铅中毒的事。其实昨天我就已经对此事件写过一篇文章了，所以本来是不想再聊这个事了的，但是当你继续深入了解这件事的时候，你会发现在这件事中，有很多细节，是很难想通的，或者说是很诡异的。总之，我至少发现了5个我认为很诡异的点。1、食用色素很便宜，为什么他们冒险用颜料做糕点给儿童吃？昨天的通报中说，这起事件发生的原因，是褐石培心幼儿园园长、法定代表人朱某琳，投资人李某芳，要求该园后厨人员通过网络平台购买彩绘颜料，稀释后用于部分食品制作。但是去网络上查一下你会发现，很多颜料的价格，是这样的：而食用色素的价格，是这样的：总体上看，颜料的价格，和食用色素的价格，很难说是,公安，能源环保,中性
转发,2025-07-09 19:12:43,“最听话的孩子，把饭菜吃的最干净，他们中毒最深。”这是我目前看到的最悲伤的评论。 ??,青岛大学张大爷就是人太好了，不吵不闹//，但孩子皮点好是没错的////，有更多自我，中毒较少//[泪]真实世界很多时候是这样运转的。,3,0,0, , ,教育,喜悦
转发,2025-07-10 07:45:54,秃头小狐狸 ??,我们巍巍要是也有后代就好了////,0,0,0, ,,其他,中性
转发,2025-07-10 08:53:27,一时缺德的后果就是工作量拉满[二哈][二哈] ??,缺德好啊,0,0,0, , ,其他,中性
转发,2025-07-10 14:26:29,#世界最帅男孩之一爆改渔民# 从最美少年到东极岛渔民，我们有属于自己的爆改～ #电影东极岛#8月8日，影院见！ ??,没事，们猪美丽依旧就可以了,0,0,0, , ,其他,喜悦
转发,2025-07-10 16:38:05,女子晒出自己的薄肌，薄肌不是瘦到脱相，是皮肉贴骨却有线条流动！！！ ??,这是腿长[怒],0,0,0, , ,其他,中性
转发,2025-07-10 16:40:55,这是一只很聪明的乌鸦，它还学会了下棋 ??,超级聪明的宝,0,0,0, , ,其他,中性
转发,2025-07-10 16:50:30,中国历史上的九大馊主意 ??,世界运行太大太复杂了，没有这个馊主意还有下一个馊主意，历史就是无数个好主意馊主意叠加的千层酥////，理智战胜欲望就是姬发//,0,0,0, ,主意一：李斯同意立胡亥为帝公元前210年，秦始皇病死沙丘。中书令赵高要篡改始皇遗诏，立胡亥为帝，当时的丞相李斯竟然同意了赵高的要求。结果是长子扶苏被流放，蒙恬蒙毅被杀，不久李斯本人也被赵高灭门。最大的影响就是胡亥昏庸无为的暴政导致秦国成为历史上最短命的王朝，可惜了秦始皇的雄才大略。馊主意二：智伯瑶计淹晋阳城春秋末期，晋国国内实力最强的智伯瑶想要吞并赵襄子的土地，打算利用晋阳城边上的晋水来淹没晋阳城。，杀死守堤的士兵，掘开堤口反灌，智氏军队因为仓促救水而乱成一锅，结果被韩氏、魏氏趁机从背后和两翼进攻，赵襄子亲自率领军队大败前锋，活捉智伯瑶，并割下智伯瑶首级当夜壶。随后，韩赵魏三家分晋，战国时代到来。馊主意三：赵王听馋言冤杀李牧战国四大名将之一的武安君李牧，前期大破匈奴，后期以少胜多大破秦军，可谓战功赫赫。可惜后来赵王迁中了秦国的离间计，听信郭开谗言冤杀李牧，使得赵国再也无力抵挡秦国的进攻。李牧死后短短两个月，赵国灭亡。馊主意四：赤壁之战和鄱阳湖之战东汉末年的赤壁之战和元末明初朱元璋和陈友谅的鄱阳湖之战及其相似，都是因为听信了铁链锁船的馊主意，最终导致了三国分立和陈友谅兵败被杀的后果。馊主意五：北齐高玮中反间计杀斛律光说到北齐战将，我们也许会想到英俊潇洒的兰陵王。但其实北齐还是良将辈出的，其中斛律光、兰陵王和段韶并称为北齐三杰。以当时的形势看，北周实力还是略逊北齐的。但北齐高玮最终还是中了北周的离间计，错杀斛律光，自毁长城，导致最终被北周所灭。馊主意六：唐玄宗听边令诚杀高仙芝唐玄宗听信边令诚的馊主意，杀死高仙芝，可谓是自断臂膀，直接导致了关失守，长安沦陷，拉开了长达八年的安史之乱序幕。馊主意七：李成梁养虎为患说起明朝中后期，不得不提起李成梁，对其功过实在是难以评定。，他修筑宽甸六堡就是一个十足的馊主意，直接导致努尔哈赤在建州慢慢做大，最终统一辽东。可以说明朝的灭亡很大程度上与李成梁养虎为患有关。馊主意八：宋文帝杀檀道济自毁长城南朝宋文帝刘义隆也算得上是一个明君了，其在位期间实行开明之治，出现了元器之治的盛世。但猜忌将领，擅杀名将檀道济，可以说是他最糊涂的一件事了。直接导致的后果就是三次北伐失利，国力大损，被北方的北魏政权趁虚而入。馊主意九：明朝土木堡之变明英宗朱祁镇听信宦官王振的馊主意，御驾亲征，其结果就是被瓦刺俘虏，过了一年的囚徒生活，吃尽苦头，明朝也因此开始走向下坡路。,文化,中性
转发,2025-07-10 16:54:53,小猫穿冲锋衣也很帅！ ??,太好看了吧，感觉是白宇,0,0,0, ,,其他,喜悦
转发,2025-07-10 22:01:27,真实地活下去，不要忘记每天看月亮 ??,谢谢小狗提醒,4,0,0, ,,其他,中性
转发,2025-07-11 19:14:49,老师，课本真的被猫吃掉了哦！#daily奶牛猫# （投稿： ） ??,猫好,0,0,0, , ,其他,惊奇
转发,2025-07-11 19:33:19,【】一只小兔狲正蹑手蹑脚向你走来 ??,我来偷走宝宝////,5,0,0, , ,其他,中性
转发,2025-07-11 21:06:40,奶牛猫mini和奶牛猫plus ??,duang一下变出一个奶plus,2,0,0, ,,其他,中性
转发,2025-07-11 21:14:18,这么勤快的小猫不多见了，还以为他要踩奶，原来是为睡觉做准备哈哈哈哈哈哈 #我的精神状态凉好##中长视频流量扶持计划# ??,咪师傅是讲究咪,0,0,0, ,普宁在逃肠粉忙碌了一天的咪师傅终于睡上了好觉3天前·广东回复21.8万展开3585条回复暖树舒服的伸爪爪06-11·辽宁回复12.5万作者赞过展开1070条回复陆地蓝鲸子它是想你了上面有你的味道做了个和你一样的形状的依偎着睡了..昨天00:28·广东回复890展开8条回复,其他,喜悦
转发,2025-07-11 22:45:22,我爸就是外科医生。2012年他长期酗酒得了扩张性心肌病，本地医生断定他活不过半年。没办法，妈带上七岁的我去北京医院为我爸求医。给我爸看病的是朱军医生，两鬓霜白面容和蔼，先是安抚了我爸，然后给我爸开了处方，连药都不让我爸在北京拿，说北京的太贵，直接回你们那里拿药是一样的。那时北京的医生仍有药物提成。从那天起，我爸就不止一次的感慨，感慨那才是真正的医生，医者仁心。他永久的戒酒，并按时服药，每年去北京检查一次，都是那位朱主任接待的。他不再和同事下班组局，而是钻研技术，对每一位没有太多预算的、前来看病的农民，他会不辞辛苦的为他们规划最省钱的手术方案，解释那些检查是必做的，哪些是不必做的。为了缓解病人对自身病情的焦虑，他甚至会花费很长时间，向病人解释他的病因，问题出在哪里，是血管堵塞还是出血，以及为什么要切除等等。经常半夜有病人给他打电话，有时候是尿血了，有时候是这里疼那里疼。大字不识的妇女，哪里懂这些，慌的不得了就给我爸打电话，于是他就半夜骑着自己的电动车去看，然后再骑车回来睡觉。当然，不是没有不讲理的病人，只是他们根本不想你想的那样全是“底层”。衣着光鲜但蛮不讲理的人，家财万贯但亲情冷漠的人，都不是少数。相反，多数你认为的“底层”，如穷困的农民，他们是知道自己不懂的。所以诚惶诚恐，恨不得把医生的每一句话当圣旨记下来。令我印象深刻的是一个种地的坐轮椅的父亲，肾脏出了问题。他开货车的儿子和他农村妇女的老伴站在一起，一家人都是灰扑扑的。但他儿子听我爸讲术前注意事项的时候，是掏出一个小本一支铅笔，趴在凳子上记我爸的话。如此谨慎未免啰嗦，连大米稀饭和南瓜稀饭的区别都问到了。可他们是很尊敬的，认真的。直到今天，我家依然会收到康复病人送的各种地瓜，花生，花生油，自家种的白菜樱桃等等。有位病人已经坚持送了七年老地瓜了，每次进城，他都要特意问问我爸值不值班，来给我爸送地瓜，年年如此。那年北京的秋天下雨，我们家借了所有能借的钱，带上了全部积蓄，共有十多万。最后看病却只花掉了几千，茫然的坐着火车回来。对于朱主任来说，我爸就是底层，我们一家都是底层。但他并没有拒之千里，如多年老友般仔细关怀。可对于我爸来说，真正的底层又是什么？希望大家都有一颗真诚平等的心，不要随意的将人打上标签，再发起攻击。不要随意的评判，却将自己摘在评判标准之外。傲慢和无知总是相伴的，本不无知，却因傲慢固步自封，停止了学习，变成自己最瞧不起的无知之人。,好人//////////////[坏笑]，朱医生不仅医好了一位病人，还点化了一位医生[坏笑],23,0,0, , ,其他,中性
转发,2025-07-11 22:49:04,吱吱为吱吱 不吱为不吱要想鼠不吱 除非鼠不吱吱吱复吱吱 鼠鼠当户吱床前明月吱 疑是地上吱吱吱吱吱吱 吱吱吱吱吱！ ??,吱本家在此,0,1,0, , ,其他,中性
转发,2025-07-12 19:21:35,2022-2025好像一张折叠起来的纸，没有任何字，没有任何画，只是折叠起来 ??,把我的三年吃掉了////[泪]//////////////,0,1,0, , ,其他,中性
转发,2025-07-12 20:05:45,今天吃泡馍??#过夏天这一块# ??,好哦,0,0,0, ,中华好面色香味全日中,其他,中性
转发,2025-07-13 08:30:50,啊？？还真有这种啊 ??,我看主要是针对男明星，这样以后女明星们就有更多代言了////,1,0,0, ,越来越长、越来越细的道德条款最近帮一位艺人客户修改国际品牌代言合同，改到道德条款时，熟悉的无奈感又涌上心头，这条款我已记不清修改过多少次，如今内容越来越长、规定越来越细。越是大品牌，这条越是标配，但它从来不是一刀切的固定模板。每换一个艺人、换一个代言层级，甚至换一个投放地区，双方都要围绕它反复拉锯。看似是一句标准条款，背后其实藏着最典型、最微妙的合同博弈。以下是一家国际品牌常用模板的节选（脱敏版）：艺人保证在本合同履行期间及此前，不得实施任何有悖于公共秩序、社会道德、善良风俗或其他应受社会谴责之行为，亦不得发表、传播或参与任何可能损害品牌声誉、形象或利益的言行，包括但不限于以下情形：（a）被曝个人私生活混乱、婚内/恋爱期出轨、插足他人婚姻/情感、家暴、代孕欺骗、玩弄粉丝情感、索取不正当利益、参加不当集会聚会、学术造假、学历造假、校园霸凌、网络霸凌、抄袭、侵犯第三方知识产权、诈捐、潜规则、侵害消费者利益等；不尊重中国及其他适用地区的历史、文化、社会及生活、民族习惯的言行；（b）针对特定人群、种族、媒体等作出不当的或可能引发争议的言论或行为（包括但不限于性取向/种族歧视、贬低特定人群、制造性别对立、对媒体发表不当言论等）；（c）其他足以对品牌形象、商誉或市场声誉造成重大不利影响的行为或言论。若艺人违反本条约定，或品牌有合理理由相信艺人已实施或可能实施上述行为，品牌有权单方解除本合同，要求艺人退还已支付的全部代言费用及相关费用，并赔偿因此造成的全部直接及间接损失。,政务,中性
转发,2025-07-13 08:34:35,不知道，就是很想给大家看一下冬天的雷鸟 ??,雪鸮的jio也是这样的//…以及p2！这个步伐！//,1,2,0, ,,其他,中性
转发,2025-07-13 08:55:33,6月6日发过一只土耳其猫的视频。今天在BBC中文推号上看到这个视频，原来还有一段故事。出身贫寒，酷爱音乐，听琴能陶醉成这样，也难怪它能这么火。勘误：之前看视频不仔细，漏掉了一个细节：13秒前后可以看到，猫咪右眼戴着眼罩，根据前面说的猫咪几乎被安乐死判断，猫有眼疾，所以他听音乐的时候就习惯闭着眼睛。我之前以为他是过于文青才这样，误会了。给猫咪道个歉[老师好]以下内容来自BBC新闻：***皮娜·戈克塔斯先前从动物医院里把猫咪Keci带回家，细心照料并亲手喂养它，后来发现它对土耳其传统乐器“巴拉玛琴”情有独钟。 从那之后，Keci坚持要听音乐，且如果皮娜不弹它最喜欢的歌曲，它就会生气。Keci对这些乐曲的反应被录制上传社交媒体，备受网民欢迎。***视频也来自该账号。,艺术家小奶,0,0,0, , ,其他,中性
转发,2025-07-13 09:20:26,这个让我彻底蚌埠住了[允悲][允悲] ??,救,0,0,0, , ,其他,恐惧
转发,2025-07-13 09:33:38,第一次见到燕猫[好喜欢] ??,可爱可爱,0,0,0, , ,其他,喜悦
转发,2025-07-13 09:44:39,奶牛猫永不服输！ ??,好激烈啊,0,0,0, , ,其他,惊奇
转发,2025-07-14 15:11:41,大连和青岛，曾经北方为数不多的两个美丽的海滨城市，开放包容、经济壮旺、民风淳朴，我对他们的印象非常好。但最近这两城学校干出的事，一个能字面意思上的热死人，一个则在观念层面上的冻死人，建议大家不要选择这两城的学校，严重匮乏人性和常识，缺德。 ??,土鳖地方,0,0,0, , ,教育,愤怒
转发,2025-07-14 19:07:16,咪不清楚，咪不了解，咪不知道 ??,咪没看到,3,0,0, ,,其他,中性
转发,2025-07-15 08:23:00,我可不可以申请吉尼斯纪录啊，车车的皮燕感觉是全世界最小的猫皮燕 ??,一早看猫皮燕子呢,0,0,0, ,,其他,中性
转发,2025-07-15 08:27:53,我妈最搞笑的是去看了养老社区，房费+服务费，8000左右，她就盘算着，她退休金3000多，我要给她垫5000（实际肯定不止），她就说，把5000给我嫂子，她不用出去上班，在家照顾她。我说，不，我绝不雇我嫂子，你们不请保姆我就不给钱，给钱也是直接给保姆。她听了耷拉着脸[哈哈] ??,嗨这是让女儿给儿子送钱呢////，让女儿补贴儿子就算了，让女儿给儿媳发工资，难道优先序列是儿子大于儿媳大于女儿？有点恐怖,0,1,0, , ,其他,惊奇
转发,2025-07-15 08:30:05,当你打喷嚏时，多咪会呈现出前所未有的警惕的智慧 ??,多咪这时候好像一个人类,0,0,0, , ,其他,中性
转发,2025-07-15 08:40:37,小猫的困意说来就来 ??,被我偷走,0,0,0, , ,其他,中性
转发,2025-07-15 16:41:36,娃哈哈遗产继承大战中，我什么也不关心，只记住了21个亿美金，这是150亿人民币啊，我真的跟你们有钱人拼了…… ??,穷人就是富人的资产////，是一家人的钱，这边挪用养老金400亿，是无数人家的钱，两个钱正好体量还差不多的。我不知道大家怎么想，我心里的火就像地底下的火。,2,0,0, , ,其他,中性
转发,2025-07-15 16:42:24,#李兰迪瘦了好多#瘦下来真的有点太好看了…在朝雪录里面是我认为所有剧里最最漂亮的时候，好大气舒展的的脸！每一幕都在感叹好美好美！李兰迪的生长痛 坚韧励志的宝宝 “慢慢审视自己，一步步冲破恐惧，然后洞悉所有，建设起独属于自己的心理防线。我会怀着这份勇敢带着利剑，不惧前路，披荆斩棘。” ??,妹妹真的瘦没了,1,0,0, ,梦回星落凝成糖朝雪录李兰迪众所周知，我在今年八月份几乎是遭到了全网Diss 哈哈哈哈。如果是三个月前，你问这会不会对我的心情产生影响。我会装作很坚强的样子，告诉你不会。但是晚上睡觉的时候，还会偷偷躲在被子里擦眼泪。现在，我会斩钉截铁的回答“不可能！”我也在其中慢慢审视自己，一步步冲破恐惧，然后洞悉所有，建设起独属于自己的心理防线。我会怀着这份勇敢带着利剑，不惧前路，披荆斩棘。null,其他,中性
转发,2025-07-15 16:42:35,迪士尼没骗我 真的有动画小狗[哇] ??,哎哟,0,0,0, , ,其他,中性
转发,2025-07-15 16:56:52,奶牛猫与奶牛色的大丹犬[开学季]#我的精神状态凉好# 」#中长视频流量扶持计划# 」#微博热点优质创作计划# 」 ??,奶牛统治地球,1,0,0, , ,其他,中性
转发,2025-07-17 09:51:58,看宗馥莉的早期采访，太牛了。她和宗庆后同台，主持人问她：“娃哈哈减去宗庆后等于什么？”宗馥莉想都没想：“等于0。”宗庆后干巴巴地笑了两声，主持人看着宗庆后说：“这个答案对你来说是一个特别高的评价啊。”宗庆后：“没有，她是在说，她要来改变这个状况。”原来是这个意思，我在屏幕后面像个白痴。宗庆后挑了一批人去帮宗馥莉，但宗馥莉要求比较高，把他们都开除了，宗庆后又只能把这些人收回来。宗馥莉的回答很精彩：“我爸是用家长式的风格来管理的，他有他的资历和经验，但我没有。我只是刚进公司的职员，我想讲究的是团队合作的精神。不是说有经验的人不好，好，可是同时他有他自己的旧观念在，有些东西他不愿意去创新。他觉得做了十年了也做得蛮好的，为什么要去改变？所以我是说，有经验的人可能缺乏的是一种激情，我作为年轻人觉得任何事情都要尝试一下。”还发现宗她经常会用反问来回答问题。主持人：“平易近人这个标签用在你身上合适吗？你觉得自己做得到吗？”宗馥莉：“为什么不合适，为什么做不到呢。”主持人：“你的眼神告诉我，很难。”宗馥莉：“不会。”（在聊宗馥莉自己的公司）问：“你爸其实是想让你锻炼一下。”宗馥莉：“是我自己要去的。”问：“这个现在成功了吗？”宗馥莉：“怎么算不成功？”问：“回过头来看你觉得是成功的吗？”宗馥莉：“对啊。”[哆啦A梦吃惊]真的好强大，好自信啊,转发微博,1,0,0, , ,其他,喜悦
转发,2025-07-17 10:41:11,一切舆论都是有土壤的，发现很多赞美宗馥莉的女性，基本是法盲，文化程度似乎也不高。在这些年的“大女主”影视剧的一轮轮洗脑下，变得慕强，变得脑残，把一起遗产纷争变成小儿科的古装剧，这些人大约在现实中是绝对的弱者，才对一个寄托了他们幻想的“强女”充满了崇拜。不得不说，宗长女的公关团队是走下三路的。先是民粹，又来土味女权，还是很吃透了中国国情的——可是法律并不一定受舆论裹挟。,这种男同最恨不婚独生女了,0,4,0, , ,娱乐,中性
转发,2025-07-17 11:50:53,哦？很特别的组合 ??,好哦//,1,0,0, ,,其他,喜悦
转发,2025-07-17 15:58:07,#外卖大战男子每天喝5杯奶茶进医院#第一波外卖大战的受害者出现了[允悲]一天喝四五杯奶茶，结果喝成三高和痛风…… ??,今天不喝奶茶明天也会喝酒生病，爱贪便宜是这样的//，没有自制力胡吃海喝得病//，还是平台补贴的错，还是消费者不自制的错？,0,0,0, , ,其他,中性
转发,2025-07-17 16:29:47,懂事的小猫会乖乖盖被睡觉 ??,假的吧,0,0,0, , ,其他,中性
转发,2025-07-17 16:32:45,望周知，这才是宗馥莉唯一的亲妹。 ??,转发微博,5,0,0, ,宗馥莉Kelly 17-11-17来自iPhone6我的小妹妹，生日快乐！娃哈哈集团三十周年SINCE198743人,其他,中性
转发,2025-07-17 17:00:32,四个脚没有一个在地上 ??,这说的什么话[怒],0,0,0, , ,其他,中性
转发,2025-07-17 17:13:25,我突然意识到月经的反义词是阳纬，我笑的好难受 ??,好哦////////,0,0,0, , ,其他,喜悦
转发,2025-07-18 14:12:29,为什么猫咖没有狸花猫 ??,每天都在暴揍老板,8,0,0, ,为什么猫咖没有狸花猫？B-LiLy 你可能也会发现，猫咖里也没有奶牛猫，间1.6万歇性精神病患者、和间歇性狂躁症患者是干不了服务行业的4天前广东回复*Carol 哈哈哈哈哈哈哈哈哈哈哈哈哈哈18154天前黑龙江回复展开1053条回复高妹这话说的，青楼里也没有大汉啊。。2.3万6天前上海回复沉迷学习无法自拔不是高老师你。。。40836天前山东回复展开696条回复J.T.感觉狸花猫就两种，要么丧彪，要么社恐1我家的社恐45分钟前江苏回复奶油米有米客人是去享受服务的，不是去挨揍的，上次1.1万出去晚上放一顿饭，回来梆梆梆给我五下07-09浙江回复小鸡仔开路虎不是令郎这体格饿两顿真没事1.1万07-09云南回复Tatia 我家十只狸花听话的就只有两只24585天前上海回复我要干啥来着每一只都是杀人的眼神25425天前上海回复展开288条回复喵趣日记簿它可能会打同事，打客户，打老板36857天前河南回复二月二猪抬头我勒个油光水滑的大莽鞋，喂的什么15127天前广东回复展开101条回复NINA 我的狸是i猫，又宅又社恐，干不了服务行业3家里大门只要打开它就跑回卧室藏起来了（生怕我带它出门），偶尔来客人连他鬼影子都看不到，客人拿着猫条喂嘴边了它都不张嘴吃，罢了罢了2小时前陕西回复古埃及掌管拉稀的神有的有的苏州一家猫咖的梅狸猫殴打同事1443还鄙视顾客5天前浙江回复CC探长这个表情hhhhhhhhhh 2805天前四川回复嘉陵江上狸花猫怕不是把猫咖其他猫打得嗷嗷叫376107-08重庆回复一作者哈哈哈哈这么猛的吗07-08广东回复285展开145条回复绘雪季其他猫猫：客人又来找奴家玩了194天前广西回复绘雪季狸花猫：竟敢对洒家动手动脚！给你两31拳！4天前广西回复展开1条回复momo 你想花钱挨打吗2天前浙江回复8momo 昨天放饭给我眶眶一顿揍，还是他老婆我4家最最最可爱的三花宝宝来摸摸我的2天前浙江回复展开1条回复平流层的小金鱼（云游版）这位客人，你去猫咖也不是为了挨揍的吧472天前日本回复BBB贱材批发留加零女士哈哈哈哈哈哈哈哈哈哈笑出声22天前加拿大回复,其他,愤怒
转发,2025-07-18 15:26:40,小看奶牛猫的基因了 ??,三花，玳瑁，还是奶牛加橘？,0,0,0, , ,其他,中性
转发,2025-07-18 15:26:53,仓鼠健身房！ ??,健身啦,0,1,0, , ,其他,中性
转发,2025-07-18 15:27:44,我会无数次像我们初见那般望向你? ??,妹妹就是可爱////////////////[期待],0,0,0, ,,其他,喜悦
转发,2025-07-18 15:29:37,主要是从我们小时候直到现在，“只有一个独生女的男人”会被暗暗等同于“比较高级的男人”，独生女从小也都被强调“爸爸就你一个宝贝”。这个人设打破，相当于和尚破戒，神父睡小男孩。 ??,是的说,1,0,0, , ,其他,中性
转发,2025-07-18 16:06:02,力靶五连#适界那么大# ??,腰很好//,0,0,0, , ,其他,喜悦
转发,2025-07-18 16:17:48,服了，宗庆后的传记里专门写了杜建英。。这本传记是宗自己授权的，前面发家兼并写得特别伟光正，一到这里感觉整个尬住了“最重要的是，女干部的忠诚度要超过男性;她们不争权、不专权，会像管理家庭一样，习惯性地处处为公司着想。” ??,女的没有过情关就搞事业，很容易栽// 很具有 赏玩价值//，男老板为什么总和女下属发展私人关系，除了喜欢欣赏（不知道有多少），而且能更绑紧她，不让她跳槽，她会更忠诚更努力对待公司。也就是舍不得用高薪用股份，而是发展成“自己人”更放心。,3,0,0, ,娃哈哈集团学习版权威传记宗庆后万有引力原理“当你所有的思想聚焦于一点，强大的力量由此而生，它汇聚人脉、金钱、一切”一宗庆后迟宇宙著第四章非常生长|企业里并不常见；更重要的是，饭碗意味着娃哈哈将为他们提供一份保除，只要出人意料子娃哈哈不倒，这里就是他们一起吃饭的家。当天下午，宗庆后就找到新来的精通英语的年轻人杜建英：“走，去开会，去见台商。”他带她去清泰街的外贸局参加与台湾一家企业合资建立娃哈哈医药保国企完环健公司的谈判。谈判完了，就要开始审批流程，流程的第一步就是要提供项目建们说。更中议书。宗庆后让杜建英开完会后就开始写，当天把项目建议书拿出来。“当时连娃哈哈朝南朝北我都不知道，突然要写项目建议书，只能硬着头皮这些大学生上。”杜建英说，“台资方面提供了一些产品的背景，我们就写市场预测。”杜建英当时写了不下十稿，每次都被宗庆后打回去，来来回回修改了很多次教室改造的才完成。接下来要搞可行性报告和论证，也是反反复复了很多次。那时批个药厂非常很多年轻难，除了要邀请一些专家论证外，还要与药管局的人打交道。那时候搞合资企业他们谈对也不像现在以双方意愿为主，官员、专家、消防、环保、工商、税务各个层面都要接触，只要有一方反对，“合资”就搞不成。兑起自己有那段时间对杜建英来说是极大的锻炼。她的性格决定了她喜欢这样的挑战，更喜欢这样的效率。“这是进去以后做的第一件事，很锻炼人。你要在那么短的时才，尤其间内去了解一个产品。那时候信息不像现在这样，Google一下、百度一下就出来了，要自己去看书、翻资料，还要请教医管局的专家、官员，求他们给一些其他药厂的资料，只能靠嘴巴勤、笔头勤。”望他们在杜建英后来凭借扎实的外语功底，被派驻杭州罐头食品分厂，负责罐头食品了，希塑等的出口业务。她很快就在娃哈哈脱颖而出，并且一步一步成长为杰出的女将。宗庆后知道一个企业家需要走在市场的前头，需要抓住先机。1991年的娃了他的居哈哈最大的弱项是人才匮乏，干部队伍是短板。大批人才的到来，给娃哈哈注入了活力，也改造了娃哈哈的内部结构。很复杂献除杜建英之外，娃哈哈还有很多“巾帼英雄”，以至于外界对宗庆后有一种判断，说他特别重视“任用女性干部”。虽然他没有刻意这么去做，但是回过头这活方去想，女性的执行力强、直觉好、悟性高、心思缜密，最重要的是，女干部的忠山现在诚度要超过男性；她们不争权、不专权，会像管理家庭一样，习惯性地事事处处为公司着想。,政务,中性
转发,2025-07-18 19:17:52,我曾经听过一句话，大致意思是你会持续爱着你在初二、高二、大二喜欢过的东西。即使之前忘了，也会反复爱上。我觉得从我个人体验来说，真的是一句真理。 ??,初二觉得自己不会结婚，其他不太记得//，高二听歌谈恋爱想事写东西，大二泡图书馆广交网友…//。。。。////，初二在编程，高二到大二在算卦,15,0,0, , ,其他,中性
转发,2025-07-18 22:58:26,一只手作小猫玩偶 ??,偷走,0,0,0, ,,其他,中性
转发,2025-07-19 11:12:50,我的百万稿费被妈妈败光后，她又卖房给骗子寄了三十万黄金，市面上有的#电信诈骗[超话]# 软件她全有，今天写出来就当#反诈[超话]# 宣传了。大家一旦发现父母不给你看自己的手机，就要警惕起来！ ??,穷人不适合管理大钱//。//[晕][晕]就是我之前说的，就算是独生子女也不要把钱给父母保管，他们不一定会贪污你的或者挪用给哥哥弟弟，但是会被骗走//[裂开]//[惊恐]// the……//…….,0,0,0, , ,其他,中性
转发,2025-07-19 12:23:50,#亿万曝光计划# 有种冰淇淋叫医用冰淇淋 #万万没想到# ??,医生，为啥没给我开这个药,3,3,0, , ,其他,惊奇
转发,2025-07-19 17:10:43,娃哈哈事件的持续发酵，还影响了一个小众圈子：江浙沪小留群体，特别是独生女。她们纷纷质问自己的老爸在外面有没有私生子。昨天一个父亲在自己女儿的持续逼问下，终于承认其实她是自己的私生女[允悲] ?,倒也是好事,0,0,0, , ,其他,喜悦
转发,2025-07-19 22:19:44,#BazaarV情书# 时尚芭莎X #朝雪录# 视频预告上线，日光细碎，雏菊香引向无界绿野。 与 光影缠绕，共赴一场属于自由的肆意冒险，任爱意在夏日蔓延生长。监制 / 、 （ ）导演 / ??,怎么芭莎也拍异性恋西皮吗,0,0,0, , ,时尚,中性
转发,2025-07-19 22:22:24,这个可以明显看出两个麻猫的花纹区别耶 ??,多咪的毛色好独特呢,0,0,0, ,,其他,惊奇
转发,2025-07-20 07:04:46,连夜说服池年长老前来营业…………他表示很不高兴为人类服务。#罗小黑战记##罗小黑战记[超话]##电影罗小黑战记2# ??,安排檀健次来跳一下//[允悲][允悲][允悲][允悲]////////………//………………………………// :灭绝人类的时刻到了,1,0,0, , ,其他,中性
转发,2025-07-20 07:56:49,莫名击中笑点 ??,多看了就很像了,1,0,0, ,李兰迪/已关注粉丝840.3万娱乐明星领域阅读数飙升认证：演员一组库存虽莞但到！#秦莞不起晚##夏已经到底啦，好像都是早期玩的不错的人。。去年十一月小号就关注饼迪了。。当时她还没分手吧。。今年情人节给余承恩宣传剧之后。。才大号互关的。。大号是工作小号是生活。。敖猴和姨长得这么像，饼迪拍戏的时候想的是什么。。和前男友分手后还要和长得很像前男友的合作对象麦。。好有意思。车和熬s好像他俩五官有种shasha不分清的感觉他俩这种眼皮像双胞胎,娱乐,喜悦
转发,2025-07-20 08:00:51,未来的体操之星,?,0,0,0, ,,其他,喜悦
转发,2025-07-20 08:47:11,捡回来十三天了家里大猫还是凶它 ??,那送给我好了,0,0,0, ,nullnull,其他,中性
转发,2025-07-20 08:55:52,labubu哪儿有他可爱?? ??,玩弄小猫咪[哇][哇][哇],0,0,0, , ,其他,中性
转发,2025-07-20 08:56:30,这是一瓶可口可乐。如果你看成一只猫的话，说明你还没睡醒。 ??,哦，是猫猫～～,1,0,0, ,,其他,中性
转发,2025-07-20 09:01:17,《朝雪录》开剥啦！请认准唯一女主“剥”秦莞！#朝雪录# ??,哎呀呀//！！[憧憬][送花花][打call]//「剥」开真相,0,0,0, ,开剥开剥,其他,中性
转发,2025-07-20 09:55:59,#谨防脱口秀滑向性别对立的泥潭#说得可太好了，我也不希望一看脱口秀都在讲性别。我也想听他们讲社会议题。问题是这话别对脱口秀演员说。十几家大官媒，碰到铅中毒，齐齐炒作性别议题，把一个女大学生实名推上热搜。是谁在滑向性别对立泥潭呢？知乎有个问题“为什么听脱口秀的女观众看起来更多”。高赞一水在讽刺：这就是女人讲女人听，没什么价值。要是男人讲男人听，你想想，下面都是一些啤酒馆的男的，上面振臂一呼，下面齐齐应和，多可怕，这能让讲吗！我也想听听可不可怕。,//,0,0,0, , ,其他,中性
转发,2025-07-20 10:21:24,蝴蝶效应：你儿子 15 岁敢打架进拘留所，17 岁就敢轮奸，29 岁就敢豪赌一夜输掉 5800 万。 ??,这妈和签子妈没啥两样，她要是嫁给长工这儿子就是中专辍学到缅北//，很容易建立不了超我，这也是嫡庶神教的意义//,5,0,0, , ,其他,中性
转发,2025-07-20 10:23:16,0789新的梗已经出现 ??,肠道需要的刺激过高是吧////,0,0,0, ,凤凰网资训资讯社会正文上海精神卫生中心医师：同性恋清淡饮食可以成为异性恋MulticulturallstsLand 2023年01月30日19:50.32323人与60,其他,中性
转发,2025-07-20 10:37:16,#没有一个养老机构能允许我的猫也去#一个90多岁的老人，一生没有子女，住在一个没有电梯的楼房里。但这位老人一直不去养老机构，他说：“我有一只猫猫已经12岁了，它离不开我，没有一个（养老）机构能允许我也去，猫也去。” ??,谁来开一个,0,0,0, , ,其他,中性
转发,2025-07-20 10:46:27,新疆这个文创真是绝了。新疆本地的羊，以阿勒泰羊为代表。DuangDuangDuang的大屁股是最重要的特点。这个屁股，弊端不少：能量消耗在长屁股，产肉效率就会下降。而且羊尾油本身不值钱。优点是：这样的羊，具备长途跋涉的转场能力。而且大屁股，就是当地地标羊品种最重要的logo。现在，搞出来这个文创，相当于是又找到了一个优点，且放大了它的特点。,给我戳戳,4,0,0, ,,其他,中性
转发,2025-07-20 10:53:16,这个聚焦，就像20年前的一只猫 ??,好像以前美国住在大豪斯里的猫,0,0,0, ,,其他,中性
转发,2025-07-20 12:18:39,知道为什么李兰迪没买labubu吗因为她已拥有全世界独一无二款[拜托] ??,笑死是拉布布没错,0,0,0, , ,其他,中性
转发,2025-07-20 13:27:22,二十六岁的老小孩[喵喵]耳朵几乎听不见了，眼睛也开始退化，或许因为痴呆，夜里还会哭闹。但是，食欲依然旺盛，比去年更胖了，毛色也更加蓬松，依然精神抖擞。鼻子还很灵，要是先让它闻闻手指再抚摸，就会开心得不得了。明明早该成猫妖了吧。却还愿意陪在我身边。※图3是25岁时#海外新鲜事#,接长寿猫猫,0,0,0, ,26岁耳闻目恶痴呆夜泣食欲旺盛去年体重增毛并龙末龙元氛元氛鼻指喜猫又私付合3太郎御饭食去寸.2681万15万,其他,中性
转发,2025-07-20 13:28:18,#691分考上北大惊动了宗族长老# 懂了，女人要十年寒窗苦读考691分才能赐“同男子”身份。那根东西＝691分。以及，“宗族长老”这个词儿，小编们你们自己整这个词条的时候真不乐吗？这个“宗族长老”别还会点“龟派气功”吧？ ??,靠我还以为宗家又有新闻了呢//，谁造成的呢，人为造成的啊，千百年不让上学不给好脸，奴役驯化不过如此。,0,0,0, ,12:56691分考上北大惊动了宗族长老X 综合Ai智搜实时用户视频图片十围绕“691分考上北大惊动了宗族长老”事件的核心事实与舆论争议，综合信息如下：一、事件核心人物与仪式·李国耀(广东云浮考生)。以691分被北京大学录取，成为当地李氏宗族百年来首位考入北大的成员。1941。宗族为其举办盛大庆典：舞狮、扛旗游街、祠堂祭祖，并设立“国耀奖学金。3643。家族长期组织读书会，崇文重教传统被视为其成长的重要支撑。41·詹舒雯(福建安溪考生）。以692分（文科全省第二）被北大录取后，其家族打破詹氏祠堂百余年来“女性不得主祭”的传统。21019女生尚1692分破例饲量二七塔·。首次允许她以主祭身份进入祠堂，族谱为其单开一页记录成就，并奖励12万元助学金。1123和当前1810人一起讨论分享,教育,愤怒
转发,2025-07-20 13:31:19,来来来，有本事指死我！ ??,姬发刚到朝歌,0,0,0, , ,其他,中性
转发,2025-07-21 00:08:01,影片中的一个很重要的细节是，无限没有把蚝油储存在冰箱里。很正常，以他的做饭实力，领悟到这层还需要些时间… ??,我家里根本没有蚝油笑死//，等下要去扔蚝油//，我还以为是他勤学苦练调料不需要放冰箱就用完了呢…//……// 我也学习了……//（//,2,3,0, , ,其他,喜悦
转发,2025-07-21 00:10:30,于适在音乐节对粉丝说:“也有很多人搞我，但是没关系，只要你的理想尚存，干就完事了，我有自己的姿态，我就立着。” ??,你这样嬷嬷们又要下手了,0,0,0, , ,其他,中性
转发,2025-07-21 00:12:40,最近一直在断断续续重看《纸牌屋》，当年看第一季正好在美国，到处去找南方烤肋排，最后发现太甜了，根本吃不动。这一次看还是觉得前面两季非常好，剧本，人物，表演，一切都是一流的，那可能是美剧最巅峰的时代，创作者和他们所创造的人物都野心勃勃。这十几年大家都体会了命运的翻云覆雨，Kevin Spacey被控性侵，虽然最终被判无罪，但他已经破产了，戏外的美国政治也完全不一样了。这几年大家都太疲惫了，也想不到什么出路，所以击中我们的是《东城梦魇》或者《成瘾剂量》，连一开始同样野心勃勃的《风骚律师》，也是黯然结束了，那个结局非常完美，但也让人有一种“只能如此”的痛苦。,确实是只能如此的痛苦,1,0,0, ,还是因为法案太有争议MacBook,娱乐,中性
转发,2025-07-21 00:18:18,……虽然没有毛，但是居然也是圆的。 ??,这烈日炎炎空调间里的大皮草//,0,0,0, ,,其他,惊奇
转发,2025-07-21 00:28:41,笑死我了，她还是那个尖叫鸡没有一丝丝改变。 ??,好好笑啊肥,0,0,0, , ,其他,喜悦
转发,2025-07-21 06:47:30,看杭州这几天水污染的事情，有个妹子跟妈妈讨论这件事，她妈妈若有所思，发问：那这几天趁机分尸、冲下水道，岂不是没人注意？每家每户都在哗哗放水，放好几吨呢！啧，阿姨这思维…… ??,不会就是有人为了分尸搞的鬼吧（乱说////[笑哈哈]//，你看，这事的好处不就出现了？。。#债见# 。。////[允悲]//[允悲]////[允悲][污]//…杭州的草台班子级别特别高…,0,0,0,债见, ,政务,愤怒
转发,2025-07-21 08:00:39,#电影罗小黑战记2首映礼# 看完罗小黑战记2首映礼姨妈突然来了，到厕所紧急求助了一下路过的coser，小黑说我没有，然后无限大人掏出了救命姨妈巾给我[捂嘴哭] ??,咋这么好笑//[捂嘴哭][捂嘴哭][捂嘴哭][捂嘴哭][捂嘴哭]老师特别感谢你哇啊啊啊啊啊啊啊真的救命了[捂嘴哭][捂嘴哭][捂嘴哭][捂嘴哭][捂嘴哭]//，朋友刷到了告诉我的，?????！,3,0,0, , ,娱乐,喜悦
转发,2025-07-21 10:04:39,#天水市委书记市长等10人被立案问责#【#天水第二人民医院违规修改血铅数据#】#幼儿园园长朱某琳血铅值也超标#7月12日，甘肃省成立省委省政府调查组，提级调查天水市麦积区褐石培心幼儿园幼儿血铅异常问题。调查组由省委省政府主要负责同志为组长，省纪委监委、省教育厅、省公安厅、省生态环境厅、省卫生健康委、省市场监管局等部门参加，并请生态环境部、国家卫生健康委等部委专家参与。国务院食安办派出工作组指导督办。现将调查处置情况通报如下。 调查发现，天水市麦积区教育局对褐石培心幼儿园未取得办学许可证即公开招生的行为视而不见，近两年对民办幼儿园食品安全未安排部署、未开展培训、未检查排查，主抓学前教育的干部涉嫌接受李某芳利益输送，分管行政审批的副局长2023年12月违规接受李某芳宴请。麦积区市场监管局对该园每季度的食品安全检查流于形式，未及时发现非法添加颜料问题；褐石培心幼儿园所在地社棠镇市场监管所监管人员违规接受李某芳宴请并收受购物卡，放弃职守。调查发现，麦积区教育局局长何旭、区市场监管局局长张海斌还涉嫌收受他人贿赂。纪检监察机关已对何旭、张海斌等5人立案审查调查。调查发现，甘肃省疾控中心在接受该重大紧急任务后，没有引起重视，组织管理不力，主要负责人简单随意安排血铅检测工作，检测人员严重违反操作规程，导致检测结果严重失真。后又通过多种方式逃避责任、阻碍调查。调查发现，该中心党委书记王文军、主任孙建云、理化实验室主任李拥军还涉嫌存在其他违纪违法问题。纪检监察机关已对王文军、孙建云、李拥军等7人立案审查调查。调查发现，天水市第二人民医院内部管理混乱，检验科违规修改血铅检验数据，医院对此失管失察，相关人员严重失职渎职。调查发现，该医院有关负责人还涉嫌存在其他违纪违法问题。纪检监察机关已对该医院院长唐志锋、副院长周朝晖等5人立案审查调查。省纪委监委针对上述问题背后的属地管理、行业主管、部门监管失职失责问题，已对省卫生健康委、天水市委、天水市政府、天水市麦积区委、天水市麦积区政府等单位启动问责调查程序；对省卫生健康委党组书记、主任，省卫生健康委党组成员、副主任、省疾控局局长，天水市委书记，天水市委副书记、市长，天水市委常委、秦州区委书记（时任麦积区委书记），天水市政府分管教育、卫生健康工作的副市长，天水市政府分管市场监管工作的副市长，天水市麦积区委书记，天水市麦积区委副书记、区长，天水市麦积区政府分管教育、卫生健康、市场监管工作的副区长等10人立案问责。#涉事园长也吃了颜料食品##天水第二人民医院修改过血铅数据#,//，那全国人民就放心了//,0,0,0, , ,公安，政务,惊奇
转发,2025-07-21 10:42:12,【#脱口秀新人房主任的来时路#】跟房主任第二次采访是在北京，青年路一家咖啡馆。聊完后，旁边一位三十岁出头的男士问我，刚才那是房主任吗，前两天刚看了她的节目——房主任坐下来告诉我的第一件事也是，节目播出后，走在路上已经有人认出她来了。除了这个变化，节目播出后她更高兴的事情是，线下演出再也不用破冰了，节目播出后她上的第一场开放麦，主持人刚说完房主任的名字，现场观众的热情吓了她一大跳。而我两次采访观察到的变化是，第一次她还没完全改口，提起前夫时还会说“我老公”，这一次，“前夫”这个词她一次都没说错过。《喜剧之王单口季》第2季的第1期，房主任是全新的新人，也是全场唯一正在经历更年期的演员。她1975年出生在山东省临沂市一个农村，初中学历，目前最熟练的段子是“骂前夫”，第1期讲的也是前夫家暴等内容。不过段子的尾声是昂扬的，房主任成功摆脱了这段婚姻，困顿的人生终于迎来了出头之日。她的表演带来的是复杂的情感共鸣，观众大笑的同时又忍不住要掉眼泪———这位山东农村女性走了三十年，终于找到了自己的路。2023年3月，房主任买了她人生当中第一张脱口秀演出的票。她坐在前排，戴着口罩，女演员互动到她，问她是做什么的，她的第一反应是“家庭妇女”，又一想，这是个脱口秀的场子，这么说没意思，嘴里就冒出了一个词“信息中心主任”。“都有什么信息？”她回答说，谁家闺女搁城里两年了没回来，谁家媳妇俩又干起来了。当时现场就笑声一片。这个互动持续了三分钟，视频第二天发到网上，火了，有几百万的播放量。这场互动成为房主任艺名的由来，也是她开始讲脱口秀并且能站到《喜剧之王单口季》舞台上的起源。房主任后来去投奔了这位女演员，也就是她口中的“老板”。“老板”说房主任有天赋，气口、临场反应，比很多专业演员都要好，鼓励房主任去找她学脱口秀。一位山东临沂农村地区的五十岁女性，怎么会去看一场脱口秀演出？从观众席到舞台，她走了怎么样一条路？以下是房主任的讲述。讲述｜房主任 ?记者｜驳静,//,0,0,0, ,来时的路会去看2023年那场脱口秀演出，起因是2010年，我买了一台智能手机。2010年，我小女儿还不会走路，我公公因为脑梗瘫痪在床，他的独生子，也就是我前夫，把照护的责任都推给了我，生活一下子变得更加难以忍受。换洗尿布，端屎端尿，喂饭擦身，我干这些活儿的时候，我前夫不仅不出力，还会一直在旁边点评，我后来写过一个段子形容他是“高位截瘫的唐僧”。那时候，我为了不想听他说话，也不想生气，就买了个智能手机，下载了一个喜马拉雅，在上面找东西听，边听边干活儿。我第一期节目的段子，最后讲到说，我离婚了。离婚发生在2024年4月，距离我在临沂第一次看线下脱口秀，差不多是一年。从观众席，走到舞台上，又是一年。但是，我从一个年轻无助的农村姑娘，走到那个观众席，这段路我走得最长最累，我走了三十年。任大家好我是房主任我来自山东临沂的沂蒙山《喜剧之王单口季》房主任脱口秀片段二十多年前，在我大女儿出生的时候，我就动过离婚的念头。我是未婚先孕，那时我还没到法定结婚年龄，拿不到准生证。当时的政策是要么罚款，要么把孩子打掉。他们家既想我把孩子生下来，又不想被罚款。光是试图流产，就带我去了医院三次，最晚的一次孩子已经在肚子里8个月了。后来我知道，他们的想法是，假如生下来是个男孩，就留下，假如是个女孩，要拿去送人。生下来是个女孩。他们打算抱走的时候，我没认怂，我当时是放狠话，我说我跟你重生第一次上台讲开放麦，我连腿肚子都是哆嗦的。后来半年，我的开放麦一直讲得特别凉。这期间我还要生活，老板为了能让我把日子过下去，还给我找了些事务性的岗位，能有点收入。但是我讲了半年，没什么起色，我实在没有信心继续，就跑回了临沂。回到临沂，我也还想再给婚姻一次机会。一起过日子三十年，我的身体全是毛病。我现在有甲状腺结节、乳腺增生、子宫肌瘤、肾囊肿、三高，腰间盘突出，腿上骨质增生，脚底板长骨刺，静脉曲张——我跟他说，我把能得的病我全得了一个遍。我身体超负荷的另一个表现是，我那时候体重高达250斤。我其实靠自制力减下来过100斤，两年后又胖回去了。靠毅力靠运动减肥，撑不了一辈子。医生说我再不减掉体重后果会非常严重，2022年，我做了一个袖状胃切除术。《喜剧之王单口季》片段但我的血压依然过高，这是我最大的隐患。我前夫的脾气跟他爸一模一样，嘴不能停，他妈妈是跟他爸爸吵架的时候心梗死的，他一张嘴输出，我的血压就会飙升。血压上来的时候，心率失控，我是真的害怕。我希望他看在三十年的情分上听我一句劝。我劝他，把这几年一直在赔钱的水果店关了，出去找个月收入三千块钱的活儿，给人家看门也好，给人家当宿管也好。他不肯，说不能给人打工，这辈子也不能去外面受气。然后就到了年底。我嫂子住院，我在医院伺候了她几天。那个春节我领着两个闺女就在我哥嫂家过的年。过完年，母女三人回到家，看我前夫他一个人过年，啥都没买，就吃了点煎饼喝点水，我当时是有点出走我在线下讲这些段子，年轻的观众会过来跟我说，很有共鸣，说我妈妈就是这样，我姥姥也是这样，说不理解为什么她们要这么过一生。我本来都没上学。1983年，我8岁，突然听邻居小孩子放了学回来说，你不能在家玩了，老师说所有孩子都得上学。义务教育来了，我就被拽到学校去了。但学校当时根本没有我们的教室，是跟一个果园借了间屋子，安置我们这些原本不上学的孩子，班里最大的都有十三四岁了。哪个老师有空，就过来给我们上节课，课本也是蜡刻油印小本，没有人正经管。我记得很清楚，是校长来组织我们考试，看有没有能上二年级的，我不怎么认真，但考得还行，校长说能上二年级。上了没几天，按年龄，我是该读三年级，我一考，也能跟上。我就这么连蹦带跳地读到了五年级。那时义务教育还只管小学五年。升初中的考试，我们村只考上了四个，只有我一个女生。一学期学费我记得是50块钱，我爸妈居然也让我去读。那时候我很羡慕一个邻居同学，跟我同级，他家很重视教育，他爸给他买那种习题册，他不会做，都是我在教他，但是他爸一看我做那么快，就不让我去他家了。后来这个男同学，成了我们村出的第一个一本大学生。而我只读到初中。我小时候其实并不知道上学意味着什么。但我喜欢看书看字，抓到什么都看，连我妈买的药的说明书，我都要看两眼。小时候能借到的书就是那种名著，很喜欢《红楼梦》。最早喜欢薛宝钗，后来到了三十多岁开始喜欢探春，抄检大观园的时候，她打了王善保家的一耳光，虽然我看的是文字，但是我都有画面和声音，就是那种扇了封建礼教一耳光的感觉。结婚之前，我还去苏州打过两年工。当时一个月能挣290元，我一共攒了三千块钱，都寄回家了，这笔钱后来我知道是我,娱乐，房产,中性
转发,2025-07-21 11:22:39,刚刚突然聊天聊到了，给朋友介绍云理的时候，格外强调了两点，一是白果中毒事件，二是“云理姐姐” ??,感觉是个住在山里每天种地不小心食物中毒道士姐姐//[允悲]【这什么情境）,0,1,0, , ,其他,中性
转发,2025-07-21 11:30:32,我真的十分需要这种服务…… ? ??,什么时候给我安排这种私密服务,0,0,0, ,包工头头我曾住过一家个人经营的旅馆，前台小姐姐跟我说：“晚上可能会有工作人员来按摩，你要是不能接受的话赶走就好。”等到了晚上，看到从小小的门里面钻出一只旅馆养的猫猫，趴在我们身上踩了一通后就回去了。1分钟前包工头头：哈哈哈哈哈哈哈哈哈哈哈哈哈哈哈哈哈哈哈哈哈哈哈哈哈哈哈哈哈哈哈哈哈哈哈哈哈哈哈哈哈哈哈哈哈哈哈哈哈哈哈哈,其他,中性
转发,2025-07-21 11:48:26,鼠鼠真的非常好，而且大小刚好，可以含在嘴里，不像猫和狗，鼠鼠应该是人类的第一宠物！ ??,我的宠物鼠在这里,0,1,0, , ,其他,喜悦
转发,2025-07-21 11:59:13,南通野生动物园这一波捐赠，真是漂亮极了。我这几天本来不想说这个动物园，这种时候说它咋样，说实话我就是找骂，说它好吧我夸不出来。不过既然有朋友问了，那说说吧。南通这个动物园，从养动物的层面来说，养得不咋地。从收集动物的层面看，他们有劣迹。#花老师带你逛动物园##微博旅行家##奇妙生物圈#,//,1,0,0, ,武汉cash ，给个游玩攻略，让大家都去玩，也玩得更专业些。7-1923:30来自湖北一只怪猴子，让我细思极恐原创花落成蚀花蚀的人间观察2024年02月29日09:00632人花蚀的人间观察热爱野生动物和文物古迹的跨界狂人。871篇原创内容公众号我刚刚逛了一圈南通森林野生动物园。在这座动物园中，我遇到了一只怪猴子，它让我细思极恐。细思恐极花蚀的人间观察252它是如何来到中国？又是如何进的动物园？我不知道答案，但我觉得动物园不该如此。若我们退一万步，先别管它怎么进的动物园，也希望这猴子能过得好。然而，几年前，南通的这个笼舍中有那么一小群这种猴子，如今就剩一只了。不知是只展示了一只，还是只剩一只。那我们顺带说一下这座动物园吧。南野最知名的事情，就是搞了个酒店，他们饲养的小熊猫会跑到酒店房间里，让住客抚摸。无论对于人还是动物来说，这都是风险极高的一件事。更何况，把一种国家二级保护动物当,能源环保，旅游,愤怒
转发,2025-07-21 12:44:13,那个水溶c100饮料这么神奇吗，看到有人说自己晕车想吐一喝这个就没有了，柠檬味的效果最佳，还看到有人说自己急性尿路感染猛喝两瓶好了，还有说说嗓子疼喝这个也有效，喝酒头晕喝这个也有效哈哈哈哈哈 ??,这不是们猪猪大火后第一个代言吗哈哈哈哈哈哈哈,1,2,0, , ,其他,喜悦
转发,2025-07-21 12:51:34,坏人绞尽脑汁，不如蠢人灵机一动？扯淡。如果没有坏人绞尽脑汁的捂盖子，那蠢人灵机一动第一时间就会被发现并纠正。 ???问题就是出在坏人绞尽脑汁上。 ??,这种坏人叫奸人////,0,0,0, , ,其他,愤怒
转发,2025-07-21 12:56:19,杭州儿童游泳教练陈经纶红到对岸，上了各大新闻版面? ??,早年的陈海量//，大好//（//，是那個學校叫陳經綸學校[笑cry],0,0,0, ,杭州儿童游泳教练超帅好像1位韩星妈妈们爆动了2025-07-1120:30世界日报/中国新闻组/杭州报导界冠妈妈亲送小孩上游泳课爸爸看到教练「坐不住了」06:502025/07/08中时新闻网黄仲瑜f LINE P 大陆杭州一间泳池内的教练超帅，很多妈妈无惧烈日，亲送小孩去上课，只为看帅教练。（翻摄微博）,其他,中性
转发,2025-07-21 13:04:06,主人带奶牛猫绝育，手术室都快被拆了！网友：好利索的一脚！！！！ ??,姬发逃出朝歌是吧,0,0,0, , ,其他,愤怒
转发,2025-07-21 13:05:03,既然如此，兰迪什么时候演检察官 ??,到我们猎罪图鉴和小沈老师一起办案,0,2,0, , ,其他,中性
转发,2025-07-21 13:08:45,#日本妹子通过研究猫拿到京大博士学位#岛国妹子表示，小学1年级的时候，我对我家猫猫到底是左撇子还是右撇子做过调查研究。大致的研究方法是，在猫猫面前玩逗猫棒，看猫猫是用哪只手去抓逗猫棒。右手就○，左手就△，双手就×，进行了200次的实验，数据表明右手110次、左手56次、双手34次。她家的猫猫是右撇子。[喵喵][喵喵][喵喵]长大后她先是从武藏野美术大学毕业，后来相继又考去了麻布大学的研究生和京都大学的博士，最终通过研究猫猫拿到了京大理学博士称号。还出了书，书名叫「猫猫（几乎）就是液体」，这本书中不仅有她的博士论文，还有其他猫猫相关的研究论文39篇。#海外新鲜事#,好哦各位博士们，你的选题思路来了,0,0,0, ,服部丹、。。人左人人1人320文与在国a不。小4乳200小水文3792.6万25万1.271权人3（（Q 七乙戈人人（十人大叶月世。月人人0入人。（人0、200，万1儿高。分以仗人发专文不。人七3你二100（4月才，八y 2.00，。3、（）AAxA 8189L90入X037文1341论文佣、本出！博论含、研究の论文39本载『（）液体（KADOKAWA)amazon.co.jp/dp/4041160499子安服部巴（世世）液体线30藤宁子推荐！一儿赏含仁技时机世界の意外女研究39本！水一人道伯子口好3？物人好232.1万子安加服部丹液体3不研研究（最前藤子推荐！分一赏含「永二沼、知仁技礼在《」世界の意外女研究39本！一人适位子了7口好刻机T3！？老，食人物毛人的融合自好心KADOKAWA,其他,中性
转发,2025-07-21 13:42:21,（韩国）女性杀人犯的刑期比男性杀人犯长的原因 ??,因为女人杀男人是复仇//////////，诶////！//，还真是。冲动杀人加上哭爹喊娘不停上诉，和深思熟虑加上沉默认罪，肯定后者刑期长啊,0,0,0, ,4在韩国因为罪行太恶劣所以不能从轻处理们需要理解号斗在鞋奋罪行不得不恶劣的原因如果女性突发性地要杀掉男人话反而是会被男的杀了所以女性刘只能制定缜密的计划。什么时候杀呢,司法,中性
转发,2025-07-21 13:50:13,宗馥莉：我现在年纪大了，没那么凶残了#对宗馥莉印象最深的一句话# ??,好的,0,0,0, , ,其他,中性
转发,2025-07-21 14:13:41,小猫喜欢踩人身上的历史高达2500年，笑死我了，古代的咪咪也这样啊[哇] ??,小猫爱你一万年,16,0,0, ,5null,其他,喜悦
转发,2025-07-21 15:59:53,小猫也很喜欢他，即便是离世之后也是 ??,我要是走了，墓碑周围就种满了猫薄荷猫草,0,0,0, ,Joel Pablo Salud ·Follow Nov10222·我爸很喜欢小猫，即便他离世之后也是。ARESALUO 942-MANCN192008,其他,中性
转发,2025-07-21 16:34:22,#谨防脱口秀滑向性别对立的泥潭# 你们怀念的没有性别对立的脱口秀是这样的吗 ??,那叫性骚扰////////[裂开]// 了////////……//。感谢女脱口秀演员吧，她们把脱口秀带到了更高的纬度。,1,0,0, ,京看我们柳岩姐念慈她就没有这种烦恼因为别人瞅她的时候她永远都知道别人瞅的是啥反射弧超极大勒毒慈柳岩生浩被称为中国娱乐圈唯一一个看剪影就知道是谁的女人腾讯视频出品再说王琳老师掏空史航老师的女人云我特别喜欢王琳老师因为大家知道她都已经这个年纪了不是骂您还上过《男人装》这种杂志大云真的身材特别好运特别性感但是我觉得就是以她这个年纪我要对着你的照片打X 都算乱伦,娱乐,愤怒
转发,2025-07-21 17:21:12,说起来 罗黑是少有的让我觉得所有人都继续性冷淡着吧就很有魅力的作品 ??,中性就是最高性魅力,0,0,0, , ,其他,中性
转发,2025-07-21 17:38:27,坦白了，我生的[春游家族] ??,明明是我生的,0,0,0, , ,其他,中性
转发,2025-07-21 21:59:27,下周你将被一个巨大的喜讯环绕[祈祷] ??,心想事成//[泪]//////,8,0,0, ,下周你将被一个巨大的喜讯环绕,其他,中性
转发,2025-07-21 22:22:48,在1974年第一次在东南亚打自由搏击就得了冠军 ??,全黑底盘的狸花猫特别漂亮,0,0,0, ,,其他,喜悦
转发,2025-07-21 22:43:39,我不行了！！！#罗小黑#,说来就生气,0,2,0, ,Date:无理讨：无限姓什么？抹茶芝士酱管他呢，别姓魏就行6天前浙江回复3362三日妄想笑死我了，魏无限3天前湖北回复966M 哈哈哈哈哈哈哈哈哈2天前北京回复13风妮儿哈哈哈哈哈哈哈哈哈2天前江苏回复6在逃大白萝卜哈哈哈哈哈哈哈哈2天前湖南回复5Lotaks 哈哈哈哈哈哈哈哈哈哈2天前吉林回复漫剧,其他,愤怒
转发,2025-07-21 22:56:54,#罗小黑战记[超话]# 一旦有小猫了相册里就会莫名其妙多一堆照片 ??,养了猫以后是这样的,2,0,0, ,师父。会馆有新会这是务日前!的情报大根无就是这棉baabala 鹿野的一相册里几手都是王弟相美的呢我也想看。需要小黑的力。借他一周。好一意宝至一周后.师父我的回来了小果是不建变鲜了一点这是这次7多的汇录刷刷刷刷哪啊.在这里全是小果的照以了。,其他,中性
转发,2025-07-21 23:02:39,由于我买木天蓼没看尺寸…#话痨猫##委屈小猫咣当# ??,咣妈你这是买金箍棒给孩子吗,1,0,0, , ,其他,中性
转发,2025-07-21 23:30:32,救命…你们俩怎么像复制粘贴一样长大了！这发展也太悄无声息了吧… #吴磊# #李兰迪# ??,兰迪完全没有变啊另一位已经没法说了,1,2,0, , ,其他,惊奇
转发,2025-07-21 23:47:09,早年间的网剧质量就是高，每一个动作都行云流水！ ??,这里面老白真的超帅，澜总前世,0,0,0, , ,其他,喜悦
转发,2025-07-21 23:48:26,敖瑞鹏给李兰迪做饭有敖瑞鹏在的剧组真的不愁吃喝吧，李兰迪说敖瑞鹏在剧组时给自己做过三次饭，做饭特别的好吃，之前白月时敖瑞鹏也给大家做饭被夸夸，看得出来敖瑞鹏是真的很爱做饭了#敖瑞鹏##李兰迪##朝雪录#,好的我同意这门婚事,0,0,0, , ,娱乐,中性
转发,2025-07-21 23:54:21,王澜澜 is watching you～ ??,森林里最大的一颗松茸,1,0,0, ,,其他,中性
转发,2025-07-22 00:12:34,良渚也屎到淋头，让我有一种次元壁被攻破的感觉。它不只是类似阿那亚那样的中产新型小镇，它还是一个女巫集散地，一个隐形的女性乌托邦。十多年前在北京认识的一群朋友，一半直奔大理，一半定居良渚，大家各自在时代缝隙里实践一种女性联盟的生活。在良渚的朋友们，做着诸如占星、塔罗、曼陀罗、苏菲旋转、正念冥想、五行针灸、有机素食、阿育吠陀、萨满疗愈……之类被主流视为神神叨叨的自由职业，以此远离这个卷到飞起的时代，已经很多年了。良渚还有若干常住的修行者、瑜伽士、古琴老师、各种功的老师。那里的闭关中心，家人去年还去打过禅七。我一直感觉那里有一个结界。现在这个结界也屎到淋头了，呜呼哀哉。,古老文明发源地的新时代女巫们,4,0,0, , ,其他,悲伤
转发,2025-07-22 00:29:12,纽约时报这篇用词谨慎的报道太吓人了，读了好几次都不敢读完，所以去年wsj爆料的美国医疗集团故意杀人好供器官移植的犯罪不是孤立，过去五年里至少有2万名有生还希望的美国人被故意活活杀死了 ??,妈耶////////，都是进口的[哆啦A梦害怕]//，原文地址,1,0,0, ,heNeullorkCimcs 器官移植热潮正将器官捐献者置于危险之中美国各地的人们都经历过仓促或过早的器官摘除。有些人当时还在喘息、哭泣，或显示出其他生命迹象。分享全文1.3干MIS 米斯蒂·霍金斯的父母从未动过他们女儿的卧室，她终生患有认知障碍。韦斯·弗雷泽为《纽约时报》撰稿经过布莱恩·M·罗森塔尔和朱莉·泰特2025年7月20日分享全文1.3千“真是一场灾难”全国各地的医护人员讲述了令他们恐惧的案例。科罗拉多州的外科技术员布莱恩尼·达夫（BryanyDuff）说，二名中年女性患者正在哭泣，四处张望。据达夫女士和一位前同事称，医生给她壮射丁琪静剂，并摘除了呼吸机。病人没能及时去世，无法捐献器官，但几个小时后就去世了。“我觉得如果她能多用一会儿呼吸机，她就能活下来了，”达夫女士说。“我感觉自己参与了杀人。”后来，达夫辞去了工作，暂时离开了这个领域。“这件事真的困扰了我很长一段时间，”她说，“现在仍然如此。“我觉得如果给她更多时间使用呼吸机，她就能挺过来，”外科技术员布莱恩·达夫（Bryany Duff）在谈到这个困扰她的病例时说道。雷切尔·伍尔夫为《纽约时报》撰稿随着器官移植系统越来越多地转向一种名为“循环死亡后捐献”的器官摘除方式，类似的故事也魔之出现。去年，这类器官捐献占所有器官捐献的三分之一：约2万个器官，是五年前的三倍。美国大多数捐赠的器宣来白脑死亡的人一一这是一种不可逆转的状态一一并且仅被放在机器上以维持他们的器官。循环死亡捐献则有所不同。这些病人依靠生命支持系统维持生命，通常处于昏迷状态。他们的预后更多是基于医学判断。他们还活着，还有一些脑部活动，但医生已确定他们已濒临死亡，无法复原。如果亲属同意捐献，医生会撤掉生命维持系统，等待病人的心脏停止跳动。心脏停止跳动必须在一两个小时内发生，器官才能被认定为可移植的。在宣布死者死亡后，外科医生才会介入。分享全文1.3千2023年，在迈阿密，一位颈部骨折的潜在器官捐献者开始哭泣并咬着呼吸管。，一位采购机构的工作人员说，他把这理解为他不想死。但据这位工作人员及其当时告诉的同事说，临床医生给病人注射了镇静剂，撤掉了生命支持系统，等待病人死亡，然后摘除了器官。在西弗吉尼亚州，27岁的本杰明·帕森斯在车祸中瘫痪，医生们将他送进手术室，并要求他同意捐献器官，因为他即将停止服用镇静剂，这让医生们大吃一惊。他眨着眼睛表示他没有给予许可。不过，根据短信和采访，协调员最初还是希望继续推进。帕森斯的哥哥安德鲁告诉《纽约时报》，家人已经批准了捐献，并认为帕森斯在手术前几个小时，也就是镇静剂用量减少的时候，曾多次表示同意。安德鲁·帕森斯说，他在手术室里改变了主意。他还补充说，采购机构是出于同情。在当天的短信交流中，参与此案的医生表示，由于没有在未使用镇静剂的情况下进行全面的神经系统检查，尚不清楚帕森斯先生是否足够清醒以同意捐献器官。“真是一场灾难，处理方式完全不当，”一位医生写道。两天后，帕森斯先生选择停止生命支持，最终没有捐献器官就去世了。一个器官移植系统监督委员会一直在调查此案。看了下华尔街日报对美国医疗集团杀病人取器官的报道，第一个震惊的点是有严重毒瘾的美国人竟然也是热门器官来源，第二个震惊的点是，这不是孤例，这次能被爆出来，是因为执刀医生是找的外人，不愿意同流合污收起旋转查看大图华尔街日报《巴伦周刊》市场观察炎症性肠病华尔街日服买方THEWALLSTREETJOURNAL.订阅登入我们医疗集团被指控试图从活着的患者身上摘取器官肯塔基州检察官表示，他们正在调查这一指控，该指控是在众议院关于美国器官供应系统的听证会上提出的经过伦尼伯思斯坦更新2024年9月11日下午6:05等分享AA调整大小听（2分钟）：#DON TRIBECA DISRI RUPTIVE INNOVATION AWARDS 2016年，器官移植倡导者格雷格西格尔（中）在纽约市周三向众议院小组委员会成员讲述了这一指控。照片：SLAVENVLASIC/GETTYIMAGES 一位美国器官移植系统改革倡导者向立法者表示，肯塔基州的一个器官采购组织向其人员施压，要求从一名已苏醒并活着离开医院的住院病人身上摘取器官。,政务,恐惧
转发,2025-07-22 09:32:00,当主人不想起床时…小比就会以它的方式来叫醒主人 ??,奶比全世界最奶,0,0,0, ,nullnull,其他,中性
转发,2025-07-22 10:03:38,原来是这样 那只能说上帝是个好编剧了 ??,杰出校友排名参数：干掉几个小妈庶子，拿回多少家产////////[笑cry],1,0,0, ,不懂就问，宗大公主为啥读的是佩珀代因，而不是斯坦福或其他名校！以她家的能力，完全可以上更好的学校啊为什么呢不懂就问，宗大公主为啥读的是佩珀代因，而不是斯坦福或其他名校！以她家的能力，完全可以上更好的学校啊#宗馥莉#娃哈哈#私生子#继承者醉打杨柳枝刚刚百科了下，佩大仲裁法全美第一，争家产人6842家是专业的，歪打正着了昨天09:45江苏回复momo不读书说明宗馥莉真的学到了昨天09:49陕西回复2752展开118条回复远远的闪亮小猴子我最近这个事情一开始，就刷到大小姐曾经的学弟1078学妹们发帖说支持她，需要任何法律援助，他们都会帮忙。看来这个学校的法律专业应该确实不错6小时前浙江回复小红薯6836EC7B 我校确实是专业争家产大学，我舅甚至跟宗993总同届，我俩毕业以后回家夺权都成功了，祝宗总也成功哈哈哈哈哈2小时前中国香港回复星火微尘综合排名100一不，严格来说200以外1.3万一的一所大学，仲裁法能排到全美第一，可见打官司争家产这方面贵校真是专业对口啊15小时前江苏回复作者赞过只是想改名字了对亏校友帮衬，在争家产赛道强得可怕701414小时前上海回复momo 其实吧，论斗后妈、接手家族企业、争家产，击穿1.4万信托，这个学校的同学们才是专业的。三姐光想坑嫡女了，结果把嫡女送进争家产专业对口培训学校了1天前四川回复探月指南在这个嫡子嫡女培训学校可以看到各种各8811样的案例，大家交流一下心得，总结一下经验，毕业以后名字都加了一个钮祜禄的前缀回家力挽狂澜了昨天00:07江苏回复展开659条回复雕刻时光我倒是觉得，去藤校才真的耽误。这种学校家家人6197均甄传宫心计，聪明点点早点成熟开窍了。1天前北京回复momo 而且这学校里交到的闺蜜朋友们，既能出谋4897划策，关键时候可能朋友家里还能帮一把大小姐。1天前北京回复展开79条回复,其他,中性
转发,2025-07-22 10:08:41,【让更多人记住历史！#东极岛将侵略者罪证搬上大银幕#】#东极岛渔民忍无可忍情绪爆发# 电影《东极岛》发布“不忍了”版预告，中国渔民一再退让，日军却变本加厉、赶尽杀绝！与此同时，海上巨轮倾覆，英军战俘面临绝境，伴随一句掷地有声的呐喊“忍？那么多条命，怎么忍”，点燃所有渔民的血性。他们本是与海浪为伴的普通人，却敢于冒着炮火与屠刀，在同胞受辱、战俘濒死的绝境里，让渔船成了冲锋的舟，让渔网成了救人的绳，在风浪中托举一条条人命，完成了一场震撼人心的壮举！影片将于8月8日全国上映，相约影院见证！,猪手撕鬼子我也会看的////#东极岛全员愤怒值已拉满# #电影东极岛不忍不跪不能不救# 如果忍让换不来安生，那就往死里干！#电影东极岛# 8月8日，让全世界知道！,2,0,0,电影东极岛;电影东极岛不忍不跪不能不救;东极岛全员愤怒值已拉满, ,娱乐,中性
转发,2025-07-22 10:11:52,出狱后为了报复，把当年抓自己的见义勇为者杀死了……这居然还要判缓刑？？？？？[费解][费解][费解]我作为一个曾经抓过持刀歹徒的见义勇为者十分不解！在我抓的人出狱后那段时间，我是挺小心的，生怕对方会来报复，毕竟明枪易躲暗箭难防。对于杀害见义勇为者的这种行为，法院应该加重处罚的，不然出了事谁还敢伸出援手？[doge]#女子回应遭强奸被杀2次死里逃生##热点观点#,誰在保护垃圾////，再次试图杀死当年没杀死的被其强奸者，致其轻伤，然后潜逃，然后还是累犯。请问，判死缓的理由在哪里？,1,0,0, ,新闻周刊中国新闻周刊中国新闻周刊官方微博关注2583|粉丝6242万2025/7/2112:58【#女子回应遭强奸被杀2次死里逃生#】#男子强奸嫂子杀害见义勇为者二审开庭#近日，，男子强奸嫂子后杀人未遂、出狱后泄愤又刺死见义勇为者一案，将于7月22日上午二审开庭，由云南省高级人民法院在华宁县人民法院公开开庭审理。被害人刘某某的儿子对，自己将参与二审旁听，他强调父亲是因见义勇为牺牲，希望得到公正判决，“不然我真的想不明白，见义勇为，到底应该为还是不为？”据判决书，1996年6月，云南省玉溪市华宁县，被告人田某明（时年20岁）潜入其大嫂赵某某家中，持刀威胁实施强奸，数日后又持刀故意杀害赵某某（未遂），田某明被判9年。刑满释放后田某明心怀不满，2002年11月再次持刀到赵某某家泄愤，并将同村见义勇为的村民刘某某用刀刺死，又追上赵某某连刺数刀后逃跑，经伤情鉴定赵某某达轻伤。潜逃20年后，田某明于2022年2月在出租房内被抓获。2022年11月15日，该案一审宣判，田某明以故意杀人罪被判处死刑，缓期二年执行，剥夺政治权利终身。法院认为，被告人田某明故意杀人，致一人死亡，一人轻伤，其行为构成故意杀人罪。经查，田某明持刀捅刺刘某某、赵某某系连续过程。田某明刑罚执行完毕后，在五年内再犯，系累犯，应当从重处罚。据悉，田某明不服一审判决，提起上诉。二审开庭前，被害人赵某某的儿子告诉，他们一家从未出具过任何谅解材料，田某明伤害了他们两个家庭，事发至今田某明家属也没联系过他们，母亲无法接受这个结果，“每次听到这事她都很压抑，这个事情对她伤害很大”。“莫提了，提这个事就像拿刀来戳我，受不了”，赵某某对，二审她不想参与庭审旁听，“不想看到田某明，希望他被判死刑”。中国新闻周刊的微博视频云南省高级人民法院出庭通知书,公安，司法,愤怒
转发,2025-07-22 10:41:02,浙江宣传聊#谨防脱口秀滑向性别对立的泥潭#，那我就想聊另一件事了：2016年全国范围内最大的“寄血验子”案件正是浙江永嘉警方发现并破获的。所谓“寄血验子”，就是把孕妇的血通过物流冷藏空运到香港做胎儿性别检测。但这事怎么被发现的呢？永嘉县计生部门发现当地很多孕妇在怀孕一两个月时选择流产，甚至刚领了二胎指标的孕妇也会选择流产，同时当地的新生儿男女性别比高达离谱的136（正常值102-107），因此展开调查，发现深圳的“爱心爸爸”公司为孕妇提供“寄血验子”服务，参与寄血验子孕妇超过50000人，涉案金额超过2亿元。央视记者采访永嘉为做胎儿性别检测的孕妇。小珍说当地只有生了儿子才比较有面子，才会有更好的待遇。她自己的妈妈就因为生的都是女孩，就被奶奶家奚落嘲讽，有好吃的也不会给她们女孩吃。她不想过的跟妈妈一样苦。小红说她们村里的习俗是先订婚生孩子，再办婚礼领证。她身边的朋友只要生了女儿，就会被要求生下一个，甚至如果生不出儿子就领不了证。小红说她的朋友刚生完孩子，婆婆在产房外面就跟她说要再生一个。记者在浙江永嘉县随机选了一个村子采访村民，问他们想要孙子还是孙女，所有人，无一例外的都回答想要孙子，孙子好。所以浙宣好歹先督促着把当地搞得平等一点再来锐评女人讲脱口秀吧，当女人们出生之前就已经参与不平等的性别战争，你还指望她们现在不是战士吗。,其实只有苏南人和上海人很像，而浙江人更像福建人。// 化” 县，真讽刺啊////////，我们这里是要生出儿子才办婚宴的，从小到大不知道参加了多少场由新郎新娘的女儿当花童的婚礼，新娘还得在婚礼间隙给新生出来的耀祖喂奶。 //,0,4,0, , ,公安，母婴，政务,中性
转发,2025-07-22 10:55:13,杭州代表队，昨天获得公共卫生饮用水监督技能比赛一等奖。[允悲][允悲][允悲] ??,监督大家把?喝下去//// ID，群体表演艺术家,0,0,0, ,我市代表队获公共卫生饮用水监督技能比武团体一等奖！多人获个人奖项！杭州疾控监督2025年07月17日11:06浙江2人星标2025年浙江省疾控系统卫生监督技能竞赛决赛专业团体一等奖在近日落幕的2025年全省疾控系统卫生监督技能竞赛中，我市代表队的9名队员在各自参赛项目中表现不俗，3人获得一等奖、2人获得二等奖、3人获得三等奖。在团体赛中，饮用水卫生监督获得一等奖。热烈祝贺所有获奖队员及所在区县！,能源环保,愤怒
转发,2025-07-22 12:24:03,还得是我朋友，吃嫩南瓜中毒了…半夜起来感觉恶心，寻思是不是吃积食了，就忍着回去睡觉。结果一个小时之后没绷住起来哇哇吐….刚才我陪着查了一会儿资料[允悲]好嘛这是中毒了，想吐是身体自救来着…我说吃的时候不苦嘛？她还给我讲呢，蘸水是苦的[允悲] ??,同时天涯（中）毒书人啊（木鱼//？,0,0,0, , ,其他,中性
转发,2025-07-22 13:21:08,去年这个时候我还在相柳的怀抱里?#檀健次相柳# ??,这什么亡妻回忆录,0,0,0, , ,其他,中性
转发,2025-07-22 13:40:07,胡友平被评为第十五届全国见义勇为英雄。[蜡烛][蜡烛][蜡烛] ??,////////////[蜡烛]//[蜡烛][祈祷]//[蜡烛][蜡烛][蜡烛][鲜花][鲜花][鲜花]//[祈祷],3,0,0, ,第十五届全国见义勇为英雄模范（含群体）名单一、全国见义勇为英雄(含群体）蔡文牺牲前系中铝瑞闽股份有限公司工程师黄树焘、王宇群体黄树焘北京市海淀区居民王宇北京市西城区居民陈锋中国移动通信集团河南有限公司南阳市西峡分公司网络部员工赵孝凡（布依族）贵州省六盘水市六枝特区烊镇西陵村居民胡友平（女）牺牲前系江苏省苏州市姑苏区居民倪关林、徐四林群体倪关林浙江省绍兴市柯桥区安昌街道金徕旺商贸中心物业保安队长徐四林浙江省绍兴市柯桥区安昌街道金徕旺商贸中心电工李林雨牺牲前系武警部队湖北省总队随州支队执勤中队警士刘烈明江西省赣州市某小区保安员聂永华四川省德阳市罗江区万安镇麓峰社区居民吴英杰中国汽车工程研究院股份有限公司试验工程师长安剑中国长安网中共中央政法委员会中共中央政法委员会,公安，政务,中性
转发,2025-07-22 14:14:51,在网吧做陪玩的小猫,每一位都下单,1,0,0, , ,其他,中性
转发,2025-07-22 16:07:34,在网上刷到好饭了就这样捧回来给亲友： ??,谢谢家人们,7,0,0, ,,其他,喜悦
转发,2025-07-22 22:05:06,这样清清爽爽无烟无酒的公司饭局可太好了??,ad钙奶好啊,1,0,0, ,白芷Celia是老天涯er 关注娃哈哈年会上宗馥莉敬酒举的是ad钙奶和茶杯女性上牌桌的具象化！宗馥莉敬酒都用饮料对酒桌文化深恶痛绝，最近娃哈哈家族内斗，看到很多宗馥莉接棒后的举动，真的是对女性上牌桌的意义有了具象化感受。娃哈哈年会，宗馥莉敬酒举的是茶杯，酒杯里倒的是ad钙奶or椰奶，旁边的女员工杯子里也是饮料，没有乌烟瘴气，看着清清爽爽。还有一个视频，她举着红酒杯去酒桌敬酒，之后只是意思意思碰了下酒杯，压根没喝，真的太爽了！#娃哈哈#宗馥莉#宗庆后去世#宗馥莉同父异母弟妹,其他,喜悦
转发,2025-07-22 22:06:34,人不缺德枉中年[doge][doge][doge] ??,鸡翅包饭,1,0,0, ,nullnullnullnullnullnullnullnullnull,其他,中性
转发,2025-07-22 22:14:38,有没有人懂我虽然很喜欢罗小黑，但是他们同人真的很难画这点。。。平均我画两张要报废一张的程度。。。到底咋画的。。。 ??,黑猫最难画了！那种圆咕隆咚还一直滚来滚去的圆,0,0,0, , ,其他,愤怒
转发,2025-07-23 00:32:27,md全透明人生好萌啊[捂嘴哭][捂嘴哭][捂嘴哭] ??,真的好可爱啊啊啊啊啊啊,2,0,0, ,李兰迪12-2-9来自微博weibo.com 《富春山居图》拍摄间隙和刘德华叔叔合影，心里很美呀友善评论，文明发言158136269李兰迪11-12-4来自微博weibo.com 我家明天就可以养小狗了，好高兴哦！137138李兰迪T 11-12-2来自iPhone客户端嘻嘻，北京今天下雪了，好高兴哦！，我和同学一起堆了一个小桃心。447173李兰迪11-11-9来自微博weibo.com 我终于也开始喜欢微薄啦7415451164李兰迪12-5-2来自美图秀秀iPhone版我今天去吃了盼望已久的比胜客，高兴呀！让你俩昨天气我，今天气气你俩/u/126543747乙825102李兰迪12-5-3来自iPhone客户端这可是我的最爱，不要啊！：【注意啦，请大家不要再喝果粒橙】可口可乐承认旗下(果粒橙），含有美国禁用农药「多菌灵」浓度虽未超标，但专家指多菌灵可致脑麻痹、肝长肿瘤。包括香港有售的果粒橙，香港食环署正了解事件。专家指出，多菌灵跟其他农药一样，对脑部影响最大，可引致局部麻痹。为了健康转给你爱的人吧！/2.6011//1907415552李兰迪11-11-18来自微博weibo.com 大家好！/1265741590269李兰迪工12-6-16来自三星android智能手机昨天小学所有的考试都考完了，自我感觉还不错。等到昨天一放学，就和两个好朋友去吃了麦当劳，然后又去买了自己喜欢的小玩意儿，最后又去吃了必胜客的下午茶，玩的可high了。今天又要和同学去开party小学毕业的生活真爽呀！但还要好好休整休整，迎接我紧张而快乐的中学生活李兰迪12-6-1来自新浪邮箱2012年9月开始，我就要成为一名中学生了！到时候我就要告别童年时代了！我的儿童节-……83181,生活,喜悦
转发,2025-07-23 09:33:06,第一次见这么标准的猫爪,是小蛋糕呀,0,0,0, , ,其他,中性
转发,2025-07-23 09:38:01,温网，上流社会真正的时装周#温网#穿搭?,这么热的天，西方人确实有病，皇室是全世界最土的家庭,0,0,0, , ,其他,中性
转发,2025-07-23 09:41:26,7月22日山东，学生骑车和老太太发生摩擦，老太太坐在地上不起来，然后两位学生掏出政治课本开始读《社会生活有秩序》……#生活冲浪指南##微博跨域计划# ??,山东人挺抽象的,0,0,0, , ,其他,中性
转发,2025-07-23 09:48:07,小猫有属于自己的燃冬 ??,三花就是奶和橘的合集,0,0,0, , ,其他,中性
转发,2025-07-23 10:09:26,李兰迪的古装风评是真的逆袭了吧？2019年《梦回》因为体型被嘲，后来瘦下来，2023年《星落凝成糖》时风评就慢慢转好，到2025年《朝雪录》这儿，造型方面几乎零差评[不愧是你]#李兰迪古装又上新了# #李兰迪人生妆造加一# ??,胖了也这么漂亮,1,6,0, ,梦回星落凝成糖朝雪录你要是不信null“女又如可”PROBEMOONPROBENOON,娱乐,喜悦
转发,2025-07-23 12:09:40,正在晒太阳的小狗，好像一块香喷喷的蓬松小面包呀 ??,哎呀呀快来看啊,0,0,0, , ,其他,中性
转发,2025-07-23 12:43:43,终于知道为啥我不爱吃贝果，太扎实了，跟吃馒头差不多，我爱吃抛抛的面包 ??,贝果要夹肉啊蛋啊啥的，我一般吃半个，嚼完一个能发腮//// 吃了压饿[笑cry],0,0,0, , ,其他,中性
转发,2025-07-23 12:48:47,龟背竹抽新叶过程 ??,生命真的很有力量,0,0,0, , ,其他,中性
转发,2025-07-23 13:04:19,原来有这么多适合脑袋空空的高敏感人的工作…… ??,好哦,0,0,0, ,66别人的语气稍微不对就会嘎蹦死掉的小女孩适合什么工作屁股冒火别惹我摆摊卖小吃炒饭之类的，名字就叫无声小2.4万吃，有人问东问西你就指指嘴巴耳朵再摆摆手2024-02-18回复momo 只能适合做手工艺者。非遗传承那种。一个5925人开个店做一天3天前江苏回复作者赞过有故事的酒儿真的假的我确实总是这么幻想17822天前马来西亚回复蜇月殡仪馆好一些，一般没有家属闹事19132天前广东回复西航港港花想啥呢，殡葬业家属天天闹还比别的行852业闹的阵仗更大1天前四川回复小红薯60615880门岗就坐着。来车了按一下按钮开门152024-03-01回复Judy 哈哈哈哈哈哈，真挺好2024-03-05回复小茉莉适合当公主。。不是讽刺这个公主就是字面261意义上的王子公主的那个公主昨天15：54安徽回复一颗果冻最适合我的职业出现了120昨天15:59山东回复麦辣鸡翅去做线上花艺师那种量多每天只要不停的包花不需要跟太多的人交流沉浸在自己的世界里06-15回复驻厂！我干了三年这个是我干的最爽的一份工作，我司规定是每天八小时不加班，月休四天，7000左右，实际上是只有来的第一个月，是这样子干，后面混熟了几个月不回去上一天班04-12图书管理员真不错，我表妹在上海图书馆干，月薪5000十五险一金，工作八小时，做一休一，节假日三倍工资，每天的工作就是看书偶尔整理一下04-1图书馆是国家的，属于事业单位,政务,中性
转发,2025-07-23 13:41:58,当狗狗发现主人在外面摸了别的小狗后… ??,你脏了,0,0,0, , ,其他,中性
转发,2025-07-23 13:45:39,给雪豹测量肉爪爪 ??,让我来让我来,0,0,0, ,123,其他,中性
转发,2025-07-23 16:06:00,拍视频这人是真猛！[笑cry][笑cry][笑cry] ??,发疯治傻叉//！！////！//，能站出来阻止别人公共场所吸烟的都是英雄,1,0,0, , ,其他,愤怒
转发,2025-07-24 12:21:37,打羽猫球 ??,哎呀呀可爱鼠,0,0,0, ,,其他,喜悦
转发,2025-07-24 13:19:16,給小仓鼠修毛cr：hammdaeng ??,给我鼠 做美容,0,1,0, , ,其他,中性
转发,2025-07-24 13:47:43,现在都不说同志的名字了！,高高举起轻轻放下呢//[二哈],0,0,0, ,根据市委部署，市纪委市监委成立调查组，对相关单位和人员存在的履职不力、失职失责问题进行深入调查，并依据调查结果，依规依纪依法对7名领导干部严肃问责：给予余杭区分管住房和城乡建设、水务工作的区委常委、副区长党内警告处分；给予余杭区住房和城乡建设局党委书记、局长诫勉处理；给予余杭区住房和城乡建设局分管水务工作的局领导（二级调研员）党内警告处分；给予余杭水务控股集团党委书记、董事长党内严重警告处分；给予余杭水务控股集团党委委员、余杭环保科技公司总经理撤销党内职务、政务撤职处分；给予余杭水务控股集团分管客户服务工作的党委委员、董事、副总经理诫勉处理；给予余杭制水有限公司董事长、党支部书记党内警告处分。,政务,中性
转发,2025-07-25 10:33:50,给大家看看现在做新闻的都是什么人，这人还把评论删了,济南广电出来干活////////////，可见男的装女的都什么货色//（虽然账号显示为女）想要偷拍资源 是准备放到贵台上当素材吗？,2,0,0, ,微博正文公开Merolluy 8.4万推广阅读25-7-2413:09发布于广西只看见这一家新闻媒体报道了购热点关注同城直播朋友推荐境外论坛传大量中国女性私密照论坛规模超过10万人该平台还存在群组提供贩卖针孔摄像头及将其安装到日用品的业务律师称最高可判无期徒刑xlatha Qin换Q?in124.4万8661用前女友女友老婆换来127XA 4654转发评论赞所有评论设置随便看看Fj 回复刚刚来自OPPOK1回复：我置顶有：谁！有！之！ 只看见这一家新闻媒体报道了赤色梦幻回复刚刚来自Android客户端回复：5：谁！有！之！原！ 只看见这一家新闻媒体报道了回复米目vivoS19请官方重视maskpark事件请官方重视maskpark事件请官方重视maskpark事件请官方重视maskpark事件请官方重视maskpark事件请官方重视maskpark事件请官方重视maskpark事件请官方重视maskpark事件请官方重视maskpark事件请官方重视maskpark事件请官方重视maskpark事件请官方重视maskpark事件 只看见这一家新闻媒体报道了薛松的围脖回复刚刚来自Android客户端谁！有！之！原！薛松的围脖SVIP1694粉丝764关注2718转评赞济南广播电视台电视新闻节目中心编辑微博相册精远视频全部微博（1402）三筛选薛松的围脖24-10-6来自生日动态HappyBirthda 今天是我的生日10月06日，来祝福我吧一转发评论赞薛松的围脖23-10-6来自生日动态十关注助威留言推送管理相关推荐,司法,愤怒
转发,2025-07-25 10:48:36,#白宇[超话]#｜#白宇太平年# “回望”你和角色之间的光，永不单向。 ??,古代胡子最漂亮的皇帝//[good][good][good],2,1,0, ,自宇钱弘椒BYOPYRCHEN共饮太平年下一杯热酒白宇/钱弘椒太平年SWORDSWoPLOWSHARES OPYRIGHT白宇钱弘椒OPYI IGHT BYFUACHEN 太年白宇钱弘傲,娱乐,中性
转发,2025-07-25 13:22:00,刷到这个说“枣糕和玛芬有没有可能是同一种东西”的帖子…说实话我一直感觉披萨不放料烤出来就是馕[允悲] ??,烤箱和蒸笼产出的东西还是有点区别的//。。。//////？？//[惊恐]//！//[哆啦A梦害怕][哆啦A梦害怕][哆啦A梦害怕][哆啦A梦害怕]原来如此,2,0,0, ,小狗芭比咱就是说枣糕和玛芬有没有可能就是同一种东西我好像发现了一件大事我好像发现了一件了不得的事情有没有人跟我一样，第一次吃玛芬的时候也想起了枣糕？越吃越像.你细品啾啾啾面包可露丽和黄金糕我也觉得是一种东西66821天前上海回复953脆脆鲨尤其是炸的黄金糕那简直一毛一样2731天前浙江回复moom 曲奇是用黄油做的桃酥。桃酥是用植物油做的曲3692奇。1天前四川回复作者赞过大白菜(富有版)O 这两个我也吃着是一个东西，唯一的区别在399于桃酥比曲奇爱掉渣且少一些奶味1天前上海回复言之有理女士O 我觉得贝果就是没泡碱水的馒头18471天前上海回复不如我喜欢不是馒头吃着软多了1天前重庆回复1497万事胜意O 这个法棍的味道真的很新疆窝窝馕的味10分钟前新疆回复藤原千代子红糖花卷我甚至觉得是外国没有的中式甜品11分钟前北京回复Pleasedon't follow me 恰巴塔很像西北的一种馍馍，我朋友第1次吃的时367候说他奶奶做失败了才做出来这种馍馍1天前广东回复eleven 就是肉夹馍或者是无油馅饼1天前宁夏回复38十九金我觉得鸡蛋仔，铜锣烧，松饼，鸡蛋糕真的是一629个东西，质地口感都很像，有人能懂吗1天前安徽回复作者赞过一天三顿小邵烤如果是司康的话是和什么类似呢1天前山东回复178中年少女太谷饼1天前山西回复1140作者赞过CandrikA 松饼真的不是大号的蛋烘糕吗？每次做的时候都觉得如果我有一个小锅那就是蛋烘糕了24分钟前德国回复瑞纳乐D 我一直感觉恰巴塔和我们着菜场卖的大饼是一个3东西，不过菜场不做外卖我太懒了不出门，所以老吃恰巴塔但是大饼两块钱恰巴塔要二十感觉自己还是有点冤种的43分钟前江苏回复momo 说的有道理，找你这么说，甜甜圈也算是糖油360饼的一种。1天前河北回复早睡早起一直觉得甜甜圈算一种圆形麻花8161天前吉林回复马小跳么么哒司康就是东北老月饼的边边，小时侯巨爱吃，8啃一圈，终于知道全身都是的边边了狂吃10小时前辽宁回复马铃薯NPC（暂不换）我也是，打小爱吃月饼皮，长大发现了司康10小时前山东回复Somuns 还有披萨不加上面的料烤出来就是馕52小时前内蒙古回复momo 刚出锅的馕空口就能吃一个2小时前浙江回复momo 贝果就是新疆的窝窝馕1天前新疆回复24咖啡加冰701天前上海回复,生活,中性
转发,2025-07-25 13:27:23,在中国拍摄到的，一段咕咕大战咪咪的宝贵视频#海外新鲜事# ??,不许叼人家毛毛,0,0,0, , ,其他,中性
转发,2025-07-25 13:28:04,审咪积累 ??,咪商提升,0,0,0, ,,其他,中性
转发,2025-07-25 13:28:31,边牧：我做好小狗一年了 ??,给我家猫也安排一下,13,0,0, ,赠：粑做了一年好小狗二零二五年六月十八日护你一世的头狼好狗,其他,中性
转发,2025-07-25 13:47:54,边牧：我做好小狗一年了 ??,写的“白果幸存者”吗//。。。////,1,0,0, ,赠：粑做了一年好小狗二零二五年六月十八日护你一世的头狼好狗,其他,中性
转发,2025-07-25 15:29:15,小猫给生理期中的主人拿来卫生巾 ??,天惹怎么这么聪明啊,0,0,0, , ,其他,惊奇
转发,2025-07-26 08:43:57,猫猫正在为你招财中，请转发收下。??? #海外新鲜事# ??,谢谢，我发财,4,0,0, ,推文猫cafe人二、招猫右手上の金运招福览の金运P祈8062.3万,其他,中性
转发,2025-07-26 09:05:07,#罗小黑战记2# 震惊，幕后花絮竟然是这样！ ??,给小黑穿裙子OK,3,0,0, ,啊可？还要需吗？这里再需一起一吃蛇个吧!,其他,惊奇
转发,2025-07-26 09:39:23,你一定没从这个角度看过小猫的原始袋[春游家族] ??,妈耶让我摸让我摸,1,0,0, , ,其他,中性
转发,2025-07-26 13:24:21,仔细想想，罗小黑年仅十岁已然做到了富贵不能淫，贫贱不能移，威武不能屈。孩子跟着师姐住豪华套房的时候，嘴里塞着山珍海味，还能想着“师父第一”，好好好，什么叫儿不嫌母丑，猫不嫌家贫。都这样了还愿意回去“永远跟师父住”，觉得师父最近做的饭可以了，太好了，这孩子太好养活了[泪]。不过无限也好，会带孩子吃m记吃火锅看电影逛水族馆还是什么馆，本质没缺过小黑的吃穿玩乐，“别人家小孩有的我们家也得有”，所以tv版众生之门篇核心思想之一就是劝学，给猫猫普及义务教育。感觉做饭对于无限来说，也是一种实验艺术，做好了皆大欢喜，做不好就是一场表演。而且无限给小黑的任务是交到一个人类朋友，并且告知妖精身份，共同完成任务三。他是真的希望小黑可以多方面体验人类的世界。如果按照小黑自己的想法，他还不到十岁就想成为执行者了，亲娘嘞，一个精通暗杀的文盲小猫咪，打了风息、打了灵瑶、盗了天明珠，这配置能写进史记刺客列传里，荆轲、聂政、小黑。交到人类朋友就好了，还是同龄小朋友，可以一起打游戏一起上学，更好的感受人类世界。其实这也是在讲述人和妖精的关系的一种双视角展示。两部电影都是妖精视角的故事，但tv版是人类视角的故事。小黑前面接触的都是妖精视角的排斥、抵触、接受，努力共存但岌岌可危的局面。跟着罗小白就不一样了。小白：原来是妖精啊，那以后考试小黑可以给我报答案了！不，不可以，他没文化（）,说我们小黑是文盲小猫咪合适吗,10,0,0, , ,文化,喜悦
转发,2025-07-26 13:27:50,#罗小黑战记2# 一些我想要吃的（实用）谷子！虽然有些没有版权……但都好可爱，好实用啊！#电影正当夏# ??,发带是我的,1,0,0, ,12:42の67奇妙积木(日更版)关注直播717大院的家小黑竟然也有正版授权周边了呜呜呜竟然我们小黑竟然也有正版授权积木了一次集齐师徒二人！人仔和建筑的还原度都好高说点什么.164291412:4267共鸣GONG 关注GOG DOrHEIL 新品|《罗小黑战记2》人物日常系列共鸣GONG|《罗小黑战记2》人物日常系列手办盲盒新品预售说点什么2405751771412:4569雪来天然呆关注3/618:00共2款客服：什么，罗小黑出电影了？俺也要去看！在首页刷到罗小黑联名表带，有现货，好好好，马上下单，周末换上，去看大电影说点什么17931826612:45の69绵绵冰关注罗小黑11:5023周五10:09状态良好36ms·状态优秀10:50更新主题兑换码84479StressTracker 输入主题兑换码立即拥有同款手表主题喜欢罗小黑的都去戴applewatch 一只超厉害的小黑猫没有人不想和它做朋友我们大家都爱罗小黑说点什么287794612112:4266钞壳创意关注YOLOLABCASE 1/3太好了！这么可爱的罗小黑手机壳终于拥有啦#罗小黑#罗小黑战记#罗小黑周边#罗小黑战纪#罗小黑战记2#电影罗小黑战记2#罗小黑无限#罗小黑战记无限#手机壳#苹果手机壳#手机壳安利#说点什么135323412:42の66春野手作和她的猫关注实况1/4omg！我也有可爱的罗小黑手串了五彩棉线编织搭配多彩陶瓷真的很可爱可以带着洗澡不影响滴说点什么102281012:4469小肥柴颗粒关注罗小黑电影特典到底贵在哪里？我实在不明白，首先，我是图一，我买的特典场次，票价37元，当时去选，影院工作人员说只能在小扇子和卡片之间二选一，我和我朋友一个人选了说点什么98649104712:4670楠楠木关注武汉江汉路罗小黑战记2无料0719在武汉江汉路M+银兴观影团，后面可能会去X118逛逛，准备了一些气囊支架无料互换/伸手礼欢迎来抓一感谢画师开放授权！都好萌呀！！无限#罗小黑战记2#无料#拍肩礼#观影团Q猜你想搜武汉江汉路银兴国际影城07-13湖北说点什么812:47371寻找生活的小确幸关注6/10罗小黑可爱发箍很可爱软绵绵的，萌趣十足再也不用担心头发掉下来啦8Share|罗小黑周边第二弹分享！罗小黑周边帮大家整理好啦一宝子们下一期还想什么说点什么41412219,其他,中性
转发,2025-07-27 00:24:36,《无法停止偷拍的男人们》的作者指出：偷拍者并非想满足性欲（许多人甚至都不会看一眼自己冒着被捕风险偷拍到的照片）他们受到来自男权社会由上至下的压迫，因此想通过自由掌控阶级更低的女性来重新确认自己在社会中的支配地位，以达到解压的目的。如果没有社会长久以来灌输的“女性阶级更低”这一潜移默化的认识，该行为逻辑便会崩塌使得手段本身无意义，这也是东亚较欧美国家类似犯罪高发的本质原因。,//////////////////////////，那么参与n号房的许多偷拍者就是在拿女人这种“战利品”去换得其他男人的认可和支持，通过讨好同一阶级以提高自己的地位，其本质是一样的,4,0,0, , ,其他,中性
转发,2025-07-27 00:31:50,#罗小黑战记[超话]##电影罗小黑战记2?# 白毛沾黑衣服，黑毛沾白衣服,养猫人是这样的,0,0,0, ,米买了很多白色衣服然后养了黑猫。？,其他,中性
转发,2025-07-27 09:39:49,今日凌晨1时53分，有人在荔枝角道的垃圾桶旁有一只狗，警员及爱动物协会接报到场调查。爱协职员发现唐狗已死去，身体僵硬，左后腿有一个大面积伤口，且长满蛆虫，相信事件有可疑，转交警员跟进。而后，警员在旁边的大厦楼梯发现血迹，于是凌晨时分对每层楼进行调查，在5楼找到狗主，发现狗是他遗弃的。这名60多岁狗主被捕，罪名是涉嫌“残酷对待动物”，一经定罪，最高罚款200，000元或监禁三年。#真实的香港[超话]#,////，看看这个罚款不心动吗？ 按内陆现状一年至少能罚个几千万人，每个人1万就有几千亿啦，半个雅江水电站的钱就有了，不比远洋捕捞那点鸡毛蒜皮的钱强吗？真的不心动吗？,1,0,0, ,东网深水埗受伤唐狗被弃行人路失救亡饲主涉虐待动物被捕枝角道238驶石硬尾街1号业主立繁法围on.cc 东网剪缘精剪烫染顺直美容美发装修工程空内设计免贵度呎食肆出牌你必订道店主外维修服务Whastsi/量话00122302RoChaton.c 东网on.cc 东网,公安,愤怒
转发,2025-07-27 10:28:42,【疾控专家:#全球已近30万人感染基孔肯雅热# #基孔肯雅热感染规模或超上一次#】据广东省佛山市各区最新的通报，截至7月24日，佛山市5个区已累计报告基孔肯雅热确诊病例超过4000例，其中顺德区报告确诊病例3627例。疾控专家提醒，10年前基孔肯雅热在印度洋地区大规模暴发，当时50万人感染，现在全球已近30万人感染，规模或超上次。,啥,0,0,0, , ,政务,惊奇
转发,2025-07-27 16:04:52,叫猫猫下来吃早饭，结果猫猫像暑假的小学生似的，懒洋洋地下来了。[喵喵][喵喵][喵喵]X:ネコランド ??,宝在帮妈妈拖地板,0,0,0, , ,其他,中性
转发,2025-07-27 16:06:44,加油，小黑，恭喜新 上映！无论白猫黑猫，能抓鱼就是能吃饱的猫！ ??,哎呀猫爷,0,0,0, ,"小记大理寺THELEGENDOFHEI WHITECITLEGEND ""不堪盈手赠，还寝梦佳期”Hao 好传动画",其他,喜悦
转发,2025-07-27 18:49:24,当一天“归国莞小姐”#朝雪录##秦莞不起晚# ??,麻麻同意这个女婿,0,0,0, ,,其他,中性
转发,2025-07-27 18:51:22,奶香小橘? ??,给我来一口吧,0,0,0, , ,其他,中性
转发,2025-07-27 19:19:43,突然想聊聊上桌吃饭这个事儿。我爸爸有四兄弟，和唯一一个妹妹。这些年每年正月初四，四兄弟都是拖家带口一起去这个我唯一的姑姑家拜年。随着一年年的添丁进口，姑姑家也是在很多年前就从摆一桌变成就不得不再开一桌。其实它在操作的过程中，确实是“给小孩单开一桌”，然后有些不想跟那些喝酒抽烟的男人一桌吃饭的女人，也可以坐小孩桌。你不介意，也可以坐那桌跟男人们一起拼个酒。两桌的菜色确实也没有区别。顶多小孩桌不上酒。随着我们这些“小孩”也快40岁了，现在只要我们想坐大人桌，问题也不大了。今年过年，我妈，我堂弟，都是坐的“大人桌”。我妈还喝止那些男人们在室内抽烟，因为家里有好几个小孩呢。就，从实操上来说，这并不是一种特别等级分明的“分桌制度”，这也没有“女人不准上桌”，也没有菜色区别，并没有亏待女人小孩。但，真的没有区别吗？其实是有的。比如我从小都知道，我爸他们坐的那一桌，叫“主桌”。它必须是摆在堂前的那一张八仙桌。我大伯必然会坐在主位。如果我想，我可以去坐在主桌跟我的叔叔伯伯们一起聊天喝酒。坐在小孩桌跟弟弟妹妹外甥外甥女们一起喝酒，确实是我自己的选择。但这都建立在主桌有空位的情况下。而且我爸爸永远不可能坐在小孩桌。再比如，在厨房忙里忙外的一定是我姑姑。我姑父也会帮她打下手。但只要客人们到位了，我姑父要做的事情就是坐下来陪客人们喝茶喝酒，厨房就整个扔给我姑姑了。每年都是我妈看我姑姑太忙，进厨房去帮她。今年男人们喝着酒吃着菜，我姑父就喊想让我姑姑加个菜。我姑姑就很不高兴。因为今年我表弟带着老婆孩子回来了。我姑姑一边上夜班，一边要给儿媳妇做饭。每天都累得够呛。这顿正月初四的饭，都是强打起精神做的。我妈给我姑父说了一通，不让加菜，我姑父也搁那儿嘿嘿嘿嘿乐。我姑父和我表弟，不算很大男子主义那种男人，家里各种事情也不会完全甩手不管。但过个年真的忙得团团转的，依然是我姑姑。她不是没有资格上桌吃饭，但实际上，我们所有人都上桌吃饭的时候，她往往还在厨房里忙着。虽然每年都会上演“哎呀别做了别做了够吃了快来吃饭”的戏码，但确实在演这出的时候，我们也没停过嘴。我从小到大确实没有过“女人不可以上桌吃饭”的体验。但也确实，男人比女人，能更稳定更不受干扰地上桌吃饭。,我们家这里从城里到乡下，这么多人来家里都是外食的，硬要在家吃的是城市穷人//,0,0,0, , ,其他,中性
转发,2025-07-27 21:32:43,我记得《少年包青天》的第二部，有个案子还挺吓人的，说的就是寺庙主持的阴暗故事。包拯接了皇上密旨，要去某个寺庙办事，于是一个人出发，先行一步。展昭一行人跟在他后面，一天深夜，展昭在荒郊野外拉野屎。无意中在野外听到有人说要刺杀包拯，展昭觉得大事不妙，但联系不到包拯，情急之下，就和公孙策、陆湘湘一起先去了寺庙，想查出谁是真凶。来到寺庙后，这里发生了很多灵异事件，寺庙借宿的其他几家人都很古怪，各怀鬼胎。陆湘湘在熬药时，寺庙的佛像还会流泪。展昭喝了佛像下面的水，直接昏迷，差点死了。这个寺庙后面还有一片恐怖竹林，传说只要进去就出不来了。公孙策和陆湘湘走进森林，果不其然，迷路了。他们还看到森林里有两兄弟，因为迷路逃不出去，饿的没有粮食了，就相互吃对方的人肉。最后，公孙策查出寺庙的秘密，这个寺庙的主持方丈以前是个采花大盗，QJ民女，让她们给自己生孩子，再把她们卖到青楼。寺庙里面原来的和尚僧人都被他杀光了，他把人肉做成粮食救济穷人，让世人都觉得他是个心地善良的好人。再把私生子们都安排进寺庙当和尚，整座寺庙的和尚都是他的孩子。不光如此，他还虐待自己的孩子。这个方丈想在寺庙里建一座舍利塔，他的孩子们都是苦力，但没建好，他突然兽性大发，把孩子们关进屋里，逼他们自相残杀。方丈知道，来寺庙祈福的，有很多是富人。但凡看到他们光鲜亮丽，就暗中毒杀他们，再把他们身上的金银财宝刮出来。被杀的人，继续熬成肉汤，施舍给穷人。,//《整座寺庙的和尚都是他的孩子》////,0,0,0, ,,娱乐,中性
转发,2025-07-28 06:48:43,12306抢票遇到真大佬了 ?,有时候没用，五一十一从上海回来试过候补，毛线用没有//，原来12306候补的逻辑是这样的啊////[哆啦A梦吃惊]////////，去年去云南玩，后半程短途火车票全部是候补买到的//[哆啦A梦吃惊][哆啦A梦吃惊][哆啦A梦吃惊]// //。////////。//。,0,0,0, ,弘叔我来帮助你们了解1230612306的底层逻2113辑是铁路售票利益的最大化。而候补实际上是发布需求给铁路部门知晓的意思，类似于滴滴打车的发布行程。比如，你要从景德镇买G99次（上海虹桥到香港西九龙）的车票去赣州，即使提前15天开售的那一刻刷票，都会发现无票。不是真的没票，而是不想卖给你。为什么？因为一个座位你买了景德镇到赣州这一段，上海到景德镇和赣州到西九龙这两段可能会空置。所以当你发现景德镇到赣州没有票，可以看上海虹桥到终点香港西九龙，是有票的。此时就不用着急，因为票是有的，只是不卖给你。这时你就候补，当同时有人候补上海虹桥到景德镇和赣州到香港西九龙，三张票会同时出来，因为实现了利益最大化。。3天前江西回复作者赞过弘叔我知道大家不喜欢候补，喜欢不停的刷1537新，看看有没有票。但铁路部门希望大家候补，因为第一，候补也是要排队的。以刚才G99次为例，如果2组人的行程正好覆盖列车全程，那么第3个候补的对不起，你拿不到票，你就得等第3组。第二，候补是发布行程让铁路部门知道。铁路部门知道多少需求才决定怎么开车。有的列车本来是8节的，只有500多张票，如果候补+已售超过了700，那么铁路部门就可以把这趟列车加长为16节，车票达到1000张。所以及时的候补能够让铁路部门更准确地掌握大家的需求，提高大家买到车票的概率。3天前江西回复大厂老猿作者大佬来了，膜拜大佬1003天前上海回复弘叔另外还有一个规则，就是各铁路局的利540益分配。比如武汉到温州有2趟列车，一趟是武汉铁路局武汉客运段担当的G2035另一趟是上海铁路局上海客运段担当的G589.那么在武汉售票时会优先售出G2035的车票，压着G589次车票缓缓放出。因为武汉售出高G589次列车车票的收入要和上海铁路局分成。等到G2035次列车车票基本售罄，再取消G589车票的限售。所以有的车票你提前15天时买不到，但提前两三天发现又买到了。3天前江西回复大厂老猿作者回复弘叔：这个是的，基于候补订单82及时调整运力！专业大佬啊3天前上海回复大厂老猿作者回复弘叔：这种规则真的是193天前上海回复Sariyah·Hasan艾斯回复弘叔：这个规则是最大化了运力180但是衍生的一个问题就是牺牲了乘客提前安排的可控性要我说应该两者结合2/3的票用你的方法做，1/3的票从一开始就全部放出给提前订票的人，这样两头都能有所照顾3天前上海回复作者赞过这三个规则是：优先卖全程票，优先推307销本局车，优先在本局站售票。3天前江西回复不疾所以是不是可以先分段候补三张票，买159到三张票，然后退掉另外两张，就可以顺利买到景德镇到赣州了2天前北京回复作者赞过我很快乐回复不疾：是这个意思42天前浙江回复Scarlett 回复不疾：但是和你一样订单的人会29有很多，不一定正好三张票都给你吧2天前美国回复弘叔回复不疾：聪明，能成事。但你面229临两件事。一是你不需要的2张票，得收你退票费。二是3段行程的候补不在同一序位，你会在不同时间得到，让你忍受退票费的同时还可能忍爱继续等待的煎熬，比如你是第5个候补赣州至九龙的，第11个候补上海至景德镇和第16个候补景德镇至赣州的，虽然你均在提前15天候补，但你可能分别在前8天和前2天得到你不需要的票，分别损失5%和20%的退票费。但你真正需要的票还在排队，也许提前一天终于等到，也许再也等不到了。不过说实话，大概率你还是能够成功的。2天前江西回复,政务,中性
转发,2025-07-28 06:51:49,#罗小黑战记# “他现在的任务就是带孩子吧” ??,天惹太漂亮了,1,0,0, ,不要乱摸虫子切我觉得我们还是买两桶泡面回去比较保险呢。红世年为满2师父你选一个都可以呀你选一个嘛！哇！,其他,喜悦
转发,2025-07-28 11:23:46,当然知道方丈有娃这件事很普遍，但还是难免想，娃知道自己爸爸是方丈，是个什么感受。。。。 ??,以后继承寺院么,1,0,0, , ,其他,中性
转发,2025-07-28 11:24:16,人，上班累了吧！来听小狗嘤嘤嘤 ??,偷走了,0,0,0, , ,其他,中性
转发,2025-07-28 11:26:15,奶牛猫幼崽沉浸式喝奶 ??,师父刚把小黑绑架回家,0,0,0, , ,其他,中性
转发,2025-07-28 11:27:26,公共场合要看好小朋友啊…… ??,出门带疫苗本呢////////////,0,0,0, ,博物馆你怎么小朋友，妈妈呢一个人坐在这？唔打架可疑的长发师父！！服务台不管有没有必要总之会馆全部准备了身份证检疫证猫咪疫苗本公证书领养公证书,其他,中性
转发,2025-07-28 11:40:53,“你听，这瓜保熟吗？”[污] ??,鸡翅包太多饭了//,0,0,0, , ,其他,中性
转发,2025-07-28 12:16:01,【#中国佛教协会发公告对释永信戒牒予以注销#】今天，中国佛教协会发布公告：中国佛教协会坚决拥护和支持对释永信的依法处理决定。日前，中国佛教协会收到河南省佛教协会报来《关于注销释永信戒牒的报告》。根据有关规定，同意对释永信（俗名：刘应成）的戒牒予以注销。 ??,好严重的惩罚呀//,0,0,0, ,人民日报PEOPLE’S DAILY 最新消息,政务,惊奇
转发,2025-07-28 12:57:00,奶牛猫从小就狗里狗气的 ??,是小狗,0,0,0, , ,其他,中性
转发,2025-07-28 13:00:02,我的肚毛美轮美奂！#奶肚陷阱# （投稿： ） ??,某警长中午应酬吃多了猫条，午睡把制服扣子崩开了//，我拿走了,0,0,0, ,,其他,中性
转发,2025-07-28 13:06:31,千变莞化，热化了的化[送花花]#朝雪录##秦莞不起晚# ??,啊奶油肌[哇][哇],0,0,0, ,nullnullnull,其他,中性
转发,2025-07-28 13:20:23,#罗小黑战记# 改了… ??,还说不是奶牛猫[哇],0,0,0, ,咪。护卫大GUARD DOG,其他,中性
转发,2025-07-28 13:39:07,这就是哪吒 。#罗小黑战记2设计稿# ??,什么人啊盯着猫皮炎子看//？,2,0,0, ,维小军记了THELIEGINDOFHEIL 里衣衣服国案10NAZATHEEDORHEIL 7-0047-002亚树叶变装7-011THELEGENDOFHEI 哪吒游戏室推控窗结构发灯电吉它游戏宝庭院散尾葵（大片点）枫树只红了一点点)露营灯露营椅6-,其他,愤怒
转发,2025-07-28 15:34:22,墙角发现一只可爱的小猪咪[舔屏] ??,晚饭就吃这坨宝宝了,0,0,0, , ,其他,喜悦
转发,2025-07-28 15:35:37,长了一张佐藤健的脸，谁还会在乎身高[doge]看到有人说砂糖的脸在请婚里有点肿，其实是因为这部剧的韩国制作团队拍摄时加班加点，他每天只能睡4.5个小时（他平时是11点前睡觉的人），导致拍请婚时脸部状态没有平时那么好，这是他拍摄请婚之前出席电影宣传活动，脸好瘦好紧致！#请和我的老公结婚#,哎呀,0,0,0, , ,其他,中性
转发,2025-07-28 16:33:29,朋友神神秘秘的跟我说，你知道释永信俗家姓氏什么吗？我说不知道。他说，姓杨！我大惊！卧槽，杨永信？？？,闭环了//[笑cry]//？//？//？//,0,0,0, , ,其他,惊奇
转发,2025-07-28 18:55:55,没想到摇篮曲对小猫也好使#我的精神状态凉好##我的幽默灵感片场# ??,soft kitty ////，差点比小猫更早栽了//// 谁听都迷糊//,0,0,0, ,en.猫：丸啦硬控了昨天14:54·吉林回复安全感我很好奇，这个曲子是不是在任何动物身上都管用3天前·北京回复4嘿，慢点走：你哼哧哼哧笑什么？05-17·北京回复2.2万展开291条回复安和桥猫：老子快睡着你笑个D 05-24·广西回复560展开16条回复叫点什么这玩意儿真邪行你把他给哄睡着了昨天10:33·黑龙江回复一等等！我躺下！05-16·江苏回复141展开26条回复何小宝目光逐渐呆滞.05-16·宁夏回复68展开2条回复兰陵王这是啥歌，我也需要听05-17·山东回复19展开23条回复一切清零看着咪子逐渐呆滞涣散的眼神，我就知道大事不妙06-16·云南回复3林大壮弱弱的问一句，你能不能哄哄我我最近失眠了05-16·山东回复166展开14条回复狂炫辉哥画的饼难道说..…...这是什么？怎么要关机了05-17·广东回复77展开3条回复,其他,中性
转发,2025-07-28 19:12:33,#罗小黑战记[超话]##罗小黑战记##罗小黑战记2##电影罗小黑战记2? ?# 师徒组日常之《钓鱼》（最后吃了一个星期全鱼宴）,小黑才是钓鱼佬,0,0,0, ,《师父钓鱼》鱼王我不是深海鱼吗？这里是河啊？！!哇！！师父好厉害！!画画的区-HUAHUADEFE1FEI·2025《师姐钓鱼》Si姐腻huai.一（师姐好厉害)一画画的区-HUAHUADEFE1FEI·2025《小黑钓鱼》定是鱼杆的问题！啥都有就是没有鱼画画的-HUAHUADEFE1FE1·2025肃,其他,中性
转发,2025-07-28 19:15:08,#3周岁以下婴幼儿每孩每年补贴3600元#【新华视点丨#国家育儿补贴方案六大热点问答#】从2025年1月1日起，每孩每年发放育儿补贴3600元，至其年满3周岁——国家育儿补贴制度实施方案28日公布。这是一项全国性的重要民生政策，面向育儿家庭全国范围全面直接发放现金补贴，有助于缓解家庭养育压力。哪些家庭可以申领育儿补贴？补贴标准为何如此设定？地方已有补贴政策怎样衔接？“新华视点”记者采访多位专家，对热点问题做出解读。一问：哪些家庭可领取育儿补贴？根据方案，补贴对象为从2025年1月1日起，符合法律法规规定生育的3周岁以下婴幼儿。换言之，无论一孩、二孩、三孩，均可申领育儿补贴。2025年1月1日前出生、不满3周岁的婴幼儿，也可享受政策，按应补贴月数折算计发补贴。中国人口与发展研究中心主任贺丹表示，一孩、二孩、三孩均可领取补贴，且标准相同，实现了三孩生育政策下家庭支持的全面覆盖，体现了政策的普惠性和公平性。首都经济贸易大学劳动经济学院教授姜全保认为，一孩生育是家庭生育决策的关键，将一孩也纳入补贴范畴，能一定程度帮助缓解年轻夫妇的生育顾虑。二问：育儿补贴怎样申领？方案明确，育儿补贴由婴幼儿的父母一方或其他监护人按规定向婴幼儿户籍所在地申领，主要通过育儿补贴信息管理系统线上申请，也可线下申请，各省份结合实际确定具体发放时间。据了解，相关部门正在抓紧推进各项准备工作。国家发展改革委社会发展研究所研究员张本波表示，通过直达家庭的普惠性现金补贴，可以直接增加育儿家庭的可支配收入，提高获得感。三问：补贴标准如何设定？根据方案，育儿补贴按年发放，现阶段国家基础标准为每孩每年3600元，中央财政按比例对东部、中部、西部地区予以补助。地方可根据财力适当提标，提标部分所需资金由地方财政自行承担。中国财政科学研究院研究员朱坤分析，发达国家的育儿补贴标准各不相同，总体上看，每孩每年获得的补贴占该国人均GDP的比例通常在2.4%到7.2%之间。参考国际经验，我国育儿补贴标准占人均GDP的比例相对比较合理。“坚持尽力而为、量力而行，育儿补贴政策方能行稳致远。”朱坤说。四问：地方已有补贴政策如何衔接？方案要求各省份做好衔接规范。国务院发展研究中心社会和文化发展研究部研究员佘宇介绍，目前全国已有20多个省份在不同层级探索实施育儿补贴相关政策，亟待国家层面出台基础育儿补贴政策予以规范、指导和统筹。姜全保说，在国家育儿补贴制度的基础上，地方政府可根据本地经济发展水平和人口发展特点，在财力允许范围内补充出台差异化补贴政策。通过中央与地方协同发力，形成多层次、立体化的生育支持政策。五问：育儿补贴预计有什么效果？中国人民大学人口与健康学院教授宋健介绍，从国际经验来看，较早进入低生育社会的发达国家大多采取了发放育儿补贴的方式进行生育支持。在微观层面，育儿补贴对不同家庭生育的促进作用存在差异，但从宏观层面来看，总体上有利于提升生育水平或防止生育水平进一步降低。不过，生育意愿的提升是一个长期过程，需要综合实施多种支持政策。北京大学国家发展研究院副教授黄炜表示，仅靠经济补贴难以完全解决育儿问题，还需进一步完善托育服务体系和住房、教育等领域的支持政策。首都经济贸易大学人口与发展研究中心教授茅倬彦说，育儿补贴制度在缓解育龄家庭现实困境、稳定生育预期、改善人口结构方面具有不可替代的作用，但它不是“万能钥匙”，应与产假、托育、教育、住房等政策形成联动，避免“单点突破”效果有限。六问：未来政策如何继续发力？方案明确，各地区各有关部门要深入调研，广泛听取意见建议，评估育儿补贴制度实施情况，及时总结经验做法、完善政策措施。佘宇认为，立足当前、着眼长远，国家育儿补贴制度为今后整合各种补贴形式、逐步提高补贴水平、与生育保险覆盖范围扩大的协同推进，同时也为建立覆盖儿童成长全周期的综合性育儿补贴制度，预留充足的政策空间。中国人民大学人口与健康学院教授杨凡认为，在未来的发展中，应不断优化育儿补贴政策，完善生育支持政策体系，使其在增进民生福祉、促进国家可持续发展方面发挥更大的作用。,300一个月，三年拢共一万块，也就提升一下最穷最穷地方的生育率吧，但是我怀疑那些地方的人拿不到//////，这才是真内需，所有商品都需要有人购买，所有资产都需要有人继承，如果人口大幅减少，所有需求、供给、财富，都会伴随着相关经济活动的主体减少而大幅萎缩。鼓励生育，但应该补贴生育者，不应该惩罚不生育者,0,3,0, , ,母婴，政务,愤怒
转发,2025-07-28 19:22:38,又挠这个肉松面包[憧憬] ??,让我来,0,0,0, , ,其他,中性
转发,2025-07-28 19:28:53,阿拉丁神猫。咪:人，我可以实现你三个愿望 ??,请你到我家来给我乱摸,3,0,0, ,,其他,中性
转发,2025-07-28 20:04:44,太惨了 尾款没了 ??,庙里本来也没地方放吧//】//////[允悲]////？////////,3,3,0, ,10:31KBAS44G85马小帅关注画了半年，昨天熬夜刚完工..感觉天塌了昨天22:56评论523相关推荐平等表达，友善交流猪立叶萝卜吃soeasy 说点什么655523262214口,其他,悲伤
转发,2025-07-28 20:07:44,咣当起床大失败！#委屈小猫咣当##话痨猫##老猫魅力时刻# ??,你这个星球杯怎么这么大啊,0,0,0, , ,其他,惊奇
转发,2025-07-28 20:40:40,我悟了，老君身上一股失明公孙策味儿 ??,库洛洛//,2,8,0, ,,其他,惊奇
转发,2025-07-28 21:23:41,又叠上了[哈哈] ??,多咪真的好美啊,0,0,0, , ,其他,喜悦
转发,2025-07-28 21:24:07,我也想去太空冒险！☆*:.?. o(≧▽≦)o .?.:*☆ #罗小黑2和流浪地球3联动了# #电影罗小黑战记2# ??,地球是小猫的玩物////！！！[抓狂]// ^ T)……我勾搭上偶像了，再见了，我要去做流浪地球了//！[流浪地球2][流浪地球2][流浪地球2]//！和小破球一起去冒险哇[流浪地球2][流浪地球2][流浪地球2]#罗小黑2和流,5,0,0, , ,其他,中性
转发,2025-07-29 09:17:43,就爱看这个 #罗小黑战记[超话]# #电影罗小黑战记2# ??,一家人，哦不，一家猫,0,0,0, ,（画棒),其他,喜悦
转发,2025-07-29 09:40:07,[泪][泪][泪][泪][泪][泪][泪][泪][泪][泪][泪][泪][泪][泪] ??,小猫吃甜品,1,0,0, ,G-5YNr IVIDIA,其他,中性
转发,2025-07-29 12:25:08,格杀勿论！（放狠话）#电影罗小黑战记2##罗小黑战记[超话]# ??,好凶哦///(￣▽￣)都冷静点……,0,0,0, ,警告恪杀勿论!放狠话)禁止被带走警告有样学样灵击君2025.7.27警告,其他,恐惧
转发,2025-07-29 12:29:50,#广东基孔肯雅热高发# 宁波截获金色蚊子来自于美国集装箱，同时携带寨卡、登革热及基孔肯雅热等多种烈性病毒，传播效率远超本土蚊种。基因测序揭示其部分基因片段呈现非自然重组特征。美国太恶心了，新冠有可能就是美国搞的，现在又搞蚊子攻击！,////[思考]//，完全没有意外////，其实早就在进行中了。//，记得1952年我国开展的爱国卫生运动，也跟美国对中朝发动的细菌战有关。//，钛合金毒蚊蛊王，给他用气球放回去！//……,0,0,0, ,宁波海关就截获的一批来自美国的邮件中发现了金色蚊子。这种蚊子是多种病毒的载体，一般寄生在热带地区，对人类健康有严重威胁。7月，广东省确诊基孔肯雅热病例，基孔肯雅热是由蚊子传播的。如今广东省正处于雨季，蚊子最为活跃，人们不禁会联想到，宁波海关截获的金色蚊子是否与这次疫情有关。基孔肯雅热主要症状是发热和关节痛，类似于登革热，且目前没有特效药，只能进行对症治疗。此次疫情提醒我们，要时刻保持警惕，不可掉以轻心！还是要做好个人防护。已被证实体内携带多种致病病毒！全国首次！宁波海关截获金色蚊子主要分布在美国等美洲地区被认定为潜在虫媒病毒载体近日，记者从宁波海关获悉，经海关总署全国口岸病媒生物监测与宁波截获金色蚊子核查参考2篇内容为你总结以下是全网搜索的相关信息，供您参考：宁波海关曾有两次截获金色蚊子相关事件，以下为核查情况：截获“金色伊蚊”情况截获时间：2025年6月底。截获地点：宁波港海关查验场。截获过程：海关关员李振国对一批来自美国的集装箱进行例行检查，X光扫描显示轮胎内部结构存在异常阴影，撬开轮胎夹层后，发现数百只闪烁着金属光泽的活体蚊子，困在特制的透气网格中蠕动。检测结果：实验室病毒学检测显示，这种蚊子是从未在国内记录过的“金色伊蚊”，能同时携带寨卡、登革热及基孔肯雅热等多种烈性病毒，传播效率远超本土蚊种。基因测序揭示其部分基因片段呈现非自然重组特征。,政务,中性
转发,2025-07-29 12:36:22,#罗小黑[超话]#建设了罗小黑上大学paro～#电影罗小黑战记2##罗小黑战记# ??,本科生吃点雪糕咋了,1,0,0, ,那个新来的本科生你先带一下师姐好！！嗯。那个..请问师姐现在博几呀？(好厉害的样子）..我是老师.诶？！XX大学教师团队介绍鹿野教授博士生导师无限院士团队金属材料研究所研究方向：御灵系(金）生灵系(追毫）鹿野教授好..还是叫师姐吧院士教授(博导)导师师姐导师导师师叔青椒本科生（本硕博连读中）这是去给本科生上早八的泽宇老师..4:00AM 通宵改学生论文终于改完了..今天还要参加学院例会、财务报账、论文盲审、准备学术会议、检查实验进度哪啊啊啊啊教室在哪来着嗯？小黑师叔也在？泽宇老师#小黑师叔有一事相求终于擦汗这道题能歇会儿了就由罗小黑同学为大家讲解吧下课后太感谢了！师叔这学期的冰淇淋我全包了！谢谢正在给学生讲题等等那个是不是无限太师父.无限师门规章制度之一：未经无限同意，不得擅自投喂罗小黑冰淇淋。老师再见一快跑！！！,教育,中性
转发,2025-07-29 13:05:56,“拿一送一”：一名男子想拿走一只小猫，但是另外一只小猫不想与拿走的小猫分开，于是男子是带着两只小猫回了家。这段形影不离的猫咪视频在社交网络上爆火起来。 ??,奶狸之家一举达成,4,0,0, , ,其他,中性
转发,2025-07-29 19:21:50,把过度商业化的住持送进去，换了一个抵制商业化的上来,我看他们需要大理寺的//[允悲]////，去过，当时和僧人一起掰过玉米来着，他们自耕种自给自足程度蛮高的，去开光什么也不收钱,0,0,0, ,大家都在搜：白马寺24条评论这是一位没有功利心的好方丈……一直努力抵制商业进入白马寺寺院内，还给游客免费的茶水…不舍得他离开洛阳真的不舍得他离开洛阳…为啥总是挖洛阳的墙角首评18分钟前·河南回复17展开3条回复别的寺院方丈犯错了，也别抢我们白马寺的方丈啊16分钟前·河南回复展开2条回复真的希望这是假消息·……不希望印乐师父离开洛阳,文化，公安，旅游,中性
转发,2025-07-29 20:41:20,#第一次对成龙71岁有了实感#有点泪目，再次感叹时间的魔力，第一次对成龙71岁的年纪有了实感！印象中那个从前打戏很6、在街头和扶梯上蹿下跳，开创功夫喜剧自成一派的成龙，也到了古稀之年。想必成龙大哥在《捕风追影》里装拆枪时，想到的都是自己从前意气风发的样子，从2004年《新警察故事》里的陈国荣，到21年后《捕风追影》里的黄德忠，成龙大哥时隔多年再演警察，虽然已不是当打之年，但数十年如一日的坚持，依然让人敬佩和动容！从前装枪、拆枪仅需45秒就能完成，动作也可能变慢，但那份认真和热爱始终如一。我永远会为老辈子的敬业所打动，谁还在说成龙尚能饭否啊，我第一个不服！,面相和史泰龙一样老了,0,0,0, ,浦风追杨子THESHADOW'SEDGE 8月16日全国上映时隔多年再演警察“装+拆45秒”2004《新警察故事》50岁成龙2025《捕风追影》71岁成龙不是练手是想看看我黄德忠尚能饭否龙叔又拆枪？是谁又梦回《新警察故事》了！素材来源于网络2004年在《新警察故事》中和吴彦祖比赛装枪,娱乐,悲伤
转发,2025-07-29 20:42:38,？？？师姐也是姐#电影罗小黑战记2# ??,师父无语,8,0,0, ,,其他,惊奇
转发,2025-07-30 13:14:51,#罗小黑战记[超话]##电影罗小黑战记2#总之画了章鱼小丸子拜访料理鼠王、、ooc预警,正宗naza，肚兜合适,0,0,0, ,路五分钟后无限的卜套无限你家有空调吗xa 我空调树你有惯就热血的章鱼小丸子5030-兜我会凉快点本命年视在谁穿胜兜一a 了啊。把肚兜找出来了滚个不要拿衣服热气好烫。你小时很也安色怎么单热3！X 又拿3一件我再也不来3热得不行还是穿3,其他,中性
转发,2025-07-30 13:23:55,释永信新闻最好笑的一条评论是连和尚都有性生活你怎么相信你哥哥是单身 ??,转发微博,0,0,0, ,功德+1,其他,惊奇
转发,2025-07-30 18:54:38,土系师徒(￣-￣)#罗小黑战记2设计稿# ??,黄毛中专生师徒//[允悲]////#电影罗小黑战记2#,0,0,0,电影罗小黑战记2,马甲手套套在袖子维小记10乎意：变形山根加究不钩朝前背面罗小记」10袖子花店皮带反面：甲描边肤包外观变班：头和手全张开罗小战记THELEGENDOFHEI 袖子null,其他,中性
转发,2025-07-30 20:24:17,多咪：怎么了咩？ ??,肥美小多,0,0,0, , ,其他,中性
转发,2025-07-30 20:25:11,刷到个可爱的视频，觉得很适合师徒俩，摸个鱼[抱一抱] ??,嗷嗷嗷嗷,0,0,0, ,2240,其他,中性
转发,2025-07-30 22:28:11,请你向师父讲述那段大冒险的故事吧。#电影罗小黑战记2# ???,师父决定奖励孩子自己一礼拜不做饭,0,0,0, ,禁AI学习无断耘载自作免言无授权转载,其他,中性
转发,2025-07-31 00:41:19,#罗小黑战记[超话]##鹿野# 生命会找到自己的出路（我就知道这个家里迟早会逼出一个会做饭的 ??,谢谢师姐,0,0,0, ,,其他,中性
转发,2025-07-31 00:45:32,皆逆荒：下次别为了这种事找我 #罗小黑战记2# ??,皆逆荒100种妙用,1,0,0, ,"今日带儿童的家长，所有购物买一赠花巷只买一赠一哎呀，小朋友又来啦一但雪糕的“买一赠一""每人限一次哦 还想吃的话直接买不就好了？（掏出一 姐、姐我想要巧克力跟芒果味的双（用力双胞胎吗好痛痛痛搞这么麻烦干嘛？ 尔们居然就为了这和车坦我放出我想给师姐省钱！一你还挺懂事的",其他,中性
转发,2025-07-31 09:44:38,袁绍和周瑜是一个人演的，一个是好某无断的君主，一个是曲有误周郎顾的郎君。贾芸和孙权也是一个人演的，有胡子和没胡子，打粉补光之后的区别，一个是玉面美少年，一个是碧眼紫髯的大叔。#历史人物##历史知识# 图片来自网络。 ??,都是胡子好看耶//////[哆啦A梦吃惊]//[允悲]//……,1,0,0, ,CCTW 8电视三国演义CCTV8电视剧三国演义小红书小红书号：26525048Q6CCTV8电视剧三国演义小红书谁说南人不能乘马书号：26525-4海,文化，娱乐,喜悦
转发,2025-07-31 09:49:11,。。。不太懂，请问如果买了这件衣服我是不是就可以刀枪不入天下无敌了？[捂嘴哭] ??,穿这个去举铁！,0,0,0, ,MAZA,其他,惊奇
转发,2025-07-31 20:29:33,国家育儿补贴可以靠棉花娃娃领吗 ??,五个沈面的妈在此//////////////,1,0,0, , ,其他,中性
转发,2025-07-31 20:35:46,前来支援！新都市传说大大的妙（喵~）画了飞机四人组，请筒子们支持罗小黑2电影~ #电影罗小黑战记2# ???,雅典女神鹿野和三头小鸟//* ( /_?)?,2,0,0, ,新都市传说,其他,中性
转发,2025-07-31 20:40:15,复健，造谣一下池长老带小黑?【#罗小黑战记##电影罗小黑战记2# ??,怎么一口吃掉半个啊太不懂事了池长老,0,0,0, ,帮忙带会儿。一鹿野真麻烦。池长老也尝尝真的很好吃师父说好吃的可以分享行吧·那就尝口。倒是挺甜的.要这个。10个.,其他,惊奇
转发,2025-07-31 20:43:08,尼玛…………太灵了吧。。。 ??,//////，收到了工资。。也行吧[笑cry]//////////////////////,1,0,0, ,几尾攻昨天22:04滴一下//：okk////：/：转发微博：三天内你有巨款收入。动图凸256363九尾攻下午1:153000.00转账给你微信转账,其他,中性
转发,2025-08-01 11:09:54,#罗小黑战记[超话]# “锦衣卫办案，闲杂人等避让。” ??,御前带猫侍卫////,3,0,0, ,（因为看起来很威风嘛),其他,中性
转发,2025-08-01 11:23:41,3亿！！！(((o(*?▽?*)o)))#电影罗小黑战记2票房破3亿##电影罗小黑战记2# ??,师父爱猫宝宝////*?▽?*)o))) #电影罗小黑战记2票房破3亿##电影罗小黑战记2#,1,0,0,电影罗小黑战记2票房破3亿;电影罗小黑战记2,3亿累计票房破萌化万物超燃一夏9.7豆8.7正在热映猫眼专业维生记口09口THELECENDOEHEIIL 码上奔赴即刻重逢,娱乐,喜悦
转发,2025-08-01 11:50:31,路怒狗 ??,不如狗//[doge],0,0,0, ,momo 狗：开的莫比车，像个苕似的40803天前湖北回复展开94条回复我是一颗花椰菜狗子：离我奶车远点，我奶过不去了22191天前辽宁回复展开60条回复伊芙(燕云代）边牧在让拐弯的那辆车别走果然边牧是边760牧昨天11:18云南回复展开13条回复北落师门挺好的，喇叭都省了，就是有点费狗2531天前福建回复展开2条回复铜雀台二期招标处好乖的宝儿，以后有人插我队，我也冲他们992汪汪叫2天前北京回复展开18条回复,其他,愤怒
转发,2025-08-01 11:54:47,奶皮子酸奶其实也不过两三年的历史，就已然成了来北京旅游、大学生寒假放假，要专门买了带回老家的土特产了…… ??,没事总会有新的老北京美食，譬如我们小时候以为肯德基老北京鸡肉卷也是你们的特产//[允悲]，老饭骨二伯孙立新在的时候弄的//，因为没有正宗的了，所以我只能在点菜时候瞒着她////，有个饭店做干煸牛肉，为了看起来量多，就放了些薄切的锅饼，没想到三年前炒锅饼（没有牛肉）成了淄博特产。,0,0,0, ,罗妮zyzyyuan 推广1.9万阅读25-4-2619:36健康博主发布于北京才知道乾隆白菜这道菜，是2005年便宜坊发明的.…：今天吃饭头一回吃到乾隆白菜，师弟点的。这个菜名我自己点就大概率不会点。没想到意外的好吃。生白菜叶子两面均匀的沾上麻酱。可以说是中式沙拉了。241011,其他,中性
转发,2025-08-01 12:04:17,流石会馆的妖精们。#罗小黑战记2设计稿# ??,大松四开门////，大松?//？（??）？ #电影罗小黑战记2#,1,0,0,电影罗小黑战记2,罗小要记了特字THELEGEDOTHEIL L 侧腰块刀清泉明月维小记THELEDOFHEILL 分成两个总体统一向下向下旋转旋转流锅子去掉了维记THELEGENDOFHEILL维小嘿战记实刺维小记了藤双都有,其他,中性
转发,2025-08-01 12:30:51,《炊事班的故事》[揣手][揣手] ??,能边跑边揉面吗//////……野战部队传统就是炊事班的兵才是最强的啊……据说是因为当年领导下去考核特喜欢抽炊事班的人。,87,0,0, ,2016条评论陈宇当时就是不想训练才托关系当炊事兵，没想到训练比步兵更猛。。。你们听过“”边跑边做饭”这种小众词吗7-26·河南回复5547这条信息你必须回复我，边跑边做饭是个什么意思？？3天前·湖南回复889陈宇鱼班长推着车狂奔，车上面放着大灶台，副班长抱着一桶酱油往锅里甩，我拿着铁锹追着炒菜，一桶酱油锅里半桶我脸上半桶3天前·河南回复2366,娱乐,中性
转发,2025-08-01 15:59:34,#罗小黑战记[超话]##电影罗小黑战记2# 【池年仍未知道那天鹿野到底说了什么】是在机场的时候，甲依旧和池长老保持通话的if[拜托] ??,池长老好，鹿野说你胸大脑子小,1,0,0, ,她是这么说的她就爱交吡,其他,中性
转发,2025-08-02 00:22:06,小黑猫头鹰从天而降帮助师姐的时候真的超级无敌大萌宝 ???[哇][哇][哇] ??,寒木春华罗小黑周边请出这个宝宝棉花娃！,0,0,0, , ,其他,中性
转发,2025-08-02 00:27:29,?那个??林则徐在上海一家餐馆劝阻吸烟后被打，吸烟者不仅打人还留下一句振聋发聩的This is China?#外国人在上海阻止吸烟被打# ???,国格//// is 国格//：因为在地铁上车时说了一句先下后上，被一国男怒喷滚回美国。[傻眼]//[good][good][good]////，上海餐厅里吸烟是违法的，餐厅不管是有责任的。// is China////[二哈]//，国格！[震惊]//。,1,0,0, ,alibabame艾伦小红书号：alibabamee IP属地：上海MyMum isGOD Fun stories Loveyou all Lovefrom 翻译ShanghaiMinhang 06.9万169.0万发消息关注粉丝获赞与收藏兴趣贴纸评价2张15个评价7.7万1万这就是中国this is China 1398alibabame艾伦已关注5672热评哪家店曝光下吧大众点评给差评去1.7万人点赞5392,公安，政务,中性
转发,2025-08-02 01:43:37,#罗小黑战记[超话]##罗小黑战记# 《今天我们吃什么！》上的部分！请看金门师徒的今日菜单很迅速的上头了等我cpsp滑铲））） ??,最后这件衣服太好看了,1,0,0, ,天我今什What Should We Eat Today #how to cook 听鹿野大人的话师父禁止进入厨房25特辑师父我今天可以吃一个冰激林吗？不行秋天3那……今天我们吃什么呀！小黑想吃什么材。那今天可以吃酸菜看见鱼就走不动路的这个苹果颜色好漂亮周一给小白和山新一人一个！小黑多高……？好像最近大了一点，我同去量一下。师姐!!！师姐！喏！送你的葱!多谢。师文，我想请师姐来吃饭，她带我去吃3好多次呢。可以呀，你去问问地要不要来吃酸来鱼。那我要给师姐带咖非我给小黑天3新交服。还有，鱼别烷，等我回来（你烧的那能吃吗)（点头)说完第一句就跑掉（偷偷在听(先打算把菜切配了再炖个排骨萝卜汤吧)师文，是不是要先放jiang 啊要吗？《以为要加料酒在汤里》1.清洗排骨凉水下锅煮沸，十料酒这是排骨喜欢睡大觉的小自,其他,喜悦
转发,2025-08-02 07:52:48,晚安~ ( / .? ) (?ì ω í?)>(???)\【?.?】==3=3 ??,怎么我们小黑师叔是猪八戒吗,0,0,0, ,,其他,中性
转发,2025-08-02 07:57:39,电影里鹿野好几次被小猫形态的小黑萌到“呦呵”。后来鹿野给师弟买东西的时候需要时刻提醒自己：是师弟，是师弟啊。不然就会出现。无限发来照片：是你买的猫窝吗？鹿野暗说一声不好：我退回去。还没发送就收到一条语音。点开是小黑的欢叫：这是给我的床吗？真好，我从来没有睡过这样的床！师姐你真好。随之而来的还有化形时传来的细小风声。鹿野拿着手机等了一会儿。无限：回来了。刚在拍小黑猫打滚的照片。鹿野：发我。,也发我[哇],1,0,0, , ,其他,中性
转发,2025-08-02 07:58:13,小猫爬上玩偶的视角，脚滑了好多次，坚持不懈咪！ ??,厉害小猫,1,0,0, , ,其他,中性
转发,2025-08-02 20:50:03,《中国人的神神鬼鬼》，方便的话，请帮忙投票哇 ??,好哦,0,0,0, , ,其他,中性
转发,2025-08-02 21:23:00,#电影罗小黑战记2# 有孩爱猫男一败涂地 ??,买点罐头吧师父,5,0,0, ,我做饭养你们啊快走手被师姐抓住力听不见…徒儿啊，为师因为没有罗小黑大电影3看就要死了所以求你别在那Bbox了。,其他,中性
转发,2025-08-03 11:41:33,大清早溜达苏州白塔西路荷花市集。苏州的有些东西，常熟是学不像的。比如八十年代到苏州，看见很多人摆个方凳卖外烟，那时候常熟人还很乖。前些年常熟全国最文明卫生时，苏州山塘街周边小街巷中允许本地农民自产自销，枇杷杨梅橘子鸡头米，现在荷花又热了。#苏州生活# ??,起早先吃点面，然后去买两朵荷花和奶奶们种的水果//////////！上回见到市集卖荷花的还是昆明//。,0,0,0, ,文明让姑苏更绣美城市让生活更美好,其他,中性
转发,2025-08-03 13:43:19,??转发参与抽奖！！武汉大学图书馆挠痒现场录音#武大性骚扰事件男方首度发声##武大男生在图书馆实施性骚扰##武汉大学[超话]# ??,////////////，但是胆小怕事不想承担责任，然后全网在怪这个女的？//// 不需要看视频也知道咋回事了吧 为什么还有男的装傻呢？ //,5,0,0, , ,教育,惊奇
转发,2025-08-03 13:49:43,#罗小黑战记[超话]##电影罗小黑战记2##罗小黑战记2# 请支持哪吒大人的潮牌谢谢喵（监视组的几位几乎都有接触电子产品，抓来一起玩，顺便再抓来穿一穿） ??,给钱哦//,1,0,0, ,,其他,中性
转发,2025-08-03 13:53:50,#罗小黑千图接力产粮##电影罗小黑战记2# 【13:00】接下来插播一条小道新闻（不是）———“无限做饭引续碗，秘辛何在？《走出科学》为您揭晓———是在做梦（笑）”上一棒： 下一棒： ??,白人饭//……哪怕成为最强之人也得不到[允悲]//,1,0,0, ,看不出来你玩游戏挺有天赋的嘛浙天你这里有没有做饭类的游戏？啊？做饭？有倒是有但我担心我们俩会打起来...打起来？总之还是玩了没打起来Ps：没在家里打起来hcnylcn不久后的某天一一小黑快来吃饭吧来啦太好吃了！最喜欢师父做的饭了！那就好。真的很好吃！已经是可以开店的程度了！诶？鹿野也在？aenylce师父！再来一碗！干干净净净净好。喜欢吃师父以后天天给你们做。以后我会经常回家吃饭的。我要永远永远吃师父做的饭！！hchyhicn一一怎么更难吃了.至少在梦里实现了心愿,其他,中性
转发,2025-08-03 14:12:36,师父的猫咪护理小贴士[并不简单]（进行一个胡编乱造）#罗小黑战记[超话]# ???#罗小黑战记2# ???,是这样的,0,0,0, ,不知哪位高人传授的猫咪剪指甲大法丝袜套头拔最安抚一轻摇一前不忘剪了下次再剪吧11,其他,喜悦
转发,2025-08-03 14:21:15,#罗小黑战记# 抓紧周末时间建设罗小黑。无限带娃记=v=。 ??,我昨天逛街拍的,0,0,0, ,,其他,中性
转发,2025-08-03 14:32:30,神秘带猫男#电影罗小黑战记2# ??,是他,1,0,0, ,,其他,中性
转发,2025-08-03 14:34:41,这雪媚娘一看就好吃(??ω??) ??,给们小黑吃,1,0,0, , ,其他,喜悦
转发,2025-08-03 14:35:39,衣品这一块儿/.以及哪吒大人是不是有偶像包袱[思考]哪吒从以前就很个性很帅，衣服真的很潮很好看师父的现代衣服也不是没有好看的，但是大多数都（）还是古装吧#罗小黑战记[超话]##罗小黑战记##罗吒##无限##哪吒# ??,漂亮呢,2,0,0, ,清秀俊逸。古装的年号大人，的哪吒大人。古装就很个性很帅古装在舒适区？跟随时代，非常潮流DUDU-YC准备准备。等一下出发，你也我随时都可以行动。是不是有偶像包袱直接这样出门吗？我的意思是你们就不必。摇头不换了？MAZA 这个忘记了。务啊，还挺松弛”你穿着拖鞋执行任0,其他,中性
转发,2025-08-03 14:36:30,鲨鱼夹好哎#电影罗小黑战记2# ??,木头给我出这个周边,16,0,0, ,,其他,中性
转发,2025-08-03 14:41:17,#朱一龙[超话]# 老天咋这么好看#东极岛##朱一龙# ??,好美啊,0,0,0, , ,其他,喜悦
转发,2025-08-03 15:32:05,富养小猫?……#电影罗小黑战记2##罗小黑战记2##罗小黑战记[超话]# ??,发带露出额头可爱鼠,1,0,0, ,归家干干净净出门先去洗澡好！吃完啦！那就去洗脸刷牙东西都在洗手间桌上这是什么？1没有见过奶扯扯突然想起孩子可能不会用所以进来看看的师姐是放在头顶么？转过来uu OW后冲干净哇！谢谢师姐！！,其他,中性
转发,2025-08-03 15:32:46,#罗小黑战记[超话]##罗小黑战记##罗小黑战记2# 造谣一下杰尼黄不小心变成了风息[赞] ??,瞎变什么,3,0,0, ,住手是皆逆荒别打了喷打出BUC了言着愚不知怎么变成了了风风息？？停下来了跳下炸毛了：去休息一下吧剩下的交给我瞎变什么变回去谁让你变这个了：之后揍了个爽WIN 小黑心里有我,其他,中性
转发,2025-08-03 16:18:17,无限穿大裤衩趿拉板还蛮好的，他这种大美女就是要穿破一点，头发梳好看点就行（沉思） ??,他可懂了，故意的，长头发可以逗猫//，心机不少，这老家伙（）。穿衣服再怎么跟不上时代也要梳公主头出街，。,1,0,0, , ,其他,中性
转发,2025-08-03 22:04:55,#武大回应图书馆事件##武汉大学对肖某某记过处分##武汉大学# 关于女生为什么要继续上诉：1.从23年7月事发当天到23年10月份校方给男生处分（一年后自动撤销）前后，男方一家从未提及过自己得过湿疹。2.女生本想处分之后就翻篇，直至24年2月份男方妈妈突然发长文说女生污蔑，随后找南方都市报记者威胁才女生，并发布及其不公平的报告。p1、23.24年3月份有多家关于肖明韬美谈的报告，疑似家里人用来洗搜索引擎，为什么五个月的空白期都没有解释湿疹，但是突然集中在23月份进行洗白，明显是家里人背后有权利控制的操作。p3、4等4.女生忍无可忍选择继续上诉，在上诉过程中男方家长多次逼迫辱骂、开盒女生，女生在微博上放出狠话“我要把他妈妈送进去”并不是恶意。p5、6为女方当时发的朋友圈。5.男方爷爷是武汉经开区经济命脉东风公司副董事长，官司也是在经开区法院打的，所谓五个医生认定也都是男方家长找的，以及男方找的律师都是政协委员。这一切可操作的空间都太大。,////////////，男生曾写作文《爷爷和二汽的故事》获奖。官司也是在经开区法院打的，所谓五个医生认定也都是男方委托律师找的，男方找的律师叫陈凌，是湖北省政协委员//////////////，媒体舆论塑造她是偏执狂，实际上谁又能在天龙人步步紧逼下云淡风轻。,0,0,0, ,况下推动对的处理”。但事实上，在性骚扰事件中，受害者的匿名举报本身就具有一定合理性；其次，我已提交_性骚扰的确凿证据，并且学校也在7月份查实了我的身份，因此我认为武汉大学的有关部门和工作人员在7月至10月的处理方式存在失职之处。选择网络公开此事两天后，我收到了学校对同学的处理结果，但该结果并未对的性骚扰行为进行明确定性，仅模棱两可地给予了处分，这为2024年2月及其家人对我进行污蔑埋下了伏笔。2023年10月13日，学校做出了对的处分，14日，我应邀和学院老师谈话，院代表学校向我表示，虽然我对学校声誉造成了影响，但学校已经对此事翻篇，也希望我能够向前看，专注于自己的学业和生活，同时要求我不要继续在网络发声，并拒绝接受媒体采访，我应允了如上要求，之后虽然偶有情绪崩溃，但我还是努力地积极生活。但是，2024年2月2日，我接到了南方都市报记者吕虹的电话，在电话中她威胁我“如果什么都不发（声），这篇稿件可能会对你非常不利”。考虑到学校的要求，我仍然拒绝了对外发声，并在当天就接到记者电话一事对我的辅导员进行了报备。两天后，这篇新闻见报，及家人对我做出了无端的污蔑与指控，并否认7月份的性骚扰事实，我联系学校希望可以获得澄清和帮助，但学校仍希望我保持沉默。2月5日，我因无法控制的身体发抖和呼吸困难去往院就医，2月23日，我返校后由于应激出现了更为严重的。28日，我接到院的电话，告诉我情绪失控，驾车到院不肯离开，考虑到我的安全，学校希望我尽快回家休养，令我感到疑惑的是，为什么作为受害者的我，在人身安全受到威胁的时候，反而要暂时离开学校？考虑到毕业论文的进度艰难，我选择在高度重视自身安全的前提下继续留校，但很长一段时间内，我行走在校园时，都有很强的不安全感。在这期间，再次找我谈话，问我还有什么心坎过不去，我坦白回答：“老师我还是不能充分理解学校对这件事情的处理方式，为什么学校只是一味强调因为我的身份保密不能推进此事，但实际上早就已经知道了我的身份？”答道：“同学，不能什么话都让你说尽了，我们知道了这个事情，但你没有主动寻求我们的帮助，我们要保护你的隐私权，我们怎么主动介入呢？”毕业前夕（6月3日），再次找到我谈话，他说：“那我告诉你一个正常的学生应该怎么做，她应该立马走开或者报警。”（事实上，我不立马走开的原因是想取证，我没有报警的原因是因为我无法想象警车开进学校当场带走这位同学的场景，在事发当时，我无法将所有情况都考虑周全）的多次谈话都让我感到非常的委屈和难过，学校似乎希望我站在上帝视角，顾及所有人的感受和名誉，完美地处理这件事情，但在当前的规则制度下，这本身就是不可能的事情。我选择申请追加武汉大学作为共同被告，并非出于对学11:31目Reader Available X 百度一下，你就知道APP内打开肖明蹈：武汉大学校园清扫的勤劳身影极目导读极目关注2024-03-2121:21浙江听文章：让阅读更简单在武汉大学这所美丽的校园里，有一位学生以他的实际行动，默默地为校园环境贡献着自己的力量，他就是肖明蹈。他不仅学业优秀，更是校园清扫活动的积极参与者，用勤劳的双手守护着这片绿色的家园。肖明蹈深知环境对于学习和生活的重要性，因此他积极参与校园清扫活动，希望通过自己的努力让校园环境更加整洁、美丽。无论是落叶飘零的秋天，还是垃圾堆积的角落，肖明蹈总是第一个站出来，拿起扫帚和垃圾袋，认真清扫每一个角落。2:14ReaderAvailable 百度一下，你就知道APP内打开武汉大学肖明蹈：热心公益，积极传递正能量新闻晨报关注2024-03-2017:13新闻晨报社官方账号听文章：让阅读更简单在武汉大学这片人才辈出的学府中，肖明蹈以其热心公益、积极传递正能量的行动，成为了校园内外广受赞誉的公益使者。肖明蹈深知作为大学生，除了学习专业知识外，更应积极投身社会公益事业，为社会贡献自己的力量。因此，他积极参与各类公益活动，用实际行动践行公益精神。无论是为贫困地区的孩子捐赠图书、衣物，还是参与环保志愿服务、关爱老人活动，肖明瑙都表现出极大的热情和责任感。他常常利用课余时间，组织同学们一起开展公益活动，用实际行动传递着温暖和关爱。在公益活动中，肖明瑙总是以身作则，带头示范。他耐心细致地为需要帮助的人提供帮助，用自己的行动感染着身边的人。他的热朋友圈说实话我忍了两年了，我真的忍不了了事发到现在将近两年OK我走学校，走了三个月没走通我曝光，学校给了处分，我觉得翻篇了结果24年你家又是找记者威胁我，又是发帖子说我污蔑你儿子，录音我放出来我没威胁你儿子，现在视频我也发出来，看看这到底是挠痒还是性骚扰？我真的尽力了，今晚就当是我破防好吧我24年6月20上午从武大拿证毕业，下午我的起诉状就交到了法院，6.26立案，7.23第一次开庭，简易程序转普，审限延长至6个月，0K我接受。12月底审限到底，报请院长审限再次延长6个月，OK我也接受。直到这个月我打电话给法官法官还是说判不下来。我真的忍不住了，两年了，还是我不够体面吗？凭什么啊，我不发疯你们就当我一直可以被欺负是不是说我较真也好，说我揪着别人不放也好。两年了，我自己面对这个事情真的精疲力尽了。我开庭两次见了他爸他妈，他干爹干妈，唯独没见过他本人，他连站在我面前和我说一句“我这是挠痒不是性骚扰”的勇气都没有。他妈在庭上当庭指着我骂，开盒我的个人户籍信息，出入境信息，威胁我下半辈子和我不死不休。他爹在法院门口追着我骂，说我不害怕是假的。我也得到教训了，但我得到的教训好像是下次碰到这样的事情就算了，装作没看到，所有人都开心，不是么？真是伤人伤己。2025年6月29日20:59号《关于给子肖明瑶记过处分的决定》，裁明：2023年7月11口，肖明蹈在武汉大学文理学部图书馆北门走廊存在不雅行为，有损大学生形象，造成不良影响，学校决定给子肖明滔记过处分。处分期限为12个月，自处分决定下文之日起计算。2024年2月4日，南方都市报发文《武大性骚扰亭件涉事男方首度发声：系隔裤挠痒，已就网暴起诉》，文中被告当明瑶母亲徐丹陈述：“不是什么打飞机，更不存在性骆扰。我的孩于从小患有特应性皮炎，当时赶二天热，腿上湿渗复发，就是隔着衣服在抓痒，这些年医院的就诊病例都有。”知11:40百度网盘分享X pan.baidu.com 武汉外国语学校肖明蹈（近似定..pdf 图18我访谈爷爷时的合影（地点：江苏无锡时间：2020年8月）我和爷爷在两天的访谈过程中共进行了6次总时长约为10小时的讨论，每次讨论中，为了避免破坏爷爷的灵感，于是就由他主讲，我则对关键问题进行记录：讨论结束后，我还会对我存在疑惑的问题进行询问，并在临离开前让爷爷帮我校对了时间线并补充了三个事例，让我对那段岁月有了更深入全面的了解。我的文章初稿定型之后，爷爷给我提出了一点意见：“我觉得啊，你的文章有点过于突是我的作用了，其实功绩的取得是大家共同奋斗的结果！部分片段有些太个人英雄主义了。爷爷不忘奋斗的初心，不居功自做的高风亮节使我甚为敬佩，我认识到想要有所建树，想要在国家建设中做出突出贡献，靠一人之力决不能如愿—就如同建厂之初，团结的力量，方才创造了奇途！而想要前进不止，不仅需要奋斗不息，还需要时刻保留谦逊的品质，唯有如此，方能做到宠辱不惊、泰然自若！爷爷奋斗的初心与谦和的品格，使我在个人修为上有了一个学习的榜样！这次考察活动让我意识到自己过去对历史的认识其实十分片面一一历史常被我理解为单纯对过去发生的事情的研究。但经过对爷爷的采访以及我的走访调查，我对历史萌发了更多的兴趣，也逐渐发现历史其实和现在和未来也有着千丝万德的联系，历史指导着我们用过去的经验和智慧来处理当下的难题，历史还指引吾和23/2623反黑来确定未来前讲的方向，对历中的研究，直接影响着我们现今的发挥，更决定着我目录预览模式转pdf 保存以上内容为图片20:175G X 第四届“燕园杯”中学生历史写作活动全国奖项获奖名单（按学生姓氏音序排序，排名不分先后）特等奖12人云南师范大学附属中学呈贡校区陈奕杉新疆兵团二中顾扬洋浙江省温州中学何旗风江苏省新沂市第一中学刘宝璐湖南省浏阳市新翰高级中学毛子冠山东省实验中学缪昕阳江西省宜春中学彭益凡甘肃省兰州市第三十三中学苏雅轩北京市陈经纶中学万成方河北石家庄二中实验学校万霁萱湖北省武汉外国语学校肖明蹈湖北省恩施土家族苗族自治州高级中学朱婧茜一等奖24人燕园杯历史写..+关注燕园杯109831,司法，公安，政务,惊奇
转发,2025-08-03 22:08:06,鹿野的能力追毫除了在追杰尼黄之外：1??破断金阵时，先破了第一个，抓了一把碎掉的蓝色的灵，才知道了其他十二个位置2??反派那个鹤妖提前设置的红色丝线陷阱，师姐割断了一根后，抓住了红色的灵，马上知道了所有丝线的位置，可以躲避，这个镜头给的非常短就被鳄鱼的入镜打断了，随后被缠住手脚吊在那里的丝线，是鹤妖后面临时又追加的几根3??师姐小时候被送会馆领养，后面找无限拜师，多半也是因为追毫，一路都在看地面,“追豪”这个词也太美丽了,0,0,0, , ,其他,中性
转发,2025-08-04 01:45:14,来造谣了#电影罗小黑战记2# 无限得知鹿野收了徒弟，马不停蹄送来自己引以为傲的祖传秘籍 ??,那我也是小黑同门，我愿意给师父当堵门弟子。,1,0,0, ,null金门维si 无限铁翠,其他,中性
转发,2025-08-04 09:04:25,不是运气能解决的吧灵遥长老？？？#罗小黑战记##电影罗小黑战记2##罗小黑战记[超话]#,他就是这样把脑子搞坏的,0,0,0, , ,其他,惊奇
转发,2025-08-04 09:06:58,放大声音可以听到多音 ??,快来快来多咪脑壳等着你咬,2,0,0, , ,其他,中性
转发,2025-08-04 09:08:07,我们这里基孔肯雅热病人多到医院都要住不下了 二编：啊，我就是在疫情发生的地区来着，我们这边已经5000多例了 ??,谁能想到啊被蚊子咬能住院啊//[泪奔]//…妈呀…//|?ω?)这么严重…////……//,0,0,0, ,10485960,其他,惊奇
转发,2025-08-04 15:47:33,同楼一个公司的员工把腿摔了恢复差不多了就坐轮椅来上班我一上午看见这轮椅没有十次也有八次没一次坐的是摔腿那个人 ??,it狂人！//,2,0,0, , ,其他,愤怒
转发,2025-08-04 16:34:23,罗小黑也是雁过拔毛了[笑cry] ??,笑,0,0,0, ,朋友跟我说她的前hmch.员工朋友去探班直接被抓住画了几帧才放走，就是这么的和谐有爱又爆肝。。。6小时前安徽回复1.1万,其他,中性
转发,2025-08-04 16:52:48,朋友发我一张网上别人拍我的现场活动照片……说这张把我拍得好像一只猫…=ω=…哈哈哈哈哈哈…确实诶…嘴怎么是个ω型哈哈哈哈哈哈…我现在自己学都学不出来哈哈哈[doge] ??,啊~~是猫猫,0,0,0, ,HEI 小红书小红书号：atong888w,其他,喜悦
转发,2025-08-04 18:49:04,奶牛猫刚捡回来的第一天 ??,到家就已经是一家之主了,0,0,0, , ,其他,中性
转发,2025-08-04 20:13:01,仓鼠快乐摩天轮~ ??,鼠你上啊,0,1,0, , ,其他,喜悦
转发,2025-08-04 20:51:43,奶牛偶像团体 ??,哎呀,0,0,0, ,,其他,中性
转发,2025-08-04 20:53:17,一桌子小猫咪…诶嘿嘿！！[期待][期待][期待] ??,哎哟哟,1,0,0, ,3piocos inone,其他,喜悦
转发,2025-08-04 20:57:36,#罗小黑战记[超话]##电影罗小黑战记2# ??全家福 ??,一家猫,0,0,0, ,3…,其他,中性
转发,2025-08-04 21:07:43,婉拒了 ??,你谁,1,0,0, ,给你VAZAM,其他,中性
转发,2025-08-04 22:28:50,#罗小黑战记[超话]##电影罗小黑战记2# 建设一下妖灵警察局??请支持黑猫警长和鹿野警长！（再画下去就要变成逆o裁判了 ??,警长每天上班就被群众偷走//！//////[捂嘴哭]//////[干饭人][干饭人][干饭人]//[期待],1,0,0, ,找不回全部的货你也别叫我师父了。YESO JENNYHUANG你因定私妖薄荷被措，你有权保持沉默。为什么是值形点，因为人形小圈黑猫警长你有权聘请律师，如果你无法负担。法庭将为你指派一名律师。POLICE 再帮我带一盒耀到圈回来吧！是，小属师可恶居然是黑猫警长！类化猫JENNYHUANG你因走私妖薄荷被捕，为什么是猫形态，因为人形小黑你有权保持沉默。会被举报是雇用童工黑猫警长你有权聘请律师，如果你无法负担，法庭将为你指派一名律师。直接判无期尼POLICE LWYE 再帮我带一盒可恶居然是黑猫警长！双吉碳堡找不回全部的货你也别叫我师父了。YESBOSS.，因为人形小黑童工修长再帮我带一盒甜甜圈回来吧！是，小黑师叔。鹿野，看着小黑一天只能吃一个甜甜圈。又峰了怎么是我负责看管无限小黑师父放心！我和师姐一定会证明师父是清自的效苦碳堡,公安，司法，政务,中性
转发,2025-08-05 15:39:07,诶？[傻眼]#电影罗小黑战记2# ??,嘿嘿嘿,2,0,0, ,悬殊的体型差哇啊！举高高轻松轻松怎么回这孩子到底有长啊这不戏挨？,其他,喜悦
转发,2025-08-05 15:40:12,二孩家庭和四孩家庭#电影罗小黑战记2# ???,池年头顶还能坐个孩子,0,0,0, ,不可以哦，你网才已经掉地上的不要捡啦！！！吃过冰淇了回去还有甜点吃嘛还多着呢最后还是有扔进垃圾桶哦不可以哦，你刚才杞经吃过冰淇凌了回去还有甜点吃嘛掉地上的不要捡啦！！还多着呢kFC 最后还是有扔进垃圾桶哦,其他,中性
转发,2025-08-05 16:06:10,现在劝人全职去做自媒体的那是真不行，尤其是劝女性去做小红书这种赛道的，除非你是真的天赋异禀，个人实力拉满了，那你去试一试。我刚有个女生朋友来咨询我建议，问我要不要全职去小红书做自媒体，真的给我听的昏过去。因为她之前辞了工作，个么三个月了，现在还没找到新工作，然后她另一个女性朋友（开酒吧的），劝她干脆别上班，就去做自媒体，因为她朋友也是做自媒体的，说自媒体能赚钱。那我朋友知道我这方面比较懂，就来问我了。我先没说什么，我就让我朋友把她那个女生朋友的自媒体发给我看下，我来品一品，因为如果你现在做自媒体，其实是要有人给你指导的，尤其是女性赛道，什么照片可以，什么照片不行，什么话能讲，什么话不能讲。然后她发过来了。我一看我就笑了。我说你看看你朋友自己做的，号称VLOG博主，首先她视频曝光都把握不好，节奏非常糟糕，甚至都无法面对镜头去做一些流畅的表达，好像在护肤，好像去健身了，好像吃了什么，即不好玩，没有互动，又特么不专业，要啥啥没有，她还教你去做。这感觉大致就相当于我要教各位如何去开战斗机， 差不多这意思。她还说听她另一个朋友给她讲，认识的一个博主，一个月可以挣二三十万，我点进去看了下，看了我真的直摇头，我就说：出门在外，身份都是自己给的。最后我就跟朋友说，这东西你可以做，不是说不能做，但还是要去找个固定工作，那顺便做些自媒体，当个兼职，这个倒是可以的，能做起来就做起来，没做起来那就当是给自己留个记录，也蛮好的。主要是小红薯这种地方，我觉得就是女性绞肉机啊，这真的都不是红海战斗，简直是血海啊，新人进去没两把刷子根本不可能出头。,然后就是为了做博主去上课买设备买流量一顿韭菜割下来，确实有人挣钱了//，凤凰女就别碰了//，男人的股票（。）,1,0,0, , ,其他,中性
转发,2025-08-05 16:30:02,什么交情 ??,皮燕子夫夫,0,0,0, , ,其他,中性
转发,2025-08-05 16:32:13,#电影罗小黑战记2# 西木子长老，宣你?? 摊牌了，我就是永远会爱上狐狸??? ??,谁不喜欢狐狸?啊,0,0,0, ,,其他,中性
转发,2025-08-05 16:32:45,#罗小黑战记[超话]##电影罗小黑战记2# 今日建设妖妖灵派出所，请支持小甲小乙同志！(匿名投诉：你们派出所怎么雇绝O毒师啊） 昨天没有来得及被鹿野警长逮捕的可以选择候补被甲乙逮捕 ??,无限做饭立功,2,0,0, ,68分SPSP 00:01:26 POLLCE 0好灵公车包子16BT 准借中302.120.1.2:3整个妖灵，鹿野把这个混蛋丢给我们就跑了，6:30审了一夜什么都没审出来，师父又要唠叨了我是老大！土家族（有师父版）（5）年奶甲乙，你们审完了没有？抱数痛父，还在审，甲那就块点审，上头在摧了！收到师父！甲收收到！好饿啊师兄谨慎发言我们先去沙县O吃垫垫肚子吧你已来到工作程手写输入的吧师父的错别字好多，看得更恼火了…甲乙还是更接地气，适合俺们这的派出所没办法了，为了我们的绩效，妖灵派出所用那招吧。千万不要让师父知道无限，老干都退休返牌只有紧急情况下才会出手！！！那招，不会是拜托了，无限大人！POLICE STATION 普POLICE究深刻反省昨天牢牢把握今无限！坦白从宽抗拒入居然派出这种高手来审我，看来他们也是没招了我可什么都不会说的吃饭吧啊？一天一夜没吃饭了甲乙拜托我给你留了早饭，这晃我们好好读吧干铐不能解开，看着好像还行我喂你吧。就吃一口吧审讯室走了辛苦无限大人了喂皆逆荒我招，我全招太好啦师兄，我们能下班了不愧是无限大人做的饭放过我吧我不吃了.呕,其他,中性
转发,2025-08-05 16:46:07,练一下…… ??,是这样的[哇],1,0,0, ,永俊白了但耳果装姿整体线条很圈眼睛蛮大的肤色比师姐和师深微妙有点难画的一闭眼就很古风电影有点冷淡人粗眉2有种很神奇的温暖感…（人养小3亥会变成这吗…）1有不少激烈的表情头2好像经常笑,其他,中性
转发,2025-08-05 16:49:33,所以就连相遇都是设计的吧，我之前就很奇怪变成巨猫人类怎么不怕，仔细看眼睛无神被控制了 ??,是的可怜的小黑宝,0,0,0, ,2021年5月16日15:512021年5月16日15:512021年5月16日15:51,其他,中性
转发,2025-08-05 17:05:52,不是要促进消费提高财政收入吗？那我建议推行香港地区公共卫生管理条例。公共场合抽烟罚1000块钱，在地上吐痰罚3000块钱，这样既能有效阻止游烟对无辜人群的伤害又可以为国家的财政收入做贡献 ??,很显然，派出所那帮男警察自己也做不到//！//[doge]////。违反交通规则2000块，地铁吃东西最高罚款2000块，朝垃圾桶吐痰罚款1500块，随处抽烟罚款5000块…电影盗摄最高可被罚款50000元（五万元）及监禁三个月[二哈]//[无聊]////,0,0,0, ,,公安，政务,中性
转发,2025-08-05 17:16:03,#罗小黑战记[超话]##罗小黑战记2# 亲友说在小黑店找客服发现客服不在，问难道是去打包了吗，我想说↓ ??,是真的,0,0,0, ,水帝洞大圣自来水公司》2.8万2023-2-3老生常谈一下罗小黑是我真切感觉到全公司上下各个部门都非常珍惜呵护这个IP的没人划水，没人应付，都把IP的命当自己命我认识一位他们负责周边的妹子有次我接她的电话是问我买的哪吒套装码数（我忘记写）我都惊了为什么这种基础客服要她做结果一问是他们周边部的姑娘集体去外省的厂子亲自打包，就是怕阿姨们装错东西让大家伤心草，当时就觉得这个IP我要爱一辈子。收起511102,其他,中性
转发,2025-08-05 17:38:10,深圳机场外一个女孩背着两个大饼，一个哈蜜瓜，估计从新疆飞过来的。?民生艰难，由此可见。 ??,这么大一张馕我能吃一礼拜//无法理解的行为吗？[裂开][裂开][裂开]//，从她的衣着箱子和染发来看，她也不是个生活困难的人。我每次从新疆回来都会带哈密瓜和馕，因为我们在超市和网上买的哈密瓜都是为了方便运输未成熟就摘下来的，与新疆本地街头卖的哈密瓜简直是两个物种，至于馕，我买小的塞进行李箱，她的太大了。,0,0,0, ,,其他,中性
转发,2025-08-05 17:43:25,prprprprpr ??,哎呀//,0,0,0, ,,其他,惊奇
转发,2025-08-05 17:43:48,包三场 ??,好多吴邪啊//,3,0,0, ,,其他,中性
转发,2025-08-05 18:07:01,不神经的时候还是很乖的 ??,乖宝,0,0,0, ,,其他,中性
转发,2025-08-05 18:08:15,封神第一部还记得我们英明(?)神武的老朋友郊郊狐吗带着三个脑袋返场啦 ??,可爱小郊妻,0,0,0, ,fox jIAOJAC,其他,喜悦
转发,2025-08-05 18:11:20,#电影罗小黑战记2#徒弟长肉了平板支撑一下 ??,法官：小黑判给师姐,2,0,0, ,你松。松手。猫!给我。不给。松开。你怎么不松。凭啥我松。师姐！师姐我跟你！米其林常客心情大母人只能吃到厨艺野味靠,其他,中性
转发,2025-08-05 18:13:45,猫：平时在家爱喝点花茶啥的 没什么啦#可爱小猫# #我的精神状态凉好# ??,莲花清瘟,0,0,0, , ,其他,中性
转发,2025-08-05 18:17:34,那咋整#电影罗小黑战记2# ??,小猫咪手作沙发，盛惠8999一张,1,0,0, ,9半年后,其他,中性
转发,2025-08-05 18:39:37,United States of America就不应该翻译成美利坚合众国从意译和信雅达等角度最正确以及合理的翻译应该叫做美洲大联 ??,草//////！//！！！！！！////？不，那个，这个，这太抽象了，你们让我缓一缓。////?????????????????????????????????????????,0,0,0, , ,其他,惊奇
转发,2025-08-05 20:42:44,罗小黑官店买的周边到了。打开一看，怎么还送了张这个。。。[笑cry][笑cry] ??,那我也要买书！//[黄鸡大笑][黄鸡大笑],1,0,0, ,通缉素回江洋大盗随身带剑危险活口京城人氏此人到只要素回处流窜武功高强如有拿得此人者赏一千两非卖品2025HMCHAnimeCo.td,其他,中性
转发,2025-08-05 20:43:14,还有飞机战那边，鹿野的一整套衣服都很像飞行员服装，而且她也确实知道飞机坏了应该先修什么，很熟练地知道怎么紧急处理，用什么角度在哪里迫降，整个迫降过程都是她指导的另外妖精肯定不会学飞机处理这种知识，所以要么1??她以前遇到过飞机相关的任务那时候了解过2??在计划飞机诱敌前为了最大程度救人做功课了3??单纯对这种机械工程感兴趣，结合她是金系…无论哪种都好萌啊,师姐是完美的！,2,0,0, ,维嘿记了特驱健线一套无袋18:43小Key的天赋乙丙关注6/10“复古文化”|致敬女神“空中玫瑰”女子空军飞行员(WASP)的故事是第二次世界大战中几乎被遗忘了30多年的篇章。WASP是第一批接受军用飞机驾驶培训的女性，在1942年至1944说点什么12459评论,其他,喜悦
转发,2025-08-05 20:44:30,金系的小妙用。就这么给师父拍照打卡。 ??,师父急电：看看孩子,1,0,0, ,5,其他,中性
转发,2025-08-05 20:47:20,????????小猫就要快乐做小猫?#电影罗小黑战记2# ??,无限是什么幸福师父啊,0,0,0, ,这个上次师姐带我吃过！我们那天吃了好多好吃的！有烤鸭还有甜甜的蛋糕！做得特别好看，咬起来也软软的！还有包子！但是师父那天带我吃的汉堡也很好吃！对，就是今天买的这家…然后呼啊好了困了去睡吧。an7a 呼噜噜呼噜噜,其他,中性
转发,2025-08-06 11:28:13,那些长老在议事的时候没有人会把弟子带进房间一起听，只有无限会，本来以为无限带鹿野是因为鹿野强，可以听，结果他还带小黑，他只是单纯的到哪都要把孩子带着 ??,业务主管带着宝宝去开会,1,0,0, , ,其他,中性
转发,2025-08-06 12:36:47,#电影罗小黑战记2#姐你不仅衣服多发型也好多 ??,师姐我是你的兵,1,0,0, ,121nullnullnullnullnullnull10,其他,中性
转发,2025-08-06 12:38:43,放心交给师父吧? ??,当然放心,0,0,0, ,罗小黑战记2—一无限&小黑,其他,中性
转发,2025-08-06 12:40:10,#罗小黑战记[超话]##罗小黑战记2#????锵锵～???～小猫登场！！！再放三只帅猫咪[抓狂][抓狂]！！ ??,可爱死我了,0,0,0, ,氏亮！,其他,喜悦
转发,2025-08-06 12:54:44,【#中国台湾当局举行二战阵亡日军祭拜仪式#】据日本放送协会（NHK）报道，当地时间8月3日，中国台湾当局举办二战巴士海峡阵亡日军祭拜仪式，悼念二战中在巴士海峡阵亡的日军。 ??,//。。。////,0,0,0, , ,其他,中性
转发,2025-08-06 17:23:51,?3.0真是依旧能打啊。。。3.0西皮粉一直坚信哲涵用易容术披了一张皮伪装成工作人员陪着菌菌，并声称两人已结婚。。。 ??,是真的//// //（欲言又止//////。。//。。// //////////,0,0,0, ,宝宝能问问他们俩现状怎么样嘛无恶意看视频没认出是zzh啊07-11·浙江回复30作者贴皮了的，他不能以哲的事身份出现在公众场合，他也是个演员，伪装的很好72条评论作者小哲每次出现都带着伪装，是的，不是科幻，不是离谱，是事实。他22年加入俊子工作室，跟俊子携手共进。2024-10-20·安徽回复85作者都是他104条评论104条评论哪怕易容了也看出来气质不凡，嗯嗯嗯爸爸妈妈！！！贼激动的小哲的体态气质真的很不错。我和朋友分享自己爸爸妈妈，好骄刚看到的时候还不敢相信是他，傲啊！后面越观察才越确定是小哲2天前·湖南回复11展开1条回复俊哲同框，都是卡不掉的角度104条评论啊啊啊啊啊啊啊，我的爸爸妈妈还在妈妈还在最近刚重刷完山河令07-13·内蒙古回复16我天真的假的太像了41条评论104条评论因为磕逆爱的腥风血雨让我想起好奇妙的感觉，内娱磕的第一对来我的浪浪钉，同样的惨烈，我CP我真的以为他们没有联系第一次试着搜索哲的信息，真了，结果这两天又开始给我频繁好，他们还在一起，真好，他还那么开学，我这几天被内娱恶心推山河令，然后发现爸爸妈妈还在一起.真的好奇妙，要幸福下去啊收起龚俊Simon呜呜呜有种想哭的感15觉收起07-24·四川回复307-29·江苏回复11作者作者人家三年前就结婚了，是真夫夫2024年·上海回复4结婚？这...那里听到的？如果是真的那我只能尖叫了104条评论易容术如此顶尖作者05-08·湖南回复20是啊，从山河令开始展开1条回复07-11·安徽回复我好激动真的是23年那个消息我都躯体化抑郁症了我就知道我可以等到的结婚四年了周庄主的易容术还是哲么顶尖07-12·上海回复04-16·贵州回复340作者赞过太好了太好这个笑，是这么熟悉04-15·广东回复15607-22·广东,娱乐,中性
转发,2025-08-06 17:26:13,#罗小黑战记[超话]# 西木导演年度大作《哪松打虎》及其幕后小剧场（此人在电影里看到那段的时候脑子就出现了这种怪东西[doge]）#罗小黑战记2# ??,池年又上当了,1,0,0, ,哪吒饰哪权饰老虎导演木子哪哪松打虎武松选角中包吃吗哎不是他没偷听这谁取打0选我选我了已同经人C 我不要工资快女哪吒大人没兴趣拜托3奖品！要我怎么打说吧。082桂吗0降限仅此童里无欺门骗,其他,中性
转发,2025-08-06 17:48:41,#罗小黑战记[超话]# 师父你历史书上怎么不长这样。。。 ??,笑死,0,0,0, ,[无限]回？,其他,喜悦
转发,2025-08-06 21:49:08,哪里有核爆啊？没人承认啊！ ??,好的////[摊手]//？想看视频。//：日本被核爆了。日本：我被核爆了。 俄罗斯：谁炸的你？ 日本：........ 美国：.........,2,0,0, ,我在日本有幸参观了长崎inItFd防止战祸T initi INI再次经历核武器的恐怖,其他,中性
转发,2025-08-06 23:02:44,#武大回应图书馆事件#仔细看了图书馆监控，这一段是最明显的。女生离开座位，男生观察到女生背影消失在走廊尽头后，先两次回头观察周围，确认没人在看自己后，男生迅速从桌下拿出左手，探身，摸向对面女生位置上的物品（可能是电脑鼠标），摸完后男生立刻收回左手放在桌下，又观察四周，看见远处女生回来，男生低头作出看书的样子。然后，看时间应该是，女生回来就拍到了那段证据中最长的，男生一边摩擦身体一边抽动的那段视频。——用抓过裆的手，摸摸别人东西，再继续抓裆。?摸过别人的物品再抓裆可以缓解湿疹吗请问各位医生？还有，男生在摸女生物品前、后，都特意回头观察四周，这个动作比较符合常识的“做贼心虚”女生离开了座位，所以不知道这期间发生了什么。但男生特意在女生离开后，探身摸女生物品，是否可以说明男生的行为有意针对女生？,////，死变态//，桌面物品如图，男生用抓完裆的手需要探身才能摸到的东西，要么是女生的鼠标，要么是女生的杯盖… #武汉大学[超话]#,13,0,0,武汉大学[超话], ,其他,愤怒
转发,2025-08-06 23:36:28,这样的小猫是真的很坏！ ??,小猫以为你在玩嘛,0,0,0, ,小小老子降临放下手机后的博主：昨天20:25·山东回复7.5万猫和老鼠果然是纪录片昨天21:45·山西回复6378作者赞过下水道幽暗爬行的一条蛆yu 屏幕前的家人们，你觉得我会被打吗昨天21:26·上海回复361,其他,愤怒
转发,2025-08-07 08:29:59,#吒限# 谁懂我听到天心说两个变态时难以抑制的淫笑。[可爱] ??,般配！,1,0,0, ,null池年这么编排你，你就不生气？哪吒大人问我这种问题才是该生气的。不生气。切naW,其他,喜悦
转发,2025-08-07 13:36:40,这是一只奶牛梭子蟹 ??,是梭子蟹,1,0,0, ,nullnull0/0null,其他,中性
转发,2025-08-07 15:27:22,空间刷到的……哇…… ??,//,1,0,0, ,03:5123点击关闭广告并退出小说反馈看视频免广告我们主管是女生所以她允许我做一条话题内容但是只有一条的机会今天不卖鸡味块了在一些事情上你不能海棠跨省隔夜就办成了但一个如此庞大的偷拍网站涉及成千上万女性隐私的事件去却只李果提盼盼官方旗舰店进入直播分83人在看直播口爆款好物推荐110/92703:47edn,其他,惊奇
转发,2025-08-07 15:28:30,【多地通知：实行14天健康监测！上海疾控发布重要提示！】近期，广东佛山等地发生输入病例引发基孔肯雅热本地传播疫情防控形势严峻复杂。多地通知：佛山返回人员，14天自我健康监测。 ??,//[怒]// 徐汇么办法 蛮叫要和骂2022上海一样 不知道的以为2019年底消失了 概率这意思吧 [笑而不语] //[允悲]//，谢谢你……//？////[二哈]////,0,0,0, ,泉州疾控提醒广大市民朋友：近期若有旅游、商务或探亲等计划的，请注意以下事项：（一）出行前应查阅旅行保健中心的出境健康提醒及目的地卫健部门发布的健康提醒，应重点关注佛山市等正在发生暴发疫情或存在较高的基孔肯雅热感染风险的地市。部分特殊人群（如孕妇）可依据此类信息判断是否应避免前往该地区。（二）出行时宜携带含有避蚊胺、埃卡瑞丁、柠檬桉油、对薄荷烷二醇等活性成分的驱虫剂，并按照说明使用。也可使用经0.5%氯菊酯处理的衣物和装备（如靴子、袜子、帐篷），使用蚊帐、穿宽松的长袖上衣和长裤。尽可能选择配备纱窗纱门的住宿场所。（三）返泉后2周内做好自身健康监测。仍需预防蚊虫叮咬，避免将基孔肯雅病毒、登革病毒和寨卡病毒等病原体带入本地，导致本土传播。返泉后若出现发热、头痛、肌肉关节疼痛或皮疹症状，请及时前往正规医疗机构发热门诊就医，并主动告知接诊医生近期出行时间和地点，以尽快得到诊治，并及早实施防蚊隔离，避免传染给家人和朋友。一、警惕警惕基孔肯雅热！夏季虫媒传染病防控要点炎热夏季是蚊虫、蜱虫等病媒生物活跃期，虫媒传染病风险显著上升。近期广东本土疫情提示，需特别关注基孔肯雅热防控。登革热、基孔肯雅热、寨卡病毒病均由蚊虫叮咬传播，症状相似（发热、皮疹、关节痛等）。发热伴血小板减少综合征则通过蜱虫叮咬传播，以发热、血小板减少为主要特征。时间点仍有关节痛的人真的影响日常生活的人3个月后大约3-5成约1成1年后大约2成远低于1成做法推荐时机关键注意点安全、退热止痛；避免对乙酰氨基酚急性发热期首选阿司匹林（可能增加出血风险）。退热后48小时、己有胃病或肾病者慎用；NSAIDs（布洛芬、塞来昔布等）排除登革热，用于持续若血小板仍低，应继续中-重度疼痛先用对乙酰氨基酚。仅在“亚急性-慢性期”短程口服糖皮质激素不推荐在急性高热期（通常第3-4周），（泼尼松0.5使用：需逐渐减量停NSAIDs仍控制不住的严mg/kg·d5-10d)药，避免反跳。重关节炎或腱鞘炎风湿科常用“慢作用需风湿免疫科等专科参药”症状3个月仍明显影与评估、定期肝肾和血甲氨蝶呤（10-15mg/响生活周）·羟氯喹（200mg 象监测：孕妇禁甲氨蝶呤。bid 生物制剂（TNF-a抑极少数DMARDs无效且功花费高、证据尚有限，制剂等）能受限由专科个案决策。伸展、渐进肌力、温热全程都重要，尤其在炎症康复训练+物理治疗缓解后理疗可加速恢复，预防僵硬与肌肉萎缩。,其他,中性
转发,2025-08-07 17:41:46,仍在戒断！ ??,黑猫发射器,2,0,0, ,null找到7你了。在哪？在那？停下来！！null,其他,中性
转发,2025-08-07 18:45:32,清洁女工消失在垃圾压缩箱，无人知晓的一生。 ??,天呐,1,0,0, ,20多岁结婚，在家照顾老人和孩子快40岁，开始在周边打工补贴家用在水泥厂干了15年保洁，直到倒闭2023年1月，去了八一垃圾中转站上班2024年4月30日，6点起床做好早餐和午饭7点半在休息室换好工作服，开始清扫垃圾站8点33分，被垃圾车碰撞后掉入垃圾压缩箱截至5月13日，翻找了约7000吨垃圾仍未找到/胡啸岩《张梅一摘自三联生活周刊报道》,公安,惊奇
转发,2025-08-07 18:46:32,#电影罗小黑战记2# 摸了年号大人！[期待][期待] ??,御前带猫护卫,0,0,0, ,江洋大盗,其他,中性
转发,2025-08-07 19:06:07,以防你没见过榫卯结狗 ??,送给我////？[捂嘴哭]////，，，！//！可爱鼠了！！////,0,0,0, , ,其他,中性
转发,2025-08-07 19:34:55,奶牛停猫场 ??,大户人家,0,0,0, ,,其他,中性
转发,2025-08-07 19:36:35,猫猫潜水艇出动[好喜欢] ??,底盘好低哦猫猫,2,0,0, , ,其他,中性
转发,2025-08-07 20:01:07,#电影罗小黑战记2#拍到的绿色很适合两位[春游家族] ??,修猫和铲屎官////*?▽?*)o))),5,0,0, ,,其他,中性
转发,2025-08-08 11:32:34,送孩子上学总得交代两句哈哈哈哈哈哈 师姐：省得回家没饭吃[doge][doge]#罗小黑战记2# #鹿野# #无限# ??,就说抚养权必须判给师姐吧,8,0,0, ,小黑实在学不进就多吃点饭放心吧师父交了钱的师姐交代过了爱驴找几个餐标好的小学最好的鹿泽好的师父,教育,喜悦
转发,2025-08-08 12:15:17,#电影罗小黑战记2##罗小黑战记# 小黑来会馆找师姐玩儿，迷路到土门院子，仗着没人见过自己猫形，隐了气息想去打探打探这个对师父很凶的池长老，结果毫不意外被抓了?池长老觉得这猫眼熟，但也没多想，小黑同是猫形态就觉得和自己挺投缘，甲看着小黑若有所思，池长老也给小黑想好了新名字。可惜啊，可惜，这猫已经有家了?池长老对无限怨念+1,师姐来抢猫了,1,0,0, ,哪儿来的小猫2？埃？他这是学很明显不是吧。要不叫戊吧。,其他,中性
转发,2025-08-08 17:50:59,#电影罗小黑战记2?# 一点怪图…… ???,杰妮黄干得好,0,0,0, ,*欢迎来到杰尼杰尼的直播间，喜欢的点个关注*你好，请支持罗小黑战记2.是鸡（比丢）这只啉改成母鸡一家人整整齐齐鸡的在天之灵,其他,中性
转发,2025-08-08 18:45:36,好故事 ??,真的好巨大啊//！我超爱,6,0,0, ,"理理小狗吧关注遇到一个奶奶逛超市的时候突然听到一个小小的声音，问我：“要不要买个面包，很好吃的，里面有奶油。""原以为是推销的，习惯性的拒绝。然后小小的声音继续说：“买两个有优惠，但是吃不完，能不能一起拼一下。""这时候才抬头注意到，是一个很腼腆的奶奶。不过确实没有想吃面包，很犹豫但还是拒绝了她。走开的时候听到她又小声说：“我孙女很爱吃这个，很好吃的。但是一个很大，两个吃不完的。”心里开始很纠结，买东西的时候一直偷偷看她，小声的问每一个路过的人，然后拿着小钱包站在面包边上。等待，期待，不知所措的感觉，实在是让人很难放心，担心她就这么一直问。最后悄悄挪到她边上，不经意的问她，是什么面包有优惠啊？奶奶火速拿起两根巨大毛毛虫面包“这个！很好吃的，里面还有奶油，今天两根15块9！”看着确实好大一个，我说：“那我跟你一起拼吧。”喜悦的表情一秒出现在她脸上，很开心的拿着面包跟我去付钱，我说：“你稍微等我一下，我去买两根黄瓜。""也不会挑，就随便拿了两根。奶奶在边上看我随手拿的，直说不行：“这个不新鲜，你要挑那种，握起来有点扎手的，这两个比较好。""说着就给我装了两根，好像我也是她的小孙女。最后我刷会员卡，又打了个折，一条只要7块钱。奶奶很高兴：“我昨天也来了，但是没买上，今天终于买到了。这个很好吃的，你试试看，我孙女很爱吃。”我们家小老太太还在的时候，每次去市场也一定会带我爱吃的点心，好想她。毛毛虫巨大の毛毛虫则位，这量个面包",其他,惊奇
转发,2025-08-08 18:49:52,坐电梯，旁边两个捧着奶茶的女孩，A对B说：你知道如果咱们每天少喝一杯奶茶，一年能省多少钱吗？B问：能省多少钱？A回答：省不了多少钱。两个人就嘬着奶茶大笑起来。 ??,哼，雪王能花多少钱//[可乐]////[干杯]//[干杯],0,0,0, , ,其他,中性
转发,2025-08-08 18:50:01,?? ? ?? 当你看到这条微博就证明离幸福不远了 ? ?? ??,好的////// 给我的朋友们都看看////////////[举手]//// 今年真的过得好苦// :转发微博,8,0,0, , ,其他,中性
转发,2025-08-09 18:11:20,罗小黑里的妖精年龄，“他只有6岁，他能撒谎吗”（不是#罗小黑战记# ??,六岁小宝宝,63,0,0, ,罗小黑年龄排行：1000岁以上：3000+1400+400岁以上：800+499岁450+437岁429岁100岁以上：350+210+197岁100岁以上：185岁100岁以下：24岁6岁,其他,中性
转发,2025-08-09 23:07:44,中文在线正式与北美知名动画发行公司 GKIDS 达成合作，影片将于2025年9月5日登陆北美院线，由 GKIDS 负责发行。中文在线集团负责除日本以外的海外总发行，全球发行重点区域陆续签约中。除北美外，影片还将登陆多个重点市场：中国香港、中国澳门、东南亚及韩国由 Encore Films 发行，2025年8月28日起陆续上映；日本市场则由面白映画与 Aniplex发行，定档2025年11月7日。GKIDS 是北美艺术动画领域的头部发行商，迄今已获得13次奥斯卡最佳动画长片提名，2024 年凭《你想活出怎样的人生》摘得该奖。自 2011 年起，GKIDS 获得吉卜力工作室在北美的院线发行权，近年来通过 4K 修复重映及数字平台推广，让《千与千寻》《龙猫》等经典动画焕发新生。其中，《千与千寻》（Spirited Away，2001）于 2023 年推出 4K 修复版在北美重映；宫崎骏暌违十年的新作《你想活出怎样的人生》（The Boy and the Heron，2023）则以二战为背景探讨生死与成长，并荣获奥斯卡最佳动画长片奖。《罗小黑战记》系列以其温暖细腻的表达风格、完整的原创世界观和富有人文关怀的叙事逻辑，在多语境、多圈层受众中均表现出高度适配性。2025年7月18日，《罗小黑战记2》在中国大陆上映，截至发稿时豆瓣评分8.7，稳居年内国产院线电影口碑榜首，票房突破3.93亿元，收获强劲市场表现与持续观众好评《罗小黑战记2》将由 GKIDS 依托其成熟的艺术动画发行体系，在北美主流院线及家庭娱乐渠道同步上线，正式面向本地主流观众。这是该系列首次进入北美主流院线体系，也代表着国产动画 IP 在国际内容市场的又一次高调亮相。中文在线期待借由这次合作，让更多国际观众认识罗小黑，助力国产动画走向世界。随着北美发行官宣，《罗小黑战记2》的全球发行节奏正加速展开。未来，中文在线将继续围绕原创 IP 推动国际化落地，为中国优质IP全球化持续赋能。#电影罗小黑战记2##中文在线##出海##动画#,让全世界爱猫人士被萌死////！！！////！！！[抓狂][抓狂][抓狂][心][心][心],4,0,0, ,萌化万物超燃一夏维小记了THELEGENDOFHEI IL 全球上映8月28日9月5日1月7日马来西亚美国、加拿大日本9月10月新加坡泰国COMINGSOON 澳大利亚、新西兰、欧洲、印度尼西亚、菲律宾、越南、中国香港、中国澳门、韩国,娱乐,喜悦
转发,2025-08-10 11:32:12,泽宇居然只和西木子一样高…#罗小黑战记# ??,naza123cm,4,0,0, ,罗小黑战记大电影2|身高图200cm 20190cm 180cm 196m 10cm 174cm 167cm 169cm 1m 170m 165cm 116cm 字泽158cm 西160.m 150cm 庞地甲15014cm 10130cm 130120.m 120.m 11.cm 110m 100.m 100.0m cm 86cm 30a c 20cm 20m 小60.50cm 0m 4.cm 3cm 30.m 2cm 20.om 18.m 10.m 0xm tcm -10cm 200cm 187cm 280m 160m 180em 186cm 190.0180cm 168cm 10m 170cm 西120160.m 子150m 15015年m 140010-10cm 123cm 1m 120.m 115cm 12010cm 15m 100tm 10c 0cm 特m 90m 30m 70.0m 7.m cm m cm 始3m 320m 2010c 18cm 00.m 00-1,其他,惊奇
转发,2025-08-10 15:04:43,肘！肥家！ ??,嘿嘿嘿,1,0,0, ,好轻！师父！我的力气又变大了哦！比雪糕还轻！嗯我以后都要帮师父拎！好筋肉MAX,其他,喜悦
转发,2025-08-10 15:07:03,搞不懂祖宗在想什么#罗小黑战记2# ??,谁都爱调戏池年,0,0,0, ,我们玩点有意思的率风火苑了喷！真没意思!舌,其他,中性
转发,2025-08-10 15:09:55,养猫前也没人说猫这么粘人啊?#电影罗小黑战记2##罗小黑战记[超话]# ??,是这样的,0,0,0, ,,其他,中性
转发,2025-08-10 15:18:44,#罗小黑战记[超话]##电影罗小黑战记2#无限或许不会合影但是玻珠是真想画偶遇naza ??,也没错,0,0,0, ,合影。浏览718次鸠老等18人转发,其他,中性
转发,2025-08-10 15:20:02,锅炒爆了???#罗小黑战记[超话]##电影罗小黑战记2# ??,摇滚教主无限大人和他的乐队,0,0,0, ,维小生记THEYEGENDOrHEI 月18日并月同行热黄油朗姆酒治盒重治冒阶来级热黄油朗姆酒热黄油朗姆酒,生活,中性
转发,2025-08-10 15:22:42,#罗小黑战记[超话]# 点击就看全员女装图鉴（）孩子不懂事乱画的如有ooc我先跪了[干饭人]#罗小黑战记##电影罗小黑战记2##蓝溪镇# ??,都是美女！,1,0,0, ,没人能忍住不ruG的萌物型一个冰淇淋哦一可是无限大人说…快给他买！！！人淡如水型嗨，美女一居然意外的合适一看就是自愿型妖精啊！（虽然本来就是不愧是西木子长老…宁死不屈型疯了吗？??绝不可能买一送一型·…别问真的是任务要求吗？嘿嘿一宠清凝型状况外型好哥哥型！计画通拱火群众,其他,中性
转发,2025-08-10 16:47:18,#罗小黑战记2##电影罗小黑战记2#太阳 ??,漂亮小吒,0,0,0, ,,其他,中性
转发,2025-08-10 16:56:57,池年的goodnight来咯#电影罗小黑战记2# ???,姑奶奶好,0,0,0, ,老说每个师父，都有属于自己的姑奶奶。,其他,中性
转发,2025-08-10 19:22:13,[药] ??,////////////////// drive～//////[爱慕][爱慕][爱慕],9,0,0, ,我国出生人口减半/腰斩仅用了7年2016年出生1786万，2023年仅902万韩国出生人口减半用了20年，日本41年韩国：2003年47.3万-2023年23.6万日本：1982年约150万-2023年约75万数据来源：各国官方统计数据整理仅供参考,时尚,中性
转发,2025-08-10 21:02:10,第一次画这么多人的图 ??,好开心呀,1,0,0, ,,其他,惊奇
转发,2025-08-10 21:08:37,好好的大饼变成了猫抓饼[捂嘴哭] ??,烤馕的花色,0,0,0, , ,其他,中性
转发,2025-08-10 21:09:46,#罗小黑战记[超话]# 请看金门的功课辅导日常 #电影罗小黑战记2# （试图画点师父师姐辅导功课抓狂，但是两人都淡淡的，于是毫无波澜地辅导了，有一点土门受害 ??,多好的孩子啊,2,0,0, ,今天学写名字，有信心吗？点头嗯！NAZH 坚定好难VA Zh师父，我可以先吃一个冰淇淋再写吗？写完再吃。一般路过的鹿野可是我的名字真的太难写了。为什么不能像那换个名字吧。乙那么简单啊？啊？真的吗？你们也太胡闹了吧！有你这么教的吗？鹿野的文化课是在妖精学校学的那你来教？感觉有阴谋还是教了纸上画的：（师姐，怎么样？你要不拜入土门让池年给你起个新名字吧？警觉不要去土门55555背后一寒一段时间后成果展示：进步很大呢。还是漏洞百出啊。不继续教了吗？于教。小黑喜欢帅父和帅姐,其他,中性
转发,2025-08-10 21:10:19,朱一龙：大家好，我是……观众：帅哥！！！！！！！！！！！！主持人：他是帅哥没错 ??,是帅哥,1,0,0, , ,其他,喜悦
转发,2025-08-10 21:23:24,呃，蒽 ??,是小黑一家三口,0,0,0, ,,其他,中性
转发,2025-08-10 21:25:01,#罗小黑战记# 送花花 ??,你收到全世界最可爱小猫宝宝送的花,3,0,0, ,null好的，师父好像心情很好.泽宇，走了。出任务。,其他,喜悦
转发,2025-08-11 16:36:24,#电影罗小黑战记2# 冰淇淋和金门 ???,冰淇淋门,2,0,0, ,师姐你这个好吃吗？哟吃完了就盯上我的了？没有！我就是问问那不好吃那下面那个口味好吃吗？也不好吃可你一直在吃不能浪费噢…….也对…逗你的说句最喜欢师姐就给你吃一口欢师姐了！师姐！这个也好好吃啊！！我的给师父这个好吃，这个好吃这个也好吃！师父吃的是这个我最喜欢这个口味！师姐是这个和这个记住了你想吃哪个啊？这个吧那下次我们再去吃！师姐给了我代金券！好的师叔Ice 冰淇淋菜单（附带图片版）,其他,中性
转发,2025-08-11 16:41:58,#罗小黑战记[超话]##电影罗小黑战记2# 一则造谣：八岁小屁孩经过一天奔波，累到睡着了/? - ? -マ? ? ? ??,小猫困了,0,0,0, ,2o2s.811：.8,其他,中性
转发,2025-08-11 16:43:55,#罗小黑战记[超话]##罗小黑千图接力产粮#[给力] #电影罗小黑战记2# 披萨的故事?关于和必某客联名的一点迷思[二哈]恭喜小黑破4亿啦！！！? ??,怎么还买折耳根啊,1,0,0, ,刷小书中喵？这是什么？)吃点pisa 披萨。8经典培根披萨自己做的披萨太美味了喵？明天给你吃好不好？现在该睡觉了。喵！咪咪喵喵咪咪凌晨4:00自己做的更健康。带小黑去游乐园玩我出去Win!都买到了！燃起来了！香菜折耳根榴莲豆汁（儿）蓝纹奶酪鲱鱼罐头与此同时昨晚：盘点那些不被喜欢师姐！我们去玩但好的食物那个！这次肯定没错。怎么总有一种不好的预感我们回师父，披萨！来了。披萨！！！拖鞋你们先去洗手，我把披萨好！端出来。wuxl 拖彩香菜折耳根鲱鱼榴莲蓝纹奶酪披萨（无限特制套餐）哇！看起来好好吃！卷边里我也加了蓝纹奶酪。不知道是什么但听起来很高级…你自己吃吧！开感觉挺好吃的啊…好。哇！好香啊一zza 欢迎光临Dixza 欢迎火临必某客随便点。师姐请客。这个披萨好好吃！好好吃啊！真的吗？那我可以吃好几份吗？嗯慢慢吃，这里都是你的。不够可以再点呱呱在睡觉欢迎再次光临一iz2a 放不好吃就别吃了。吃点人吃的。好吃。这是给我的？呵。披萨篇完我是10厨房4无限禁入,其他,喜悦
转发,2025-08-11 16:45:34,我要笑死了，罗永浩突然转发说杨同学应该没有冤枉肖同学，叶三在下面回复，糊涂啊，罗哥。感觉马上要拉二胡唱京剧了，叫一声罗大哥细听咱言，那杨姓女多诡计把好男孩骗，到如今你太糊涂不知网络险，恶女权早把你钉在那老登榜上面。 ??,笑最右////《叶三起解》,2,0,0, , ,其他,喜悦
转发,2025-08-11 16:53:07,谁说盗版的不如正版（×#罗小黑战记[超话]##罗小黑战记##无限##罗小黑战记2# ??,什么盗版，是coser！,1,0,0, ,正版盗版左右野皆逆荒(行动前试装中)小孩子别看。,其他,愤怒
转发,2025-08-11 16:54:00,#罗小黑战记2# 感觉二位很适合穿这件要不摸鱼事务所咱也考虑联动一下吧？[收到] ??,合适,0,0,0, ,带薪破工作带薪破壤工,其他,中性
转发,2025-08-11 17:00:46,#罗小黑战记2# 看看猫?? ??,羡慕,1,0,0, ,,其他,中性
转发,2025-08-11 17:00:56,它有最可爱的文身耶！原谅这个世界一天[awsl] ??,天呐??,1,0,0, , ,其他,喜悦
转发,2025-08-11 17:11:14,#罗小黑战记[超话]##罗小黑战记2# 鹿野晴岚｜师徒告别之后[好运连连] ??,全世界最快乐的小女孩,2,0,0, ,有空多来会馆看看我D.Shuyu新鲜水果不甜不要钱！扫码有活动鹿野这里！D.Shuyy久等了小师弟了？送走无限大人和D.Shuyu 对你说的那家餐厅：招牌菜你一定爱吃前面左拐就是，它的我都听说了透露点劲爆内幕呗这次事件你功不可没，八卦也可以：不可以很遗憾，有封口令D.Shugu 行吧行吧事迹：吹吹鹿野大人的神勇还想着回去能和大家等一下，什么叫吹崇拜你的孩子可多了给你看看有个视频倒是可以视频？相当精彩哈哈哈哈合中合哈哈哈好、好惨…,其他,喜悦
转发,2025-08-11 17:59:53,嘬嘬嘬就是小狗召唤术[哇] ??,肉团子,1,0,0, , ,其他,中性
转发,2025-08-11 18:55:45,今天，是什么吃的也没找到还淋雨的师姐[泪]#罗小黑战记##罗小黑战记2##鹿野# ??,淋雨也不去吃无限做的饭,1,0,0, ,,其他,中性
转发,2025-08-11 18:58:34,#罗小黑战记[超话]##罗小黑战记2# 高马尾纯享 ??,我老婆,0,0,0, ,乙巳年仲秋,其他,中性
转发,2025-08-11 22:14:32,嗯就是说，谁懂。 ??,懂！//[awsl][awsl][awsl]//,2,0,0, ,打个车,其他,中性
转发,2025-08-11 22:25:16,#电影罗小黑战记2##鹿野# 摸一下师姐这套 ??,好看,2,0,0, ,甜时花杂,其他,中性
转发,2025-08-12 09:43:41,把我家小猫惹到了，一晚上不理我，早上我和她沟通，她背对着我一言不发，尾巴像条哨棒一样撇来扫去。 ??,我一般会继续骚扰大战一番然后梳毛毛//，不能练琴，但能打游戏，我念了两句，她哭哭，晚上给我留了字条说：“我原谅你了”。我：[费解],0,3,0, , ,其他,中性
转发,2025-08-12 10:10:41,火盆有的是！跨！ ??,你大爷的,1,0,0, ,,其他,中性
转发,2025-08-12 13:39:58,感觉他俩的头发扎哪吒揪揪会这样hhhhh ??,是这样的,1,0,0, ,NAZA,其他,喜悦
转发,2025-08-12 16:42:05,? ??,雪豹鹿野,0,0,0, ,,其他,中性
转发,2025-08-12 16:42:42,#罗小黑战记2# 高马尾什么的[馋嘴][馋嘴][馋嘴]有谁喜欢？ ??,师父就是漂亮,2,0,0, ,师父好漂亮你来得正好今天该洗澡了：我来给你做造型为师先去喂鸡了,其他,喜悦
转发,2025-08-12 16:46:14,猫在想事的表情也很明显 ??,思考呢,0,0,0, ,,其他,中性
转发,2025-08-12 16:52:51,什么叫正能量？不按闹分配和稀泥，不前人修路后人拆桥，不自己上车把车门封死就是正能量。这个江西丰城患者及其家属住院后要求外院专家来做手术，自愿承担外请专家来院会诊差旅费、市内交通费、劳务费及其他相关费用，并签好相关同意书，医院也在有关部分做了备案。手术很成功，术后家属很满意，还主动提出请手术专家吃饭（饭钱 150元，还是由科室医生垫付）。一切都很美好是不是，然后，不出意外地出意外了……等到人出了院、饭也吃完了，家属反悔了，开始举报医院「乱收费」，要求医院退请专家的费用和饭钱，估计就是吃死了只要把事闹大，就得按闹分配……好在丰城卫健委摆事实讲道理，不和稀泥，有一说一，也好在涉事的医院和医生风险意识很强，提前把所有的知情同意和患者自己提要求的文书都留好备查了，没让农夫与蛇的故事再一次上演。我估计这家属八成是有人点拨，以为一番操作后能白嫖，没想到遇到了不卑不亢讲道理的，丰城卫健委的通报写得很清楚：「3、外请专家这一医疗行为是解决患者就医的便民举措，也是很多基层医院的通行做法，目的是避免或减少患者及家属市外就医和陪护的费用和困难，且能让基层患者获得更高水平的医疗服务。在做手术之前，主治医师与患者家属进行了充分沟通，并征得了患者家属同意才联系外请专家来院会诊做手术。4、外请专家参与会诊手术并不违反法律规定。且该患者外请专家来医院手术已在医院医务科备案。」给丰城卫健委点赞，给这家医院的医生点赞！,公布一下垃圾吧////。//？好让当地各行各业的人都躲着点他们？,10,0,0, ,丰城市卫生健康委回复：关于丰城医院耳鼻喉科医生乱收费问题调查处理情况网友您好：接到您反映的丰城医院耳鼻喉科医生乱收费的问题，卫健委立即组织相关科室进行调查了解，现将调查情况回复如下：1、其反映的收费问题，经证实均为外请专家费。患者及其家属住院后要求外院专家来做手术，自愿承担外请专家来院会诊差旅费、市内交通费、劳务费及其他相关费用，并签好相关同意书。2、患者安排2025年07月24日手术，术后相关费用由患者家属直接交于外院专家，医院耳鼻喉科室相关人员未参与其中。相关手术做完后，患者家属提出请专家吃便饭，费用约150元。且同意书上写明自愿承担其他相关费用，便饭钱是由科室医生垫付，并不存在强迫病人花钱请客吃饭行为。（150元饭钱已退回当日手术患者，饭钱由医生自行承担）3、外请专家这一医疗行为是解决患者就医的便民举措，也是很多基层医院的通行做法，目的是避免或减少患者及家属市外就医和陪护的费用和困难，且能让基层患者获得更高水平的医疗服务。在做手术之前，主治医师与患者家属进行了充分沟通，并征得了患者家属同意才联系外请专家来院会诊做手术。4、外请专家参与会诊手术并不违反法律规定。且该患者外请专家来医院手术已在医院医务科备案。丰城市卫健委,公安,愤怒
转发,2025-08-12 16:55:51,咪咪每天晚上都会来找我睡觉 ??,是三花美女呀,0,0,0, , ,其他,喜悦
转发,2025-08-12 17:01:49,朋友说至今想起来都羞愧的记忆是，男朋友和她分手的时候，她不能接受，说出了很委屈求全的话：只要你不离开我，你可以去找她，我可以装作不知道你们的事。当然后面分手了，她对这个男朋友也没有爱成那样，但是她脱口而出这句话，每每回忆起来让她痛苦万分，我真的是一个这么贱的人吗？我说，我也说过类似的，我当时还说，只要不分手，你把我当小三都行。这就是情绪下说的话，我不认为能代表我个人，就像你在床上会说出哥哥几把好大，是一种氛围浓厚的话！它不是真的！,没有过这种体验，都是我让别人滚蛋////// 所以不顾一切的达成当下没有分手的场景 事后冷静了 也就好了 不是真的不想分手 是我内心秩序混乱的镇压,1,3,0, , ,其他,愤怒
转发,2025-08-12 17:08:39,人想要被爱就是想被关注、被优待、想获得特权，说到底其实是想当官了，是不是，这是我的一点思考 ??,爱是能量的传递，当官得到的是奉承，假的无法传递能量//，但需要跟“想当官”作本质上的区分//,1,0,0, , ,其他,中性
转发,2025-08-12 17:15:48,被猪儿宠爱了 ??,朱贵妃当然知道昏君沉迷他的美色////…原来老婆知道我是个看脸的肤浅的狗[委屈],0,0,0, ,环球时报：想对一路陪伴你的人说什么？朱一龙：真的感谢大家。因为拍电影需要长时间准备，不会像以前那样频繁出现在镜头前，还有回到自己的时间和过程可能有点艰难。我尽量每次让自己恢复到原来的状态，再跟大家见面。感谢你们的陪伴，希望更多人看到我的电影。我也会每次都铆足全力，拍出好电影给大家看。,其他,中性
转发,2025-08-12 18:39:22,爱的编织 ??,是爱！,0,0,0, ,nullnull,其他,喜悦
转发,2025-08-12 19:52:33,小小奶橘组合 ??,哎呀呀一起偷走,0,0,0, , ,其他,中性
转发,2025-08-13 08:59:01,奶牛小强集合！ ??,纯情蟑螂火辣辣,0,0,0, ,,其他,中性
转发,2025-08-13 08:59:44,#罗小黑战记[超话]# ??,是个好师父,0,0,0, ,,其他,中性
转发,2025-08-13 16:40:08,第一次见顺拐的马果然马踏飞燕诚不欺我[666]#我的幽默灵感片场# ??,感觉很忙的一个小朋友//。//////[允悲]//////,15,0,0, ,,其他,喜悦
转发,2025-08-13 16:44:12,麻麻，我真的是警长吗 ??,你是局长,1,0,0, , ,其他,中性
转发,2025-08-13 16:48:50,#罗小黑战记[超话]# 这是被掐掉的彩蛋（单方面宣布版）#罗小黑战记##电影罗小黑战记2# ??,可爱鼠,1,0,0, , ,其他,中性
转发,2025-08-13 16:49:49,拼色小花猫 ??,哪里送我,0,0,0, , ,其他,中性
转发,2025-08-13 16:51:14,#罗小黑战记# 小猫妖小蝙蝠都可爱[馋嘴] ??,池年记得给小蝙蝠买衣服呀,3,0,0, ,小黑，给你新买的衣服。师姐，这些衣服怎么这么小啊，师姐最好了！我穿不下啊。这样就能穿了啊喵咔嚓二00咔嘘我还有很多呢。鹿野大人你发朋友圈的小黑照片都好可爱呀哼，一只小猫妖，有什么可爱的。比你家小蝙蝠可爱。呵我们家小蝙蝠哪里不可爱了！！一小时候的照片,其他,中性
转发,2025-08-13 16:55:42,#罗小黑战记[超话]##电影罗小黑战记2# 有没有人知道去粤东会馆打工包吃包住吗！（捏造不放心徒弟打工亲自帮（倒）忙的师父捏（太喜欢西木子了搓搓搓 ??,居然让甲乙去烧饭,0,0,0, ,我去上菜？着火了真的假的着火了！顾客一碗我一碗灭火器是番茄酱？灭了不能拆厨房！简单芷清顾客西木子可以叫一下你们的厨师长吗mia 是菜品mia 不合胃口吗？很不高兴为您服务单纯不是想见见一师父！微笑！,其他,喜悦
转发,2025-08-13 17:12:09,【男子强行抱吻陌生女性被鉴定为“急性而短暂的精神病障碍”】据李黎(化名)向媒体介绍，今年1月2日22点左右，她刚走出地铁站，一名陌生男子从她身后紧紧抱住她，并实施了强吻。她用力挣脱后，向路人呼救，对方才停止了侵犯。在脱困后，她当即拿出手机拨打110报警。就在这时，对方突然逃离了现场。很快，嫌疑人被抓获。在她录口供时，警方已经抓获了涉事男子。然而到次日，警方并没有对涉事男子进行相应的惩处，而是将其送至深圳康宁医院。李黎从警方处得知，该男子在收治到康宁医院几天后，就被家人接回了江西老家。她担心以后会对其他人造成威胁，随后便向当地的“局长信箱”投诉。根据深圳市公安局南山分局4月28日出具的《鉴定意见通知书》显示，对嫌疑人在案发时的刑事责任能力和精神状态进行了司法鉴定。鉴定意见是：被鉴定人在案发时为急性而短暂的精神病障碍，无刑事责任能力。8月12日，深圳市南山分局西丽派出所一名工作人员回应称，此前接到过当事人李黎的报警。在对嫌疑人做了精神病鉴定后发现，他在案发时无刑事责任能力，被送入了康宁医院治疗。至于此事的其他情况，该工作人员表示不便透露。李黎则称，她担心嫌疑人若治疗不佳，往后可能还会侵害其他人。更多详情请查看原文>>,江西男//////,1,0,0, ,深圳市公安局南山分局鉴定意见通知书深南公（西丽）鉴通字（2025）492号我局聘请有关人员，发时的刑事贵任能力和精神状态进行了司法鉴定：鉴定意见是被鉴定发时为急性面短暂的精神病障碍，无刑事责任能力。根据《中华人民共和国刑事诉讼法》第一百四十八条之规定，如果你对该鉴定意见有异议，可以提出补充鉴定或者重新鉴定的申请公南山马南山分局公众号江苏新闻,公安，政务,中性
转发,2025-08-13 20:29:34,保护[加油]#电影罗小黑战记2# ??,谢谢啊师姐被保护到了,1,0,0, ,保护师姐照顾好师姐咪！出门买菜师傅品师傅师傅我保护了师姐！幸福,其他,喜悦
转发,2025-08-13 22:54:40,4326求更多这种证明时尚完成度靠脸的图 ??,没想到这些丑衣服还能更丑////,2,0,0, ,蛋花儿,其他,中性
转发,2025-08-14 08:24:03,#电影罗小黑战记2# 无限养的鸡活得还挺水深火热的（？ ??,鸡：?,2,0,0, ,太师父师父来啦？还有泽字师猛禽的气息察觉！哇！怎么啦？咯怎么了？这么吵这是我师姐这是我师姐的徒弟都是好人！是弟子做错了什么吗？不是哈咯笋？吃的那个是“隼”不是吃的那个什么是隼啊？我以为小鸟只吃虫子也会吃一种吃肉的鸟那你会抓来吃吗？不会小黑给的师父教育过我,其他,中性
转发,2025-08-14 08:24:25,手手和脚脚看对眼了 ??,全世界最圆的咪,0,0,0, , ,其他,中性
转发,2025-08-14 11:02:01,#罗小黑战记[超话]# 总算画完了坡道的故事！[爱你]“相遇 分离 快乐 忧伤 心动 慌张 希望 绝望 不管明天会变得怎样 陪着你 轻轻地唱~~~”“有太多甜太多苦太多的酸 你忘记了快乐也忘了忧伤 把我的幸福放在你手上 陪着我不再流浪”【这两句歌词好合适最后的两图的画面送给鹿野】蓝溪镇里，夏掌柜说自己以前也吃人类，但是后面不吃了，因为认识的人类变多了。电影里，假设妖精和人类要是打起来站在哪边，小黑说站在对的那边，鹿野说站在妖精这边。要是鹿野认识的人类多了，她会不会也有可能想着，站在对的那边？#罗小黑战记##鹿野##罗小黑战记2#,宝//[可怜][可怜]////*?︶?*),2,0,0, ,nullnullnullnullnull,其他,中性
转发,2025-08-14 11:48:42,选择#电影罗小黑战记2# ??,是这样的，小猫都是自己选铲屎官的////// )=3 师父没我们可怎么办,2,0,0, ,泽宇哥哥是小时候就跟着师姐的么？对，师父选中了我，当时我还很小呢”我选中师父的时候也很小呢，嘿嘿那小黑师叔很厉害啦师姐，泽宇哥哥说棒上都是师父选徒弟的但我可是自己选的师父哦哼，我也是自己选的师父哦一！师姐也是！我知道了师姐，是不是因为师父他其实不是很擅长选妖精，所以只好等我们来选他啦嗯，有可能,其他,中性
转发,2025-08-14 11:49:10,#电影罗小黑战记2# NAZA*！ ??,黑色防弹衣//[憧憬][憧憬],0,0,0, ,,其他,中性
转发,2025-08-14 15:44:42,哪位有机会穿越回正德年间的朋友可以给拙政园的修建者王献臣带个话。五百年后一个夏天的工作日上午，他家院子里站着五千多个人。 ??,我寻思是不是要把隔壁博物馆的人也算进去//：吾心甚慰（？）////,4,2,0, ,游客流量公示Flow of Tourists 5576人当前实时流量Rat tineFlosofTourists 校为舒适（4级）1806-3612人：较为揭挤（2级）5418-7225人：登造（）1006人以下挤（1级）225人以上景（）3612-5418人：,其他,中性
转发,2025-08-14 15:48:58,#罗小黑战记[超话]##罗小黑战记2# 超级变变变 ??,成为naza的玩物[哇],3,0,0, ,长老！诶？变小了？找不到解决声音居然方案别回来了！还是原来的你很有点失望闲吗对啊一法器你意思是不小心被法器碰到变成这个样子了？味一连化形都不完整了这法器还挺厉害灵力还剩几成？六成哟真成小猫咪了他会揍我。这不挺好的？啧啧，还是以前的手感西木子你也来摸摸哈？好什么！你们能不能给点建设性意见！摸够了没想摸还是摸了。飞奔抓！生！不听放开。她这性格，大概是什么情况小时候被年这么玩过吧池年不是这种人吧他俩不知轻重的有时候切磋着就这样被打飞弱一此人嘴角上扬两个像素点哈一小鬼…你死定了孔什么叫谁跟他一样？！这个！？此人其实完全可以躲开你师姐小时候跟这个一模一样哦师..长老！我走！要打一架吗？找到办法了！来啊谁怕谁？别打了，要打两位莫要去练武房打伤和气嘿咻一八！刚刚是什么东西？好像是那个法器欲知后事如何请看下回分解我也可以哪吒大人！馆长说您绝对不可以碰！,其他,中性
转发,2025-08-14 15:49:39,喵星人怎么能可爱成这样[舔屏] ??,我玩过这种宝宝[抱一抱],0,0,0, , ,其他,中性
转发,2025-08-14 15:57:25,其实上网真的不是为了聊性别议题的，上网只是想玩，可是受害者太多了，恰好这些受害者都是女人。我们是在聊新闻对吗？我们是在反对犯罪，为什么看起来声浪冲天，为什么总是在聊性别议题，因为受害者总是女人。 ??,//,1,0,0, , ,其他,中性
转发,2025-08-14 16:45:04,《素人改造大作战！》1.0#罗小黑战记[超话]##罗小黑战记2##无限##鹿野##罗小黑# ??,全部都可爱鼠,0,0,0, ,他好像说得对，有妖精发帖说假师父比师父帅气诶啥？匿名只有我一个妖觉得冒牌的更帅吗？太酷啦匿名气质确实不一样匿名这是哪里的影像，怎么之前没见过这衣服搭配太酷啦匿名匿名你是谁！！你给我等是无限？？哇好帅啊怎么了吗？探头转头是饿了吗？我去做点吃的吧慈祥。不饿！素人大改造！去买衣服换衣中凯o的水雯我觉得不是衣服的问题另外是不是混入了奇怪的东西追忆青春！k雯和之前有啥区别吗？咳此时另一边皆逆荒，你的引战贴被删了欺不对，什么叫引战贴？！这是事实！搞什么，赛博放风时间结束了！手机还我！,其他,喜悦
转发,2025-08-14 16:54:04,虽然作业还在，但这次冒险真的超有趣，记得锁定 “藕丝泥霸” 直播间观看冒险！#电影非人哉限时玩家# 预售已开启，8月16日，神仙队友等你组队！ ??,这里还有一个山新哪吒[哈哈]//…观看我们的冒险哦[doge],0,0,0, , ,其他,中性
转发,2025-08-14 16:58:59,钱学森力学手稿，理解小说里的道心破碎了 ??,确实很牛批，我怕掉头发就没读这些专业（是真的//[允悲]//[允悲]我爸大学就学这些，一道题想一个周末也想不明白//[允悲]//，然后师从杨振宁门下，自从跟杨对话过，就觉得自己的认知跟杨不是一个维度，杨是上帝的孩子之类的，于是他放弃物理从了经济学，他觉得物理学他的智慧不够，做经济学已经拉满了，后面果然做的很好////，都勇于对高考作文发表意见，那这样的手稿，就没啥人说三道四[污][并不简单],9,3,0, ,Salt waterroom 终于明白，为什么有些人只是看了一眼天阶功法，就道心破碎了昨天17:52·河北回复18.2万展开2119条回复核爆之后防御与能量回收数学框架之一，能量辐射（粒子流）回收与防御数学框架之一+(A+AAAAA)（x-+Tr(n（xoFm（)]-xVakr +（（+）o）ehierOwirs =S8dF=Re（)FF0FF-Re（)F0F+FKomom三三五人族顶尖功法只要20块一本，尔等为何不练？是不想练吗力学手稿钱学森8.1折20.已优期5元后之件已抢1件满15减5身先用后付变持0元下单，认收贵后再付款15小时前·贵州回复2.0万展开318条回复不过一笑尔尔等不是天天在说怀才不遇吗？现在人族最顶尖的功法手稿就在尔等眼前，尔等为何不学呢？昨天07:05·河南回复5.9万展开592条回复,其他,惊奇
转发,2025-08-14 17:00:04,#湘沪读好书# 【2025上海书展，张一南《中国人的神神鬼鬼》亮相湖南展区】2025上海书展，文化学者张一南新作亮相！8月13日至19日，文化学者张一南的著作《中国人的神神鬼鬼》将亮相主宾省湖南展区。作者盘活古典神话传说中深藏的人生智慧，带领大家读懂“中式魔幻现实主义”。湘沪读好书，不见不散。#湘书正当潮#,鱼眼镜头更像?了////[抱一抱][爱你]//,0,0,0, , ,其他,中性
转发,2025-08-14 17:03:06,#罗小黑战记2##电影罗小黑战记2#老君有狗，明王有狗，无限有猫，哪吒大人怎么能都没有？！这个重大工作失误就交给池长老解决了。 ??,好哦支持池年当naza的猫毯,0,0,0, ,时间回到第一部末.他好高兴啊，不就是捡了只猫吗不就是捡了只猫吗。哪吒大人回总馆啊？哪吒大人好！不就是捡了只大人我先走了哈X复拍快拍。你还没这么大啊？几百年前的兼大可以不拍躺你身上得我为什么还在,其他,中性
转发,2025-08-14 17:13:52,《文史知识》回归知网，嘿嘿。 ??,不懂但觉得?//！////！[爱慕],0,0,0, ,IF月01北朝后裔的江南绮思张一南文史知识2025-07-01特色期刊02我在边理给你写信张一南文史知识2025-06-01特色期刑403无人之境张一南文史知识2025-04-01特色期刊24孟浩然是不是从黄鹤楼去的广陵？张一南文史知识2025-03-01特色期25你可能背了假的绝句张一南文史知识2025-02-01特色期6南诗北归张一南文史知识2025-01-01特色期刑17魏晋山水诗体系的形成及陶渊明的贡献张一南中国典与文化2024-10-15期刊56208我欲乘风归去一一苏轼豪放词的发生张一南文史知识2024-10-01特色期509游侠儿的责任与逍遥张一南文史知识2024-06-01特色期1口10拟古乐府选题指南一《乐府诗集》目录解析张一南文史知识2024-05-01特色期刊3口11诗人陈子昂的一次远行与成长张一南文史知识2023-07-01特色,文化,喜悦
转发,2025-08-14 17:21:31,公司决定开除所有抽烟的员工 ???,支持////！！！// //[卡皮巴拉]//[无聊]抽完烟还带着一身汗臭和烟味进来恶心的要死//,1,0,0, ,我们公司，开除了所有抽烟的人本身公司是不允许室内抽烟的，但是发现抽烟员工经常缺岗，有事情需要沟通时候，往往无法及时到位，经过半年过度后，跟合伙人商量，有偿解雇了5个员工（2个自愿离职），n+1好聚好散了看似荒诞且冲动的决策，背后算是“蓄谋已久”的经济账，假设一个抽烟的员工，一天6根，上午3根，下午3根，平均每次外出时间10分钟/根，一天的抽烟时间就是1小时，一天上班才几小时呢？但下决策的原因，并不是要求员工无时无刻在岗位付出，起码响应要及时，不要耽误大家，这在抽烟与不抽烟的员工身上，有很大差别。不抽烟的同事除了上厕所，几乎随叫随到，组织临时会议或者要个东西，往往很丝滑，抽烟的经常见不到人，这让人很烦躁。【热度有点高】补充一句：这年头搞点事情，很不容易的，除了向外要利润，也向内求效率，小作坊做事不懂规矩，大家见笑了，只是个人行为，不建议抄作业，，，共建和谐职场环境用人成本，烟民成本高于孕妇假设一天抽6根，每次上下楼吹牛聊天一共8分钟（实际上往往不止8分钟，不止6根，先保守估算）那么等于：每天48分钟每个月17..2小时每年206.4小时=25.8个工作日孕妇产假98个自然日，扣除周末是70个工作日，如果期间还有法定节假日，则实际只有60多个工作日，一般用工合同是3年，平均每年2023个工作日。烟民用人成本高于孕妇。而且女性合同期间不一定会怀孕，但是烟民每年要白给一个月工资。招聘时，已知对方是烟民相当于已知对方“怀孕”。并且烟民健康风险高，烟民还带给其他同事健康风险，给公司带来各种隐患。公司决定开除掉所有抽烟的人,其他,愤怒
转发,2025-08-14 21:02:14,奶牛猫欢快的步伐 ??,吃饭饭啦,0,0,0, , ,其他,喜悦
转发,2025-08-14 21:02:49,#罗小黑战记[超话]#假设狗是被会馆派去藏区的故事 ??,牧羊犬是吧//// 喜欢//，竟然是藏区，对不起总觉得是山东// 好喜欢//。,0,0,0, , ,其他,喜悦
转发,2025-08-14 21:09:19,猫巴士？黑猫巴士? ??,也给我坐一下黑猫巴士,3,0,0, ,,其他,中性
转发,2025-08-14 21:42:10,等一下你们长白山的导游这么跟老年人讲张起灵真的不会有问题吗[允悲] ??,没事他们明天就不记得了//////？哈哈哈哈哈哈哈//////：张起灵血哪里买……,10,0,0, , ,其他,中性
转发,2025-08-14 21:43:13,谁敢看社会版热搜？南昌捅死女学生、强奸犯未收监、33岁二胎难产去世、女子被诈骗女子上厕所难，挑起性别对立的真的是女子吗 ??,转发微博,0,0,0, ,21:54!5G67社会热搜热搜文娱生活社会泰州体育ACG 社会热点，每分钟更新一次19岁女大学生景区内遭捅多刀身亡8664...爆2警方通报19岁女生景区遭杀害1354564热3被捅女生朋友发声960858新19岁女生遭杀害男子有精神疾病史74945145420斤男孩瘦20斤后姥姥心疼拒治疗571982619岁遇害女大学生亲友发声431019新泰州队又又又摇人再显人脉泰州家长网上发视频质疑校服质量被拘留387917快递费要涨了34912589南昌景区持剪刀伤人男子被刑拘32079910法院回应7旬强奸犯获刑10年未收监288...新1133岁女老师二胎难产去世288718热21:545G67微博热搜热搜文娱生活社会泰州体育ACG 16男童苍山走失已3天父亲发声170485新17上海机场取消进航站楼人身行李安检15343618当地回应景区行凶嫌犯有精神疾病史13...新19流星雨124283新20担心基站有辐射拆掉后又吐槽信号差11...新江苏一高校或将整体搬迁泰州21女子上迪如厕排队超时崩溃大哭1185222女老师难产离世丈夫发声11848新23师姐称景区遇害女生阳光开朗110539新24景区遇害女大学生校友发声106843新25女子被风水师骗936万元投湖自杀105829新26个人单笔5万元以下消费可享贴息10353027中方回应特朗普让中国增加大豆订单10...新28警方通报抚顺一客车侧翻4人死亡98776新29这6个指标王常96867新,教育，公安,愤怒
转发,2025-08-14 22:23:52,实在是服了黄牛了。最近我有个活儿，是打击共享/盗号/代充会员。其他都该封封该起诉起诉了，唯独有一类闲鱼代充我实在不能理解：以7-8折的账号出售会员，直接充到买家自己的账号上。数据跟踪显示，代充登录了买家的账号，用自己的苹果账号在App Store以原价购买了会员。换句话说，代充卖70，但是自己从苹果100块买。我百思不得其解，这怎么挣钱呢？礼品卡没这么大折扣额度啊？是洗钱吗？今天破案了：黄牛只用最朴实的方式解决商战。代充在会员到期之后，巧舌如簧发邮件骚扰苹果官方要求退款……卖70，花100买，再靠不要脸把这100退回来……,咸鱼感觉是以前的流氓再就业了//////……做黄牛真得有擅长剑走偏锋的脑子,0,0,0, , ,其他,中性
转发,2025-08-14 22:25:36,无法放弃村姑塑(二孩妈(#罗小黑战记# ??,单身绝育母亲带着两个捡来的娃,1,0,0, , ,其他,中性
转发,2025-08-14 22:26:44,??小猫的哀悼 ???#我的幽默灵感片场# // #我的精神状态凉好# // #人间值得有欢喜# // ??,小猫回家啦,0,0,0, , ,其他,喜悦
转发,2025-08-15 09:21:51,旅游：8月13日夜晚，大阪地铁因停电被迫停运，大量游客滞留在大阪世博会会场。随后会场临时开放供游客过夜，一些没法回家的游客干脆在会场的直播镜头前跳起了舞，做起了广播操。凌晨2点的时候还有大量游客在排队等待和米菲兔拍纪念照，队伍甚至比白天更长。第二天早晨，一位游客感慨，没想到有一天能和脉脉一起拍日出。直到第二天（14日）早上7点，所有游客才顺利离开会场。,挺开心的//// ////////,0,0,0, ,万博妇宅困难者の午前2时台大人氛口以。三一の撮影。术世界唯一の一工诞生！ 梦洲大阪BREAKINGNEWS大阪X卜口中央线全线运耘见合力世万博会场·梦洲妇宅困难者飞混乱11:30万博飞妇宅困难者3万人滞留加days神奈川l32c 30分迟才一7横浜冷冻屋上力の午后11时半3大阪卜口中央线（の午后9时半二3）唯一の铁道儿一送电线儿午前5时半3末了一部区间运见合世11:31万博飞妇宅困难者3万人滞留加days 琦玉3230分运才一77约3万人加一时会场上周边亿滞留一东一开放一部才深夜才一,旅游,喜悦
转发,2025-08-15 09:26:16,超级瘦子变胖子就是没有焦虑，问就是瘦过，虽然可能这辈子都瘦不下来了 ??,小时候少吃的饭终究会吃回来//////,3,0,0, , ,其他,中性
转发,2025-08-15 12:06:01,啊哈哈哈哈哈哈哈 ??,提篮居士（木鱼//,0,0,0, ,14:114G 你要好好的关注会计人，累了，想出家，请大家赐法号会计人，累了，想出家，请大家赐法号#会计人会计魂#财会#会计的命也是命#会计发展前景#财务人#会计翻译昨天08:46湖南共1640条评论说点什么ShineRise 一旦出家，就要自称老衲。所以赐你法号，出纳6918说点什么2095672164214:114G 你要好好的关注释永贷，和某大师组成信贷组合15412小时前上海回复阿七吖释永借，有借必有贷，借贷必相等。290.91小时前北京回复展开68条回复狐狐能有什么坏心眼呢提篮居士10小时前北京回复2731R&L 哈哈哈，进去了7小时前美国回复191展开72条回复唧唧复唧唧吾平刚刚山东回复饮水思源法号：普华永道2小时前安徽回复1318饮水思源「普」：如光覆万类，无远弗届的广度211「华」：似玉含精魄，灼灼其芒的深度「永」：像水凿千仞，逝者如斯的长「道」：乃蚁行蛇游，万物成章的法度2小时前安徽回复展开66条回复momo 出家就要悟这世间万事万物的循环之法了，赐名605一法人1小时前四川回复说点什么209876731646,其他,喜悦
转发,2025-08-15 12:07:38,我就发现，普信是人类的通病，我小红书一视同仁的发妮跳发，朱一龙蝶泳，wl蛙泳，下面全部是普信大众指点，觉得这个跳发不专业，那个蛙泳不标准性缩力强。只有朱一龙，大伙让他去海洋馆兼职美人鱼。 ??,同意猪猪去兼职,1,0,0, , ,其他,中性
转发,2025-08-15 12:20:03,#电影罗小黑战记2# 两眼一睁又在画带孩子 ??,我们虽然不爱生孩子但是我们爱看可爱宝宝,2,1,0, ,好了赶紧睡睡着我就回去了可我们睡不着…小孩哪有睡不着的我们想听师父数羊哈？那你们闭上眼睛听好了一只羊两只羊三只羊四只五只小孩就是小孩哼如此这般一千届大会胜者是我讲完了你怎么还醒着？我还要听！我已经从老君开放斗帅宫讲到总会馆建立了2还要听！2明天再说不要！,其他,喜悦
转发,2025-08-15 15:12:17,哪个女孩小时候没有刷着sex and the city 梦想去曼哈顿当专栏作家摩登女郎，居然有生之年看到了Carrie Bradshaw吃海底捞，还被放了个娃娃…就问你服不服[笑cry] ??,好哦//！佩服。,1,0,0, ,,其他,喜悦
转发,2025-08-15 15:40:51,当鹿野让小黑带来最喜欢的东西，从一开始略带犹豫的玩具到直接把无限拖出来，无限真的在好好的养小黑[抱一抱]#罗小黑战记# #电影罗小黑战记# ??,好宝宝,1,0,0, ,当我问他带来你喜欢的东西时，他似乎进化了的孩子，问了他和以前一样的问带来了自己玩具，但似乎有点犹豫题，他就叼着东西过来了！看来，过去他因呢？为害羞而没能坦率地把它带过来呢,其他,中性
转发,2025-08-15 15:41:26,小橘猫和小男孩cr：meryemkeceli_& ??,偷走小橘子,0,0,0, , ,其他,中性
转发,2025-08-15 16:50:06,小黑也会弹琴嗷[你好]（我乱画的#罗小黑战记# ??,嗷嗷啊嗷,0,0,0, ,,其他,中性
转发,2025-08-15 16:50:54,总有人说精神病在街上强吻女性、杀害女性是因为他们平时缺女人，所以性压抑，看到女人就发病了，总有人说精神病去幼儿园杀人报复社会是因为生活不幸福，所以就偏激了，看到人家幸福就发病了那我很好奇哦，为什么精神病看到荷枪实弹装着钱的银行押运车就不受刺激不发病呢？是因为不喜欢钱吗？ ??,转发微博,0,0,0, , ,其他,惊奇
转发,2025-08-15 16:52:18,#MTJJ木头[超话]# 金门师门日常——猫耳day#罗小黑战记##鹿野##无限##电影罗小黑战记2# ??,合适,0,0,0, , ,其他,中性
转发,2025-08-15 16:55:15,帝王引擎大赛 ??,谁都有猫,0,0,0, ,噜噜色鲁呼C 噜呼噜噜噜呼,其他,中性
转发,2025-08-15 16:55:55,黄金堂#罗小黑战记##罗小黑战记[超话]##无限##蓝溪镇# ??,仙子[哇],0,0,0, ,1071,其他,中性
转发,2025-08-15 16:59:46,小憩一下～ ??,梦想人生,0,0,0, ,,其他,中性
转发,2025-08-15 20:40:41,那个老外看到的就是这样的啊[捂嘴哭] ??,白男：是那个妹妹//////[舔屏]//[哇],1,0,0, ,nullnullnull14:5787尤金Eujin 关注尤金日记-2024年11月我记得他是这样的。朱一龙总是穿着蓝色长袍来到片场。浑身是血和像摩纳哥阳光晒出来的古铜色妆容，他周围总是围着很多人。这不奇怪，朱一龙在我看来是和我合作过最善良的中国演员之一，我永远不会忘记他真诚的笑容和明亮、充满真诚的眼睛。他好像知道在这个疯狂的电影世界里如何保持人性的秘密。说点什么120387213,其他,中性
转发,2025-08-15 20:56:35,#我的朋友们# abtv海量更新： ??,同人女公司////,1,0,0, ,21-06-0313:47槽呆老师闪电是我画吗还是特效闪电不用花不属于背景碰L75蹭茶地藏还是虱子哥哥念起来孔武有力V73茶庄猛兽那还是叫虱兄比较逼格高想及时收到群友的回复，快去打开消息推送设置吧。9:40LV83群主泡茶玉帝不如叫虱傅9:50LV75蹭茶地藏虱傅LV63豪酌观音草LV63豪酌观音可以，9分9:56LV83群主泡茶玉帝LV63痛饮天王不要让我以后想起你就是这个老头LV75蹭茶地藏哈哈哈哈哈哈哈LV75蹭茶地藏不知道自己在干什么V75蹭茶地藏对不起，郑馆长10:05LV83群主泡茶玉帝LV83群主泡茶玉帝郑新一是吗LV75蹭茶地藏LV83群主泡茶玉帝笑死我了笑死我了LV83群主泡茶玉帝10分LV73茶庄猛兽我给11分LV83群主泡茶玉帝我给12分LV75蹭茶地藏泡茶玉帝10:05郑新一是吗？草，哈哈哈哈哈哈哈哈哈哈哈哈哈哈哈哈哈哈或或或或或或或或或或或或哈哈哈或或或或或或或或或LV75蹭茶地藏我才反应过来！！！！LV83群主泡茶玉帝LV83群主泡茶玉帝你不是这个意思啊？LV75蹭茶地藏笑死我了，这也能谐音W73茶庄猛兽？你自己没想到的吗在看张桂梅了不错小宋佳演挺好23:47为什么是小宋佳大宋佳是谁是宋佳好没营养的对话17:49LV100群主木头，开七分钟大会。LV100基尔-周边给我听听LV100孙呱-修型组临时工超过七分钟会怎样LV100群主木头会吃饭2年会随地大小摊（10）LV2群主100分我又感觉会不会简单了，有争议的可以约个下班时间聚在一起玩一遍定一下难度LV2失途鸟我自己测试的时候的记录好像是240左右LV2群主你已经不能算在标准里了LV2失途鸟哈哈哈哈哈也是LV2群主就看从刚接触的小小半天内能达到多少分LV2群主一般不是很牟足劲的也不会一直在玩这个LV2群主在玩几遍都是100左右了，以我感觉定120差不多，能难住一部分人v2Yeah 120才拿分？LV2群主这可是高难挑战昨天21:09V2徐志胜SCORE:2bONEU!EEST:260PRESS ZJX TO REPLRY 2失途鸟牛啊LV2群主人外有人LV2失途鸟天外有天LV2徐志胜突然变黑白是奖励挂卡吗LV2徐志胜关卡LV2失途鸟是恢复关，不然点会满大清早碰到没有人的厕所还开到一个完美的马桶拉屎真是太爽了恭喜出恭的恭10:07谢谢你的解释去沈阳玩的那趟有我们四个人的合影吗。。。你们那有没有13:11菜缘我看看菜缘菜缘卧槽这张没有空空太可惜了菜缘多好的四角位有没有想过是为什么没有空空菜缘hhhhhhhhhhhhhh 13:53空空哈哈哈哈哈哈哈哈哈哈哈哈哈哈哈哈哈哈哈LV100内人之鼠阿棒生日礼物要憋着还是现在拿LV100内人之鼠是玩的LV100管理员鸠你的生日礼物是要憋着还是现在拿LV100管理员鸠是摆的LV100内人之鼠都在聊天框打好，321一起发LV100内人之鼠打好了吗LV100管理员鸠打好了LV100内人之鼠3LV100内人之鼠2LV100管理员加LV100内人之鼠1LV100管理员LV100内人之鼠now LV100管理员鸠现在拿LV100管理员鸠哈哈哈哈哈哈哈哈哈哈哈哈哈哈哈哈哈哈哈LV100内人之鼠牛逼,其他,中性
转发,2025-08-15 21:19:14,@ 正午阳光 快快快！现在就定下侯雯元！他是最合适的吕布人选！ ??,全部支持////////,7,0,0, ,崇应彪侯雯元封神崇应彪侯雯元饰,娱乐,中性
转发,2025-08-16 09:02:48,就是你这个畜生是吧[吐][吐]曝光你[吐]#郸城##郸城砍人# #郸城大广场# #郸城警方通报男子持刀砍人事件# ??,////,1,0,0, ,晚上11:27朋友圈后晚上白天能不出门尽量别出门了！刚从大广场跑回来的我表示：哪都不安全了！瑟瑟发抖！郸城明天该上热门了14分钟前真吓人来坐朋友圈我给你们讲讲，我就在现场，就在我后边，我一路小跑才到家，害怕，打110都是忙线，先听见有几个人嗷嗷叫乱跑，听见有人喊一句杀人了，我朋友她儿子还说没有吧，我说赶紧走，先走了再说，杀人啥红眼了，谁都砍，从大广场南门快跑到东门，我们看那个女的已经被推到地上了，又推操了好几下，最开始拿刀往身上拍，那个女的躺地上也不跑，就20岁那样，然后侧身躺的，然后那个男的还走了一圈又回来，就看见拿刀往地上砍一下，以为吓唬他呢，没砍到人，他一抬刀我朋友跟我说刀上有血，他是侧躺估计是砍胳膊上了，看到血了，打电话都打不通，占线，110都打爆了，复尤在后边，后背都发凉，听见人乱跑，啥人了，我们也跑，走到好远才敢停郸城马赛克,公安,愤怒
转发,2025-08-16 09:41:36,#87岁著名书画家被娇妻卷走20亿# 天呐??这是什么瓜？中国书画巨匠、当代大儒范曾老师居然疑似被37岁的老婆做局了[费解]娇妻徐萌多次出轨，还搬空宅中收藏字画、古董价值超20亿！这对年纪差50岁的老夫少妻的婚姻走向真的让人唏嘘！#老夫少妻只有一个结局# ??,哎呀////[笑cry][笑cry][笑cry]//// //[吃瓜]//,0,0,0, ,北京郭译仁》08月12日23:38来自iPhone15Pro 网曝范曾小50岁妻子徐萌出轨，倒卖范曾字画，价值超20亿，细节炸裂近日，一位网友在网络上接连发帖，其爆料的对象是画家范曾小50岁妻子徐萌。从其讲述中可以大致得知，徐萌之所以能与范曾成功携手，原因是背后有关键人物助力，这个关键人物也是范家人士。据爆料网友透露，这位范家人之所以把徐萌安插在范老爷子身边，其真实用意固然十分明显，即能控制与拿捏范老，没想到徐萌在成功“得手”之后，开始暗藏私心，开始秘密倒卖范老的收藏字画，其本人获利2亿多元，更不为人知的是，徐萌甚至还涉嫌出轨，范老爷子自然全程被蒙在鼓里。此外，这位网友还晒出一系列物料，证明徐萌在嫁入范家之前曾经接受整容，在一系列包装之下，原本只是北漂小透明的徐萌成为央广主持人。随后在范老儿子的牵线之下，成功入住范家，成为范老爷子的第四位夫人，当时范老的上一任妻子张桂云长期卧病在床，徐萌的出现无疑弥补了老爷子心头的缺失。有关范老与徐萌相识到成婚的过程中，这位博主也讲述了诸多细节，总结来说就是徐萌主动诱惑范老，对其嘘寒问暖外加经常探望，最终彻底得到了老爷子的信任。徐萌成为范府女主人之后自然也没闲着，历经两年倒卖范老的私藏字画，涉及金额高达20亿元，不仅于此，徐萌明面上与范老琴瑟和鸣，私下却与多位男子保持不正当关系，爆料博主一一列举了徐萌私下的出轨对象，其中就有范老的继子范仲达，接近范老也正是范仲达的授意。此外，从爆料中可以看出，徐萌的出轨对象还有一位不可不提，此人是徐萌的老乡范某华，后期徐萌在变卖老爷子字画方面，这位范某华提供了很大的助力，为了能够快速变现，以绝后患，徐萌曾多次要求范某华低价出售这些字画，当然范某华也不会白白帮忙，也会从中获取一定金额的佣金。暂且不知这位爆料人与徐萌、范曾有什么关系，能清楚知道这么多事，想来也是认识之人吧，关于这些，范曾与徐萌都没有回应，蹲个后续吧。来自网络收起,娱乐,悲伤
转发,2025-08-16 10:00:42,其实文员的外貌和精神都不太像吕布。如果以彪的气质论，大概在水浒里会有比较多适合的角色。 ??,乌尔善的男孩子们直接去演水浒没问题，什么浪里白条啥的，三国还是太登了//，他是我见过的最纯情的大只佬】；说纯情又每天werwer叫,1,0,0, , ,其他,中性
转发,2025-08-16 10:42:05,一捧小黑球[憧憬] ??,无限日常//,0,0,0, , ,其他,中性
转发,2025-08-16 10:42:22,不管男女贫富，这回没有向着范曾的吧？ ??,看大笑话,0,0,0, , ,其他,中性
转发,2025-08-16 10:57:32,雷人的东西请注意??*小鸟的胸脯*#电影罗小黑战记2##罗小黑战记# ??,泽宇是好师侄，晚饭加鸡腿,1,0,0, ,喵喵喵!(这里好暖和一)师叔不冷就好,其他,中性
转发,2025-08-16 12:20:45,最近小某书上有一个叫敬一杯给自己的话题，类似一边喝一边忆往昔“第一杯敬自己，我xx那年xxx…”，大多人在玩梗，但很多女孩的，真给我心疼哭了。一个女孩小小的可可爱爱的，点开前真没想到承受了这么多。一杯一杯地，慢慢打开了一个故事。父母重男轻女，生了她们四个女儿，她17岁还要陪着去打掉被查出来又是女孩的第五胎。这父母生了这么多养又养不起，所以她一个人十几岁就“懂事地”辍学，走上社会了，拉扯大自己的妹妹们。钱全给家里了，她爸妈还因为一个2万块的事儿骂她白眼狼。但她还是非常为自己骄傲，把妹妹们和自己养得很好。有一个28岁单身妈妈喝得一杯杯酒都没了，她生下来因为是女儿被爸妈扔在大马路上了，外婆把她捡回来养了。外婆凌晨去世的时候，他爸妈继续打牌到上午，她错过了见外婆最后一面。她上学，她妈妈有一天打电话给她说她弟弟不能上学了，所以她也不能上学。一年后跪下来求她爸要上学，给她爸写了欠条才拿了点学费去上学。19岁刚毕业，她爸妈逼她回家嫁人，她骑车12天逃远了。为了逃离原生家庭，也不懂事仓促结婚，嫁了个从怀孕就开始家暴她的男人。她为了攒律师费和带女儿走的钱，送过外卖摆过地摊，三年后才离婚。有一个女孩，非常精致漂亮，我下意识觉得是个富养大的孩子。第一杯，说她小时候牙疼，跟父母说了以后，他们无动于衷，一疼就是十几年，17岁自己赚了第一笔钱就是给自己看牙。但她父母花了几千块给她的弟弟整牙套。还有一个女孩，她从小就被亲生父亲猥亵，直到高中有一次被他酒后又脱她裤子的时候，暴力反抗，从此才停止。她婴孩时期他爸会因为她哭了，把她脸打到肿。一直在暴力和猥亵生活。考上大学他爸因为她的反抗，断了她的学费，她自己做家教干兼职交学费。还刷到很多类似的故事就不一一说了。都是了不起的女人们。这一杯喝完，你们从此都是好日子。,无法视而不见那就记录下来//，还有就是我几乎不认识一个从小到大从来没有被亲人熟人或陌生人骚扰或猥亵过的女孩,2,0,0, ,未成年人禁止饮酒2211.5万35455313好这一杯敬自己我们家有4个女孩4379小淇一米五关注别忘了来时的路#敬自己2793Q相关搜索·这一杯酒敬自己说点什么01:5824纯属分享无不良引导2.6万2089591还是要硬扒我的裤子好1112厘米关注这才是最值得敬的#敬自己#敬酒#这平常的一天#独居日记#独.展开1624说点什么17:5358上滑锁定2.0x播放我爸妈就把我扔到了路边说点什么01:32222.7万16122168但是我爸妈给我弟带了牙套1145养爬小姑娘关注敬自己八杯酒！敬自己这一路走来幸苦了.#为自己干杯#未成年..展开459说点什么18:17551.2万574直接丢到荔枝果园507好540外向唐姐关注真的很谢谢你们！因为一直不敢回头36看…一定会好起来的是吗#敬..展开说点什么18:51513.2万291父母准备将我弃养的时候2222茹亦关注2040敬自己六杯酒#vlog#敬酒#.展开合集·vlog 去看看294说点什么,公安,中性
转发,2025-08-16 15:12:55,猜猜有几个蝴蝶结 ??,耳朵，嘴套子，麻麻扎的,0,0,0, , ,其他,中性
转发,2025-08-16 16:40:33,大清早在xhs看到这个贴我真的要笑疯，衣冠冢还行[笑cry] ??,霸天虎下崽////[疑问],0,0,0, ,97%8:32社恐张小张关注有谁知道这是什么兰州出发看见的#飞机拍摄#飞机起飞#兰州08-13湖南不喜欢共712条评论说点什么16447250712Segal爱评论的人运气都不差精神病院250号这是当年霸天虎来地球，刚准备在兰州这建立自己的基地时，只见从兴隆山方向飞来一把巨剑，瞬息而至，轰的一声，霸天虎就只剩颗头了，后来人们为了纪念这事，就在霸天虎头的下边修了个衣冠冢。昨天16:54甘肃回复2907如影相随你笑死我了啊哈哈昨天17:01甘肃回复188展开266条回复灰河这个位置甚至微妙的有个门昨天18:44广西回复987野生小桃这个恐龙放在这里也很微妙哈哈哈哈哈哈昨天19:11内蒙古回复660展开100条回复我要一笼虾饺上次看有人说是擎天柱分娩昨天16:56重庆回复951Beauty_1001哈哈哈哈哈哈哈哈绝了昨天16:59甘肃回复32展开69条回复小猪,其他,中性
转发,2025-08-16 16:41:51,#罗小黑战记[超话]# 探望#电影罗小黑战记2# #罗小黑战记# ??,笑死,1,0,0, ,劳烦师父专程来一趟了还有师叔来看看你，不麻烦。最近怎样？一切安好。有劳师父关照了好，多照顾好自己。谢师父。那我们先走了师父师叔慢走下次再来看你师侄拜拜！师姐你和泽宇的关系很好呢！你长大了也可以收自己的徒弟啊。我的徒弟我当师父师父一看就知道想得真够远的这小子,其他,喜悦
转发,2025-08-16 16:52:29,奶牛猫小队 ??,一口一个,0,0,0, ,,其他,中性
转发,2025-08-16 17:03:52,求助，打游戏时猫窝在怀里怎么办？好消息：猫走了坏消息：猫走了唉？乌索？我不是在画双人互动吗？第一次画这么多人，总之ooc我全责【昏厥】 ??,打败那个啾啾,1,0,0, ,,其他,中性
转发,2025-08-16 17:11:52,张老师讲写小说：古代设定里，侍卫是不可能接近公主的。一些古风文里写侍卫和公主谈恋爱，其实是现代人的投射，比如我爸不管我，我和黄毛谈恋爱。#张一南手稿# [你好老师]#张一南北大国风写作课# ???,发小，如果出身好可以谈一谈//，比“我们家”低一些，但又不是那种彻底的下人服务员，还比较优秀，有希望上升的人，一般是帅哥，身体壮。//：王家侍卫就得和公主谈恋爱,5,0,0, , ,其他,中性
转发,2025-08-16 17:12:36,网传广电新政出台，电视剧创作全面松绑“掐得都快断气了 想起来松手了”[挖鼻] ??,我觉得是以前的老年人退休了//////，肉白骨吗？//。////////[嘻嘻]////[哆啦A梦害怕]////,1,0,0, ,2000年之后首播风来了，对长剧集的Zheng策扶持总局新印关于电视剧创作的若干举措（21条）1.对电视台、平台，要求内容创新2.节目备案权限适当下放省局、省台以下是关于电视剧的：3.改进电视剧集数和季播剧时长电视剧集数，40集上限取消季播剧，间隔1年播出的上限取消4.改编优秀作品不限国家日韩不限了5.统筹调整古装剧播出政策不严格限制数量（原来首屏首页每月不超过2部，电视台全年不超过15%）6.鼓励网台联动、一剧多星7.试点实行电视剧中插广告，每集不长于30s 以下是关于优化电视剧审查的：8.建立总局和省局同步审查的机制效率上，首屏首页剧目总局和省局同步审查，缩短审查周期9.试行建立边审边播机制、边改边播、分集分单元反馈系列剧、情景剧、单元剧等10.压减电视剧完成片审查时限复杂题材、特殊题材可以面对面沟通，30天要给意见反.馈张戴阻Til011.优化涉案区内容的审查三大类（历史公案人物、重大案件、涉外案件）需要公安部审查，其它地方省级公安部门协审就可以12.优化协审机制，提高协审效率鼓励片方主动提前引入专家把关，专家意见审查时作为附录供审查老师参考非必要不协审，协审的话50天为上限以下跟电视剧不是特别相关：13.加强超高清节目制作14.抓好纪录片精品创作15.大力支持精品优秀动画片16.支持引导头部微短剧创作省级卫视也可以播微短剧，也鼓励微短剧剧场17.抓好优质内容的引进，支持境外电视剧、纪录片、动画片在卫视黄金档播出18.引进境外剧，取消配额限制19.引进剧，鼓励平台和卫视联合采购联合播出20.调整电视引进审查权委托给部分省局，缩短审查周期21.强化相关法规制度建设：出台问题艺人分级分类处置的机制，健全电视剧节目版权保护机制（盗版问题）等#影,娱乐,中性
转发,2025-08-16 18:53:35,关于网传家父范曾搬离家宅，不知所踪的声明 近日，各网疯传家父范曾被强迫搬离家宅，不知所踪的消息。作为范曾女儿，我感谢各位网友的关心，更为父亲健康与安危而焦急。 我因陪伴孩子参加暑期夏校，从7月5日父亲生日派对过后就一直在外。期间家父仍能与我微信留言联系，被告知徐萌女士身体不好，家父在医院陪护，暂时不回碧水庄园。当时我有疑惑，家父八十七岁高龄，自己还需要照顾，怎么可能在医院陪护病人？但我选择去相信；这之后几次微信徐萌都说仍在治疗，我有疑虑，即使我再三追问，仍不能得到确切回复；再后面电询与家父往来密切的朋友，他们也不知道家父在哪里，我决定立即回国。 刚回国，就收到朋友转来网络关于家父的报道。我与朋友驱车去碧水庄园查看，发现房屋大门紧闭，已经贴上封条，果然人去楼空。家里只留下服务父亲十数年的厨师、助手、保姆、门房，而徐萌带走的都是她刚刚雇佣的家庭服务员。我马上现场询问了解情况，他们说，一些知情较多的老员工被徐萌以重金悉数辞退。对留下来的家人和员工也只字未提去哪里、做什么。 同时，我惊讶地听到，在徐萌带父亲离家之前，已经数次在我们不在家中陪伴的时候，搬运父亲早年库存大量书画作品、古玩收藏，徐萌强令员工关掉房间监控，恐吓员工们不许外传消息、如若不然她会去报送公安局抓人。之后将家父五十年珍藏书画、古董打包装箱分批分拨运走。但运往何处，员工们并不知情，吓得更不敢发声。 我这次来到碧水庄园，员工们告知，父亲是7月13日被徐萌带走，并带走了全部生活日用品，已经一个月有余，看似不会再回来生活了。 家父以这样的方式被徐萌带走，我作为女儿非常担心，多日电联父亲，手机都是未开机状态。我立即给唯一联系通道徐萌发微信，仍未告知父亲在哪里。 家父耄耋老人，又值酷暑之夏，作为女儿，我不希望父亲离家一事被网络热炒，我只挂念父亲健康与安危。我会积极与家父朋友联系，得到父亲确切地址，赶到家父身边，看到父亲安康，我就放心了。感谢大家的关心，万分感激。,暑假都是有钱人争家产的时间是吧//，看来是遗产大战开始了。,0,0,0, ,"22:1120刘8月3日09:33刘你好啊，最近你去看望我爸爸了吗？我带娃来美国参加夏令营，昨天安祥发信息说想来北京看望先生，可前些天爸爸发信息给我说他陪徐萌在医院疗养，你知道这事吗？学生能去看望吗？8月3日12:3429""小辉，我上午一直在一个老先生家里，那个就没敢看那个手机。刚看到我们也很久没去了，跟我这个回答跟对我的回答是一样的啊，就是身体。那个什么学老先生陪着他养疗养什么的啊，我就赶紧好视行让他好好养着，养着大概有20多天，将近一个月了，我们也没也就是等着啊。09:445G 朱彦4月9日17:16星期四21:31彦兄您好，我刚回国，您最近去看我爸爸了吗？星期四21:50我一个月没去了，不是不想去，不让去。我近日我外出了，刚得知消息，还想问你是咋回事呢？昨天07:25晓蕙贤妹早！很担心范先生的安全，是否考虑报案呢？愚兄朱某敬叩09:515G 刘星期四17:46范小姐姐范老爷子身体怎么样？北大刘星期四18:07我联系过，说不方便见我，不知道和谁联系。我也只能通过徐萌联系父亲星期四18:13我联系她了，说身体不好。没关系，老爷子健康平安就好aad 她也很久没让我和父亲视频了09:505G 胡星期四21:28胡姐胡姐您好，我刚回国，您最近去看我爸爸了吗？昨天09:32生日宴后没去了昨天09:38萌萌过去不是每周约你们去一次吗？昨天10:09生日后先约我们去，后又让改日再约，就再也没约了昨天11:18嗯、嗯09:525G 刘7月11日09:22好的范老师，8月2日07:51作品雾幽甘雨堂-张龙刘，您好，上次画院的邀请函我们这边已经收到，但是目前父亲没在家里，说是陪徐萌住院疗养，也不让任何人过去探望，估计要过一段才回碧水，您的事儿我记着，只要他回去，我马上向他汇报，尽力促成这一佳事",娱乐，公安,惊奇
转发,2025-08-17 08:43:06,日本到底卷不卷呢？就我这四年多，每年都保底来日本“自我放逐”一趟的感受…卷…都在“开玩笑”说美团饿了么已经是“知识密集型”企业了…日本，在大概十年前，就基本是我们如今的状态…那里的便利店、外卖，基本都是本科毕业生…好点的全家罗森，今年过来，都开始招研究生了…原因很简单，报名做店长店员的，清一色日本二流本科生…给我租房子的房东的孙子，去年大学毕业，现在在学卡车驾照，准备做类似的“货拉拉”，一天三份工，早班06:00，24小时便利店店员做到10:00，下午13:00做快递分拣员，到17:00，晚上18:00去类似我们的晚托做“育保员”…最近还要抽时间想考研…他们家可是标准的日本中产阶级哦，爷爷三菱还是哪的退休，爸爸也是一流大厂的科长，妈妈自己开餐馆…对了他爸，五十多了，不到晚八是见不到人的…还有就是中介常说的“家庭护士、建筑工、保险顾问…”类似的，好的岗位，或者说你能看到网上视频展现的岗位，那是给日本人本人留的…你又没选票，又没钱，又没技术，要你干嘛？日本医生你就别想了，轮不到你，连开诊所都轮不到你外国人，护士，要全部重新考过，国内护士证人不认，还要学专业语言…中国护士能干嘛呢？做私人护士，给那些上年纪的日本老人，居家擦屁股擦?…这都已经很好了，你如果看到视频里东北话比日语都强的那些女护士，整天就在那拍视频说来啊来啊，赚钱轻松啊，她说一半忽然下播了，那就是擦屎时间到了…业务上门了…3000日元一小时，很高吧？你租房几十万就没了…你在国内混不好，在日本，就更不可能了…记得那位饿死的姑娘吗？她文凭不错吧？在语言学校阶段就饿死了…记住，资本主义国家，你不自己伸手去要，人不会给你的，以及，她救济是有顺序的…日本人优先、入籍第二、长居第三…剩下的只是“狗”而已…不算人…你们以为房东、华人社团什么的没给她申请吗？申请不了…她是最低档的那批…毫无价值…还有介绍说中华美食在日本大受欢迎，你开个麻辣烫啥的，就能一年还债，两年买房，三年发达…这种，就只能是“穷人店”、“中国人专门店”…日本食品、餐饮法律及其严苛，还记得杨国福在京都那家店，被人拍到蹲地上砍骨头那画面吗？在国内很正常吧？在日本，不行…科技含量高的玩意都不允许进店…顺便那家店已经快倒闭了，除了东京银座区还有家老字号中华麻辣烫（也是根据日本人口味改良的），和原来流行过的奶茶一样，都是中介坑你钱的套路…日本人不喜欢吃的店，你只能做成类似国内的安徽料理…做中国人生意…然后呢？卷…哦对了，pc投资人薛先生，那个破民宿就是标准的“骗子窝”，不过他也做的很讲良心了，只骗或者说只能骗“民主自由独立思考”那群人的钱了…在日本被告不知道多少次了…还有那个散人…现在就是pc犯的狗腿子…一起骗…王小山见过一回，算不同流合污的，但也因此被那些sb一直打压攻击…还有唐僧（他不在日本，只是想起来了单拉出来…他还好点主要在国内赚钱，改了个笔名，在得到里推荐书，去年自己还翻译了一本书，但他，就是我心里典型的知识分子废物…说话什么的很有条理，也有深度，可惜手太笨，又总想着自己实现乌托邦，结果就是几个创业项目一地鸡毛，可他又有洁癖，还有点底线，和小山很像，但小山是真动手能力强，会做生意…也不做纯反贼，那就夹在中间，就很难受）…他们，如果按我的标准，过得也是一言难尽…能骗到钱的，的确过得不错，但是吧，就真的人人喊打…我再讲个道理，你们大概就能理解了“日本有多卷”，王大调查记者，就差磕头当间谍了…他的履历、媚日的态度、能力，可以秒了绝大部分人了吧？至今，那么多年了，他都不是长居…他靠他前妻才能留在日本的，师太…师太可能是入籍了？但过得也是不如意（当然和她自己表述的有点出入）…还有就是，日本民间，就是反华占90%…最近来当心点，别穷游了，每天都有袭击中国游客的新闻…讲日本好的一面，你真有能力，双一流毕业研究生，理工科，在国内一线大厂技术岗位待了三年，有一定比如300w存款，直接来，半年就能入籍…几乎啥条件都不需要…人需要的是人才…然后，就享受生活吧，孩子每月发钱，奶粉钱，生病看医生公立免费（要等），私立报销至少6成，大学前公立学校全免费，校服什么的要钱的，吃饭书本学费都不要…师太和王记者对喷那会一直强调孩子上学便利啥的就是这个原因…那念书卷不卷呢？你要是有钱阶层，比国内更卷，东大是基本的，出国念医学、法律、it是可选之一的…你说卷不卷？不卷的，日本在初中后会分流，去做技术工人啥的；也是我们的职高技校之类，我说的好点的技术工种都是留给他们的，但人家的职业技术教育体系做得好，用心点，能拿到“技术研读学位”，类似研究生了，这批，日本大企业抢着要…文科就别想了，不过你过去做反贼，要叛个国啥的，也许有可能，但记住哦，你有王记者牛逼不？你有师太那智商不？没有…那就算了吧，因为卖国也要排队…队伍挺长的…你别没轮到你，就先饿死了…日本还有个问题，就是财阀企业垄断，新公司出不来，政府几乎是被胁迫了…阿米巴听说过吗？我们那会很流行，现在日本国内都不提了…阿米巴，你独立做起来，有希望的我收了，冷藏，没希望的，直接开除你和你的阿米巴就好了…多直接…这玩意，本子都不玩了，我们还有企业当个宝呢…话说回来，日本作为资本主义国家，还是底子厚…全民发钱啊…这是真发…但是，没入籍的，没有…听尼玛中介瞎说就等死吧…我和华人社团接触比较多，他们自己也说，当年出来都是天之骄子，但错过了国内红利期，然后大部分只有长居资格，类似我们以前的“长期暂住证”，真混得好的年年都回国光宗耀祖了，那些两三年都不回来的，在网上却各种彰显日本好的，都是混的差的…但面子那是必须要的，要不怎么解释之前的选择呢？所以，别瞎喷谁谁谁是纳了外务省的钱，都不需要，因为人打钱要审核的…阿猫阿狗没资格…都是自发的“一天吃两顿，面子再给自己加一顿”那种自来水，他们，已经回不来了…年纪也不小了，但是你看吧，到退休那年龄，又都想着回国落叶归根了…日本对未入籍的，挥着再低一档次的，都不当人…但是，日本韩国经历至今，用了50多年，我们，只用了20年…然后底子还是很薄…前车之鉴啊…体量大，又如何呢？日本当初几乎干掉美国做世界第一呢…然后呢？希望能吸取教训吧…,//////////////…不过也可能是本国人少…安排得过来吧…其实现在日企年轻人也争取尽量外派了…因为国内位置被卡的死死的[无聊]//[柯基][柯基]//，也被她姐妹骗过去赚大钱了。结果去了发现是要做爷爷活，就回来了。,1,0,0, , ,其他,中性
转发,2025-08-17 08:53:47,额，您又输了是吗哪吒大人……………下次别玩儿这么大了吧。（音量预警！！！）#罗小黑战记##罗小黑战记[超话]##电影罗小黑战记2# ??,哪吒大人肯定输了,1,0,0, , ,其他,中性
转发,2025-08-17 11:37:20,干不了任何正经事，过去一个月干的最正经的事是看光死去的夏天（动画片） ??,夏天是这样的，酷暑就是躺着过,0,0,0, , ,其他,中性
转发,2025-08-17 13:44:39,很久没看到过如此震撼简短的文案了。 ??,////,0,0,0, ,正义不是送到.而是瞒不住了。道水,其他,惊奇
转发,2025-08-17 13:47:19,高智感奶牛猫 ??,这就选这位奶的课，学习制作波西米亚流苏窗帘,0,0,0, , ,其他,中性
转发,2025-08-17 15:06:22,那就先蹲个监狱再说后面的#电影罗小黑战记2? ?# 100%纯捏造速摸小短打，若被雷到请及时退出[good] ??,无限坐牢那就我来带猫吧//////,3,0,0, ,*假如出现了必须无限蹲大牢才能完美解决的事件。什么？！无限被关到冰云城去了？！哎哟轻点小姑奶奶...他是配合调查自己去的啊！这人你又不是不知道，真不想谁都挪不了唔..就算如此，冰云城那样的地方以无限那性格和人际关系在真相大白前不会说一句话会受委屈吧能不能劫狱啊想象图实际上没有床吗？当然没有！！你看看这像个房吗*监狱没有床重犯限制设施里你这执行者当得怎么配套的就那几样。这点常识都没有？入职培训没讲过吗？抱歉。第一次住冰云城。我入职时还没有入职增训这里是监狱！！你怎么说得跟住客栈一人类不是也有监狱吗？难道人类会给囚犯准备床？会啊。御灵系-土多谢池长老。好人.好妖啊。嗨嗨嗨嗨！无限！我来看你了！嗯。带了肘子？U 我还没说呢你咋就闻到了。U 小日子过得怎么样啊？这次只说不许干预限制措施没说不许探视。挺好的喷喷喷这里三层外三层的...还真是信任你的实力啊！不难受吗？已经特殊对待了。哪里特了，该上的家伙一样没给你少啊。无限有床。还有肘子。*另一边我就说该禁止探视的！根本没个嫌犯样，肘子都吃上了还不是你们说都锁了灵其他就顺其自然他这种级别的人要是受刺滂整点把戏，又是件大麻烦！看着是挺不错啊会要不要去粤东吃肘子吃。年啊。别急一肘子都吃上了那更没什么好刺激的了。不过以防万一为了让他更安分点，帮我把这个带给他吧。？是什么？能让无限集中精力安心待着的好东西。次日无限大人，别来无恙啊！西木子调查很顺利，我带了些点心来看看你。过得还好吧？这是静一长老的份。她托我一起带来挺好的。谢谢。哎呀呀。看来确实挺好的。师父。事情解决了。小黑在哪吒大人那，我来接你。..怎么蹲监狱还蹲出土特产了？NAZA 这是要还给哪吒大人的，不是土特产。你想要土特产吗？我去问问池长老能不能把床带走。谁要那个...而且你是不是胖了。惭愧。*吃挺好,政务,中性
转发,2025-08-17 16:54:43,其实是驯猫高手吧（。托付给师姐那会，完全就是训猫手法[笑而不语]#罗小黑战记2# ???,杰妮还是跟着小黑混吧//，猫好//，珍惜Jenny～,0,0,0, ,null0.0好咔1动作指导？不急。师姐不管一下吗？组丧喵喵（别沮丧了给你吃冰淇淋）推。,其他,中性
转发,2025-08-17 17:06:27,关于范曾的闹剧，这两天很是热闹，忍不住又想起了他的这些“往事”…… ??,感谢那位掘金女////////。//，只是小人一个。,3,0,0, ,1.范先生陆续贴出10多张大字报主动揭发、陷害沈从文。这起是非的关键证据，除了“知情者说”之外，主要还来自于当事人沈从文彼时及此后所留下的文字：1966年7月的《一张大字报稿》、1969年11月的《致张兆和信》、1975年2月的《致一画家信》、1977年4月的《致汪曾祺信》，都在《沈从文全集》第1826卷中能找到。在这批书信中，沈从文感伤说道，“揭发我最多的竟是范曾”，“说是丁玲、黄苗子、萧乾等，是我家中经常座上客，来即奏爵士音乐，俨然是一小型裴多菲俱乐部”，总的罪状就有“几百条”，分布在“12大张纸上”，其中只要“十大罪状已足够致人于死地，范曾一下子竟写了几百条”，可是“无中生有”、“无一条成立”。2.范曾幸灾乐祸投阱下石，处处不忘公开羞辱前恩师沈从文。沈从文曾在《致张兆和信》《致汪曾祺信》等私人书信中有过言评，认为范曾这人，“为人阴险”，喜欢“损人利己”，学识欠缺严重，“业务上常识不够认真学”，“善忘”，而且特别自负，“太只知有己，骄傲到了惊人地步”。最后，是一句断言，说范到历史博物馆10年，“还学不到百分之一，离及格还早”。他对范先生的好攀附名人亦表鄙夷，说他“大画家”的名头，跟“名人”身份，都是到处设法而来，说他只是“在一种“巧着”中成了“名人”。他这种观点，实际上李苦禅大师辞世前评价如出一辙的：“我没有范曾这个学生，子系中山狼，得志变猖狂”。对范先生，尽管在亲友书信中，沈从文偶有义愤流露，可在公开场合，他实际一贯保持沉默。唯一的一次例外，大概是劫难过后，有回接受学生黄能馥采访时曾感慨万千。,司法，政务,中性
转发,2025-08-17 17:19:06,小猫喝完奶后肚子明显鼓起来了，救命，好可爱哦！ ??,鸡翅包饭五块一个给我,0,0,0, , ,其他,喜悦
转发,2025-08-17 17:29:00,10452【】必胜客这个联动居然露腿。bsk你为什么画了不卖也不给人看全身！！ ??,变成防窥裤了,0,0,0, ,,其他,惊奇
转发,2025-08-17 18:09:12,猫儿这个撒娇 ??,哇哦,0,0,0, , ,其他,喜悦
转发,2025-08-17 18:10:27,京东昨天发财报，突出一个尬住。核心指标，收入有涨22%，利润腰斩49%，运营利润率转负。具体原因，外卖亏掉了147亿，按2000万单/天来算，平均每送1单外卖，京东就亏掉8块钱，放的炮仗全给淘宝的烟花助兴了。东哥一手掀起的外卖大战，就没有一天是按他的剧本走的，计划是偷袭美团，挤掉饿了么，重新划分座次，结果自己成了那条刺激对手奋发图强的鲶鱼。听了一下财报会议，一半都是在问外卖业务咋整的，管理层在安抚之余，也立下了严守投资纪律的Flag，保证不再乱花股东的钱。主营业务倒是无事发生，额外营收还有国补助攻，只能说拿出一半以上的自有现金流去请全国人民点餐，这是一种尘归尘土归土的高尚精神。数据上暂时还看不出交叉复购的影子，关键是基本盘也没被美团闪购侵蚀的迹象，出于应激而打一场超出射程的仗，到底值不值当？交社保这块确实是预判了国家的预判，朝野打量东哥起来都是慈眉善目，印象分加了不少，也有出席资质的实证支撑，但还是那句话，缘木求鱼，就算真等到鱼上树了，划得来吗??,反正坚决不下载京东//，0元奶茶?喝多了痛风肠胃炎挂号排队多,0,0,0, , ,其他,中性
转发,2025-08-17 18:40:33,在刚刚落幕的亚洲骑射青少年锦标赛中，汇聚了众多骑射传统强队的顶尖青少年运动员，为大家呈现了一场极高水准的比赛，各国运动员都赛出了水准、赛出了风采，经过激烈角逐，中国青少年骑射代表队凭借顽强意志与精湛技艺，最终斩获一金一银的优异成绩，为此次征程画上圆满句号。面对强手如林、竞争激烈的赛场环境，我国小将们沉着冷静，顶住压力，于逆境中奋勇拼搏，实现重重突破，不仅生动诠释了永不言弃、超越自我的体育精神，同时这一次也完成了中国青少年运动员在国际骑射重大赛事中奖牌零的突破，这是里程碑的一刻。在赛场上，我们为中国赢得了前所未有的荣誉。在赛场外，我们和各国代表队进行了友好深入的交流。骑射是一项正在蓬勃发展的国际性运动，此次比赛也是中国骑射首次走出国内比赛的舒适圈，在客场与众多国际强队同场竞技，是一次难得的学习机会，积累了宝贵的经验，为中国骑射未来的发展开启了新的方向。作为领队，当我注视着最高领奖台上方的五星红旗，亲耳聆听《义勇军进行曲》响彻赛场，那一刻内心无比激动与自豪。我们以实力证明，中国骑射健儿有能力在传统强队林立的亚洲赛场赢得荣耀。这份胜利昭示着，中国迈向骑射强国之路并非遥不可及，且必将早日实现！也代表着中国青少年骑射水平已跻身世界第一梯队！和金牌同样珍贵的，是此役赋予年轻一代的宝贵精神财富。我们深信，此次比赛经历所锤炼的意志品质与积累的实战经验，必将成为队员们未来驰骋赛场、乃至人生道路上砥砺前行的宝贵经验。我认为赛场之上，最闪耀的并非仅仅是箭中靶心的瞬间，更是在遭遇挫折后无畏奋起、越战越勇的昂扬风貌希望每一位队员都能在赛场上做到敢打敢拼，胜不骄 败不馁，在日后的训练中全力以赴，为亚运会做好充足准备，为国争光！2025.08.17,是这样的，其他男明星也会骑马，但他们好像就是上个班，小鸭有种回到野人状态的兴奋。,0,0,0, ,aSIANE CAHNSH ORSEBACKDIPLOMA DIPLOMA rseback 3002000091,娱乐，体育,喜悦
转发,2025-08-17 21:43:22,#罗小黑战记[超话]##罗小黑战记2# 鹿野晴岚｜关于组长的第一个任务[收到] ??,鹿野大人！,0,0,0, ,谁干的我再问一遍D.Shuyu 谁干的五分钟前静我嗯探出shuu 人呢？在附近没错：鹿野？她在医务室来找晴岚？好久不见对她在忙吗好像被打伤了于是变成了这样的状况我再问一遍谁干的不能凶人有吗？不是我不是我不是我不是我不是我首先不是我不是我不是我不是我见习医生6自己看其次，就是一点皮外伤医生快处理好了对不起所以，是谁伤的你？你们继续坐下啊好！是一只刚收容的小妖精ODS不是故意的怪我没把握好分寸出于自卫攻击了我很糟糕的事：那孩子刚经历过她只是需要一些时间：对吧？ODShuuu 嗯站立嗯懂了好好玩我到外面等你弄好了叫我抱啊她平时不这样的好了没、没关系：这么说组长的任命终于下来了嗯，会忙起来了那还能找组长大人帮忙吗？要是再有小妖精走丢，随时如果是：别的什么丢了呢？其实吧，今早后院走丢了几只鸡：别的什么？我拒绝。,其他,中性
转发,2025-08-17 22:05:33,真的需要不是一般的定力，光是靠爱意强烈怕也是不得行的。这样的人就是小时候老师口中能做到“你别听人家一翻卷子你就慌”的人。其他人把卷子翻得哗哗响，有的都不回头地跳到别的考场了，而他还能凝神净气，记得最开始和一直想要做的是什么。 ??,坚持到你的同伴来找你，坚持到 到达你的命运,0,0,0, , ,其他,中性
转发,2025-08-17 22:33:39,？ ??,社会你车哥,0,0,0, ,,其他,中性
转发,2025-08-18 10:26:54,回归本我的旅程，始于这份恰到好处的自在。很高兴以品牌代言人的身份，与，自在如呼吸般松弛。 ??,穿睡衣也双开门,0,0,0, ,Dodomian朵朵棉于适朵朵棉品牌代言人,其他,中性
转发,2025-08-18 13:36:03,大咪和小咪天下第一好！ ??,奶牛之家,0,0,0, , ,其他,喜悦
转发,2025-08-18 13:51:48,【#叶德志患精神分裂症不对其从轻处罚#】#叶德志患精神分裂症杀人获死刑#8月18日，广东省湛江市中级人民法院依法对被告人叶德志故意杀人案进行了公开审理，并于当日宣判，以故意杀人罪判处叶德志死刑，剥夺政治权利终身。 经审理查明，被告人叶德志因猜疑被同村的叶某等人加害，遂产生杀念。2025年3月27日晚，叶德志携带两把菜刀驾驶摩托车寻找叶某未果，在叶某家门口见到3名被害人，即持菜刀砍击被害人韦某某（殁年69岁）、叶某花（殁年36岁）、何某某（殁年1岁11个月），致3名被害人死亡。叶德志逃离现场后自杀未遂，在家中被民警抓获。经鉴定，叶德志患精神分裂症，在本案中具有限定刑事责任能力。 法院认为，被告人叶德志故意非法剥夺他人生命，其行为已构成故意杀人罪。叶德志犯罪情节恶劣，手段残忍，犯罪后果特别严重，犯罪事实清楚，证据确实、充分，应依法惩处。虽然叶德志作案时属限定刑事责任能力，但其犯罪时对行为的违法性和犯罪后果有明确认识，犯罪手段特别凶残，犯罪情节极其恶劣，犯罪后果特别严重，属于罪行极其严重的情形，故不对其从轻处罚。根据被告人的犯罪事实、性质、情节和对于社会的危害程度，依法作出上述判决。 被害人亲属、人大代表、政协委员、媒体记者和各界群众等旁听了庭审及宣判。（湛江市中级人民法院）,乱杀人的精神病不需要保护//,1,0,0, ,湛江市中级人民法院ZHANJIANGINTERMEDIATEPEOPLE'S COURT 网站首页法院概况工作动态诉讼服务中心法院公告庭审直播法院要闻院史馆法院视额所在拉置：首页法院间请输入赛宣的值息Q 叶德志故意杀人案一审宣判更销时间122509-18已消览1220文章未源：研实盒B月16日，广东省湛江市中级人民却院依法对被告人叶德志故意杀人案进行了公开由理，并于当日宣判，以故意杀人罪为灿叶德志死刑，剥夺政治权利终身。经审理查明，被告人叶德志因猜疑被同村的叶某等人加害，遂产生杀念。2025年3月2日晚，叶德志携节两把某刀驾摩托车寻抄叶某未果，在叶某家门口见到名被害人，网特菜刀击被害人市某某（张年65岁），叶某花（残年36岁》、何某某（残年1岁11个月），致3名被害人死亡。叶德志选离观场后白杀未送，在家中被民警捕获，经鉴定，叶德志精神分裂症，在本案中具有网定刑事责任能力。法院认为，镜告人叶德志故意非法到夺他人生命，其行为已构成故意杀人罪。叶德志犯罪情节悲劣，手疑残忍，犯罪后果特别严重，犯菲事实清楚，证据确实，充分，应依法班处。虽的叶很志作案时属限定刑事责任能力，但其犯罪时对行为的违法性和犯菲后果有明确认识，犯菲手段特别必残，犯罪情节报其恶劣，犯罪后果特别严重，属于罪行极其严重的情形，故不对其从轻处罚。根据被告人的犯罪事实、性质、情节和对于社会的危害程度，依法作出上述为决。被害人余属、人大代表、政协类员、媒体记者和各界群众等实听了庭审及宣判。,司法，政务,愤怒
转发,2025-08-18 14:58:52,【疫情】有一种疫情它从未离开 ??,这次没有猫狗杀就砸花盆了是吧////。//////[太开心]//[淡淡的]////。。。,1,0,0, ,小王will Follow LIVE 1/2坐标越秀，灭蚊变了味理解灭蚊，但这样真的有利于灭蚊吗？上天台晒背，前两天还好好的，昨天上去莫名其妙的，所有花盆无论干湿全被砸的稀巴烂，不知道变成这样后会更利于灭蚊吗？砸完之后也没人清理，这已经是第二天了，2Comment 2.6K 3341.2K,公安,愤怒
转发,2025-08-18 15:00:08,猫咪庇护所睡了6小时的人...#海外新鲜事# #热点现场# ??,做梦胸口碎大石//（如果猫猫不会把屁股怼脸上）,0,0,0, ,2025/05/1801:12:532025/05/1803:15:472025/05/1801:15:172025/05/1902-423cafe_bravecat1几天前的...某天晚上.凌晨1点钟.我躺下想着小眯一会...奋斗在韩国就快到早晨7点了.川我睡了6个小时在韩国？！？！..！拜托也让我睡在这里吧18,其他,中性
转发,2025-08-18 15:05:03,这种看上去是乖乖的奶牛猫 ??,世界上没有乖的奶,2,0,0, , ,其他,中性
转发,2025-08-18 15:05:14,敬礼！ ??,警长好,0,0,0, ,,其他,喜悦
转发,2025-08-18 16:43:32,真的没人管管香港的物价吗?果然能超越沪币的只有港币了 ??,大家错误理解沪币了，上海有贵的也有便宜的而且还不少，只是贵的也有很多人买单而已，香港那是集体贵//，我看着菜单85一碗的面和56一杯的咖啡发出了我也不是很饿的声音（最后因为中转时间太长还是挑了家便宜的吃了，物价真的很离谱//，隔壁桌七八个提着大箱子小箱子过关来的香港人看着菜单都露出微笑,0,5,0, ,小徐今天要早睡3人小心翼翼紧紧巴巴的吃火锅吃了4500回来跟我妈说，我妈问我是不是吃龙肉了19小时前·辽宁回复2.7万快乐的小奶牛龙：我可没那么贵啊13小时前·北京回复3774王宝宝快乐的小奶牛十来年，每次去，都是大家乐8小时前·陕西回复387新之助讲真的，收入不怎么样的真的不要去香港玩，实在真的真的很想很想去香港看一下。逛一下什么的，就在深圳吃饱了带两瓶水在过去香港吧昨天20:56·广东回复6.6万划重点这可真是个好办法，早上去晚上回来住深圳，费用起码便宜一半昨天21:56·内蒙古回复2.1万北京异宠专科医院孙书卉香港蜜雪雪王推荐5昨天22:11·北京回复6120里昂玛蒂尔达算是最便宜的水了昨天23:35·河北回复2460我是霸王龙只坐了半个小时的出租车我真的想哭...彦419.00313.90昨天21:54·广东回复1.5万超厚的419在贵州师傅可以送300公里昨天23:28·贵州回复4294李李李李李可以超厚的我们老家到成都390公里坐私家车150昨天23:30·四川回复921厉害的ID不会重名去香港玩最省钱的方法就是住深圳，头天打早去晚上回来，把香港当个大景区，吃喝的自带，不买景区内的任何东西昨天22:50·重庆回复1.2万我_我去了就是硬走也不知道咋嫩大劲昨天23:44·河南回复2460梨衣子我要我，我也硬走。减肥20小时前·河南回复585wssmr 我唯一没敢去正经餐厅的地方刚到第一顿想着先凑合一下吃个大排档花300多10几年前6分钟前·北京回复勇敢小Dan 你记住，香港一一个买矿泉水都需要攻略的城市。昨天23:03·海南回复1928展开102条回复阿哈哈哈.告你咋玩有性价比，来深圳，报个一日游的团，好像95一天，尖沙咀和维多利亚港热门景点全部带你过一遍，晚上回深圳住，就是暴走累昨天23:44·广东回复4693A-那么美那么美10年前去的.一碗面条55.记住住的12分钟前·辽宁回复臭臭去过的朋友来说一下是真的吗？茶餐厅500？昨天23:11·北京回复511展开317条回复墩墩澳门物价咋样老铁们，谁去过告我一声，香港暂时不去了昨天19:48·江苏回复2696n多年前去的，一件小衣服花了一千多块，回来一看咱们大连产的Jealous(_)我吃了一顿火锅，花了我1800B24HKS 1833.昨天20:51·山东回复677展开139条回复UU姐建议大家第一次去香港的，先来深圳，不要直接去香港。从深圳跟一日团去香港才几十块，而且基本知名景点包含在内了。对于第一次去的朋友来说非常划算，毕竟地铁费都不止这几十块了。9小时前·广东回复119小桃ZZ 遇上暴雨，711随便一把普通伞140，怎么没淋死我7-11-140.39标价161.00港币市场汇率1港币=0.876900人民币优惠离卡专京1币=0871989人民币11小时前·广东回复432展开56条回复斯带去北京还是去香港啊，下半年打算去旅游11小时前·湖南回复79,旅游,中性
转发,2025-08-18 16:54:46,【#我国医生救回身首离断患者#[哆啦A梦吃惊]】#医生救回严重颈椎骨折脱位患者# 据上海长征医院微信公众号消息，日前，在海军军医大学第二附属医院（上海长征医院）手术室内，一场与死神赛跑的高难度手术落下帷幕。骨科副主任、颈椎外科病区主任陈华江教授率领团队，历经3小时惊心动魄的精密操作，成功为一例遭遇罕见严重颈椎骨折脱位的患者实施了复位固定手术。这例“身首离断”式的大跨度颈椎脱位病例极为凶险，其成功救治不仅挽救了患者生命，更充分彰显了长征医院骨科在复杂危重症领域的顶尖技术实力与深厚积淀。患者李某因颈部遭受机械臂重击，导致颈椎瞬间遭受毁灭性损伤，当场高位截瘫、心跳骤停，经紧急心肺复苏才勉强恢复微弱生命体征。影像学检查结果令人震惊：颈椎发生极其罕见的大跨度脱位，其严重程度犹如“身首离断”，已造成脊髓严重挫伤、关键神经血管结构撕裂。雪上加霜的是，骨折脱位区域形成巨大血肿，双侧椎动脉均因损伤而闭塞，导致患者血压如同过山车般频繁骤降至约50mmHg的危险低水平，不得不依赖大剂量血管活性药物勉强维持循环。患者时刻游走在灾难性大出血导致休克、或椎动脉损伤继发致命性脑梗死的边缘。“手术台上可能下不来，但放弃手术则生机渺茫”，面对这前所未有的外科禁区挑战，患者家属将全部希望与信任托付给了上海长征医院。面对这一生命禁区的挑战，由袁文终身教授、陈华江教授、王新伟教授3位“上海市仁心医师”奖获得者领衔组成的骨科核心团队，第一时间联合急诊、重症医学科主任李文放教授以及麻醉科主任袁红斌教授组成多学科专家组。团队对患者的伤情进行了极其入微的评估，针对术中可能出现的每一种极端风险如难以控制的大出血、循环崩溃、脑灌注不足等，制定了详尽的应急预案和精细的手术路线图。手术台上，陈华江教授、王新伟教授与麻醉科王成才教授、傅海龙教授、羊海琴护士长带领的精锐麻醉护理团队紧密协同，如同在刀尖上起舞。在患者极其脆弱的生命体征监护下，专家们凭借炉火纯青的解剖功底和显微操作技术，小心翼翼地清除巨大血肿，克服严重粘连和畸形，最终精准地将完全离断错位的颈椎结构完美复位。尤为关键的是，团队创新性地应用了“卫星钢板”固定技术，在常规固定之外巧妙增加辅助钢板，为重建的颈椎提供了前所未有的超强稳定性，这一技术应用在此类极端病例中尚属首创。术后，患者恢复情况令人鼓舞：意识状态迅速恢复清晰，一度岌岌可危的生命体征逐渐趋于平稳，成功拔除了气管插管。更令人欣喜的是，患者已能在家人辅助下坐起，标志着其神经功能开始出现积极信号，现已转入系统康复阶段，为功能恢复带来了曙光。（观察者网）,艾特郊郊//////？？？太强了吧//[哆啦A梦害怕][老师好][老师好][跪了][跪了]//[哆啦A梦害怕]//,0,0,0, ,changZheng pinesurg 公众号·上海长征医院公众号·上海长征医院,其他,惊奇
转发,2025-08-18 16:59:11,我一直都坚定地认为节气图里呈现的内容就是世界观的一部分之前只有两个图看着有点矛盾，没想到怎么解释一个是明王的那张团队一个是小清凝抓萤火虫现在明王木头已经说不用担心了，所以明王这张图不矛盾了至于小清凝总觉得有一点“重生”的戏码在不是指死了又复活的那种重生，而是脱壳蜕变的那种重生?,老君和狗子好啊,0,0,0, ,Magazine fo Terms VOL.232024年1月6日发Yan Ming YRAR 独家专访：打造专业阴问团队小寒北乡里难始雄Magazine for24SolarTerms hmci COVER STORY 夏夜长河跟清凝去抓萤火虫吧！（抓完要放掉噢）#insect 夏虫大百科你喜欢什么虫子呢？#solarterm 大暑腐草为萤土润漏暑大雨时行,其他,中性
转发,2025-08-18 17:02:40,给老妈发消息问‘老家猫咪还好吗？结果她回传了这张照片—— ??,猪咪宝宝,0,0,0, ,愈の动物「实家の猫元氛？」母送写真null,其他,中性
转发,2025-08-18 17:05:21,土门！！#罗小黑战记# ??,哟！,2,0,0, ,,其他,惊奇
转发,2025-08-18 17:05:40,“小姨，你为什么不会飞？”“小姨，你头上的发夹能给我们戴戴吗？” ??,ee给买,0,0,0, ,,其他,中性
转发,2025-08-18 17:06:27,没时间解释了！快上车！ ??,来啦师傅,0,0,0, , ,其他,中性
转发,2025-08-18 17:08:34,湿敷#罗小黑战记[超话]##罗小黑战记# ??,谢谢小黑,0,0,0, ,,其他,中性
转发,2025-08-18 17:11:11,无限、少年时代（想像）#罗小黑战记[超话]##罗小黑战记# ??,妹妹头到公主切,1,0,0, ,13无限么幼年一少年期2025805,其他,中性
转发,2025-08-18 17:11:45,嗯……？Σ?_?)Σ?ì?_?í?) ??,颜文字真的牛批,0,0,0, ,,其他,喜悦
转发,2025-08-18 17:19:50,亲爱的～人间浪漫多像一朵花～#蓝溪镇##君清# ??,老君也是可爱宝宝,0,0,0, ,Tinlary,其他,喜悦
转发,2025-08-18 17:21:03,小猫偷吃玉米！ ??,没上去拉屎已经很有猫德了,0,0,0, , ,其他,中性
转发,2025-08-18 20:05:27,！哪来的造型师要害我们陈哲远啊啊啊啊啊啊啊啊啊啊啊啊啊啊啊 ??,寿衣风//，就是首服没带[允悲]衣服对花奇奇怪怪的//……服装师九族脑袋都不要了？,0,0,0, ,佛爷拍图关注，皇上来了56分钟前浙江momo又momo 唐朝真的有这种花色的吗？2分钟前浙江回复小科学家服装师是不是吃毒蘑菇了2分钟前北京回复浅浅酱像花园里的一块地17分钟前云南回复14momo 哈哈哈哈14分钟前福建回复展开1条回复十里笙歌娘啊这是啥4分钟前江苏回复Leslie-Z 多看这衣服一眼，就像我多吃了一口毒蘑菇14分钟前四川回复1,娱乐,愤怒
转发,2025-08-18 21:43:45,#罗小黑战记#师姐 ??,鹿野大人！,0,0,0, ,,其他,中性
转发,2025-08-18 21:49:40,一个中产家庭一年竟然要花这么多[并不简单] ??,怎么感觉是卖保险的广告…//[无聊]我反正已经没概念了，焦虑都排不上焦虑这个事儿，随手转发看看好好记账的j人吧//，微博霍起来更厉害。两口子一年挣25万，买着房买着车还能剩五万，还觉得虚无缥缈，那要能剩多少才高兴啊[二哈]评论里还一堆说这不算中产算脱贫[二哈],0,0,0, , ,其他,中性
转发,2025-08-19 09:23:48,小猫变身纯享#子夜归# ??,猫妖都是唐代的是吧//[嘻嘻][嘻嘻][嘻嘻]女主角居然是狸花猫,0,0,0, , ,其他,中性
转发,2025-08-19 10:41:55,这创意太绝了哈哈哈哈哈哈哈哈！ ??,看起来很辟邪了//,0,0,0, ,本多君关注SOLO GUANYUNCHANG 拉夫劳伦？不，是中国人自己的关公劳伦昨天发的评论大家反响热烈，所以就做出来了，想把这个开发出来，大家可以看下，哈哈哈哈#暂停下注邦升生L址培#十GUAN GONG SOE.0solo衫高密刺绣中国人自己的POLO衫,时尚,喜悦
转发,2025-08-19 10:42:24,真的很努力在卖包、手链和太阳镜了[春遊家族] ??,法国人：快把那些丑包给猪背上////,2,0,0, ,nullnullnull,其他,中性
转发,2025-08-19 13:35:04,当代互联网的矛盾有些是智力差异过大导致的，有些是封建臣民和现代公民的矛盾。当然，还有些两者兼而有之。 ??,兼而有之是常态//,0,0,0, , ,其他,中性
转发,2025-08-19 13:47:31,#奶奶疑孙女遭性侵砍人后获刑5年半#讽刺的是，猥亵、性侵儿童如果属实，这家人老老实实走法律程序，有的案件甚至都判不到5年。但家人自己惩罚猥亵犯人，他一条烂命，反而更“值钱”。 ??,我看直接砍死最合算//////,1,0,0, , ,公安,愤怒
转发,2025-08-19 14:10:42,最近湿度一高，俩猫都蓬起来了，变得圆滚滚毛刺刺。问了一圈养猫的朋友，原来毛质不同变化也不同，高湿环境下，有的猫蓬了卷了，有的猫油了塌了… ??,长毛猫都在北方是吧我家楼下一只也没有,0,0,0, ,nullnullnullnullnullnull,其他,中性
转发,2025-08-19 16:15:22,比格犬天生蔑视人类的眼神? ??,好宝宝,0,0,0, ,nullnullnullnullnullnullnullnullnull,其他,中性
转发,2025-08-19 16:17:33,我韩国学生看了非死不可的93阅兵流出照片后感叹，老师你们果然几千年了还是农业国思维，这么多先进的装备，也不出去抢啊……[允悲]我说，不对啊，我们国土这么大，也是自古以来打出来的 ??,高丽人做了是阿美利卡的狗以后就代入自己也是阿美利卡金了////，真要去抢了那不第一个就是抢你//？//[doge]////[吃瓜]//[doge],1,0,0, , ,其他,中性
转发,2025-08-19 16:42:05,休息时间～ ??,全世界最幸福的女人,1,0,0, ,,其他,喜悦
转发,2025-08-19 16:45:44,“老君的琼圆盾？”“保命的手段还是有的。”#电影罗小黑战记2# #罗小黑战记[超话]# ??,请老君加入第三部电影,1,0,0, ,,其他,中性
转发,2025-08-19 16:49:11,狗妈妈的孩子每一只都胖嘟嘟的[哇] ??,可爱哭,5,0,0, , ,其他,喜悦
转发,2025-08-19 16:52:57,看到有人说禁耽是为了结婚率和生育率，我觉得不是为了这个，这个是假的，是借口，是幌子，甚至婚姻家庭生育一切形式都是幌子，就是有些事不能倒过来。 ??,哈哈哈哈老登们认为苗条浓妆男在电视上撒娇卖萌有损果男的男子气概,11,0,0, , ,其他,喜悦
转发,2025-08-19 17:03:31,整整齐齐 ??,一家猫,0,0,0, ,VA74NAZA*,其他,喜悦
转发,2025-08-19 17:03:46,近期注意到，首页许多网友在遭遇人生波折或者心气不顺时喜欢拜拜、跨个火盆，给自己涤涤尘、鼓鼓劲。我们这里有个非遗级别的大火盆，这把火已经燃烧了上千年，希望能为你驱散阴翳，带去温暖。[爱你] #看见福建# ??,//////////////////////////，这把火已经燃烧了上千年，希望能为你驱散阴翳，带去温暖。,3,0,0, , ,其他,中性
转发,2025-08-19 17:05:18,一只猪咪向你跑来 ??,哎呀我被撞了，小奶要负全责,0,0,0, , ,其他,中性
转发,2025-08-19 17:24:34,#奶奶疑孙女遭性侵砍人后获刑5年半# 奶奶应该是有极速又短暂的精神病，开个证明免责就行反正我看别人都这么干的 ??,奶奶肯定是精神病,0,0,0, , ,其他,愤怒
转发,2025-08-19 17:40:38,看到有人说禁耽是为了结婚率和生育率，我觉得不是为了这个，这个是假的，是借口，是幌子，甚至婚姻家庭生育一切形式都是幌子，就是有些事不能倒过来。 ??,李逵：哥哥～～////，哈哈。//有损果男的男子气概,0,0,0, , ,其他,中性
转发,2025-08-19 18:04:05,呵呵呵，你们自以为是的男频拍出来就是耽美，看你们怎么半。 ??,嘿嘿嘿//，男频才是耽美,2,0,0, , ,其他,喜悦
转发,2025-08-19 21:31:48,想把自己的被子从洗衣机里救出来的小狗 ??,黑熊精宝宝,0,0,0, , ,其他,中性
转发,2025-08-20 08:12:26,鹿野做任务飞到小时候跟师父住的村附近，低头去看发现只剩一片草木葳蕤。她很感慨，想到以前读到的一句话就发了条朋友圈：“你可以回去但那里已经没有人了。”然后继续飞去执行任务。收工后打开手机，朋友圈收到一些点赞和一些评论，鹿野回复了几条，返回到聊天页面，发现无限难得给自己发消息了，而且居然还是一张自拍。。当然拍得毫无技巧可言，但鹿野看出背景是自己在悬崖上搭的小屋。无限：这是人。鹿野发了个？又发来一张，地上的老母鸡带着一群小鸡崽。无限：这是鸡。鹿野：……紧接着又收到一段视频，小黑冲镜头笑得超可爱，喊着师姐师姐！无限：这是猫。鹿野看了两遍把视频保存下来，刚想问你到底想说什么？字都打好了，无限：回这里也可以啊。无限：有人有鸡还有猫。……鹿野心情复杂，发了串省略号过去。无限：小黑也说想你。鹿野看到这句冷笑一声，雕虫小技！这一头的无限看着聊天框上显示的“对方正在输入……”等了一会儿，终于收到回复。鹿野：这次知道了。鹿野：但下次一定屏蔽你。无限秒回：好。过了一会儿再点进鹿野头像，发现鹿野已经把那条朋友圈删了。,小猫想你，小鹿野大人,1,0,0, , ,其他,中性
转发,2025-08-20 08:13:50,#电影罗小黑战记2? ?#水绿色～ ??,漂亮死了,0,0,0, ,,其他,喜悦
转发,2025-08-20 08:14:35,“天啊，午餐居然活过来了！”[淡淡的][via ins] ??,奶牛猫最生气,0,0,0, , ,其他,中性
转发,2025-08-20 08:14:54,真正的英雄主义是明白了活在这个社会长根吊有多少好处但还是希望自己永远是女性 ??,转发微博,0,0,0, , ,其他,中性
转发,2025-08-20 08:45:10,无…无限？！这张照片乍一看，也太像了吧[泪奔]连配色也对应上了！#罗小黑##罗小黑战记# ??,无限,1,0,0, ,东D006026,其他,惊奇
转发,2025-08-20 09:40:45,#困在过敏里的2亿中国人能治愈吗# 近20年来，过敏性疾病的患病率不断攀升。在中国乃至世界范围内，越来越多人正在承受过敏性疾病带来的困扰。世界过敏组织（WAO）2013年发布的《过敏性疾病白皮书》指出，全球过敏性疾病的患病率预计为10%至40%，其中包括4亿过敏性鼻炎患者，3亿支气管哮喘患者，2亿至2.5亿食物过敏患者，1.5亿药物过敏患者等。在国内，以过敏性鼻炎为例，北京同仁医院教授张罗的团队曾先后完成了两次过敏性鼻炎全国电话流行病学调查，结果显示，2005年到2011年，中国过敏性鼻炎的患病率从11.1％上升到了17.6％。本刊接触了十几位有过敏相关症状的患者，他们中，有人在长达十几年甚至二十年的时间里饱受过敏的困扰，却至今没有得到有效治疗。这背后是与之相对应的变态反应学科缺人缺药的难题。（作者｜黄梦琪）,健身健身，绝对有用，仨月就能有感觉,1,0,0, ,困在耳鼻喉科的患者从有记忆开始，曾怡萱就经常鼻子不舒服，鼻塞、打喷嚏、流鼻涕是家常便饭。喷嚏一打就停不下来，“小时候奶奶说一个喷嚏就代表一万岁，我每次打喷嚏，奶奶就在旁边跟着数，”曾怡萱说，“万岁，万万岁，万万万岁经常是奶奶已经数不过来了，我的喷嚏还没打完。”一连串七八个喷嚏，曾怡萱打得脑子发懵，“有时候感觉耳膜都要打破了”。曾怡萱今年21岁，一直生活在武汉，她是一名过敏性鼻炎患者。一旦发作，鼻子也痒，流的是清水，她一天带一整包抽纸到教室也不够用，有时上课来不及扔，抽屉里都是擦过鼻涕的纸巾，鼻头很容易就被擦破。眼睛也跟着受累，每次都痒到睁不开，她忍不住用力揉，揉了就更疼，直想把眼睛抠出来冲洗。《风光大嫁》剧照发作大部分时候是随机的，如果一定要说有什么规律，每年秋天武汉的空气里都飘着梧桐的飞絮，黄色的、毛茸茸的，直往人脸上扑一一这时，曾怡萱觉得鼻炎也会严重一些。很小的时候，曾怡萱就习惯戴口罩了。但困扰不止是生理上的。曾怡萱至今还记得，小学时有一次课堂上，同学都在读书，只有她不停地打喷嚏、鼻子，“老师突然说每个人都在认真读书，只有曾怡萱一个人在摸她的鼻子，让我滚出去。”为了治疗鼻炎，父母曾带着曾怡萱几乎看遍了武汉市的耳鼻喉科。曾怡萱还记得，在一家民营耳鼻喉医院，医生拿一种激光仪器在曾怡萱鼻子里插了40分钟，一个疗程下来5000块钱就花掉了。她也试过中医，有一段时间，曾怡萱每到夏天就去中医院贴膏药，八张膏药片将背部完全覆盖，一个月不能洗澡，她身上总是臭烘烘的。不过这都没有用。后来，家里人就不再带曾怡萱看医生了，鼻炎再发作，她就只能自己扛过去。制剂缺乏在医生的诊室里，很多刚来就诊的患者，会向他们讲述自己对过敏原的判断。比如，有的人会提到，自己收拾旧物激起少量扬尘时，鼻炎尤为严重，他据此判断，自己的过敏原可能是粉尘。一位在北京读大学的患者表示，自己鼻炎发作的必要条件，是春天、杨絮和800米长跑，她还特别提及，只有在北京她才会酒精过敏。我每天要做两次清洁和吸尘纪录片《过敏症：现代生活和我》华中科技大学同济医学院附属同济医院过敏反应科主任祝戎飞告诉本刊，有时候患者的感知与客观情况之间的偏差非常大。比如，有人认为自己对冷空气过敏，接触冷空气就鼻塞、鼻痒，但是冷空气并不是常规认知的过敏原，引起过敏的可能是尘螨、霉菌、花粉；有人说自己对葱、姜、蒜过敏，但检测后发现过敏原其实是鸡蛋、小麦或者牛奶；药物引起的过敏和不良反应也不一样，吃了药肚子痛，可能只是服药后的不良反应。对于过敏患者，只有检测到了过敏原，才能采取针对性的预防和治疗措施。祝戎飞所在的过敏反应科近期收治过一名患者。患者面部反复发生皮炎，红疹痒得难受。据这位患者描述，他在武汉市多家医院的皮肤科看过病，但用药只能缓解症状，皮炎仍然多次复发，“像不死的癌症一样”。科室医生询问后得知，患者皮炎加重的规律与他洗头发的频率一致，经过敏原检测后，患者才知道自己是对洗发水中的一种防腐剂成分过敏。《举重妖精金福珠》剧照但找到过敏原并不是一件容易的事。要找到“元凶”，医生第一步就要从患者的生活环境和生活习惯开始详细询问：住在哪里，周边专业人员的短缺在中国乃至世界范围内，越来越多人正在承受过敏性疾病带来的困扰。世界过敏组织(WAO）2013年发布的《过敏性疾病白皮书》指出，全球过敏性疾病的患病率预计为10%至40%，其中包括4亿过敏性鼻炎患者，3亿支气管哮喘患者，2亿至2.5亿食物过敏患者，1.5亿药物过敏患者等。在国内，以过敏性鼻炎为例，北京同仁医院教授张罗的团队曾先后完成了两次过敏性鼻炎全国电话流行病学调查，结果显示，2005年到2011年，中国过敏性鼻炎的患病率从11.1%上升到了17.6%。《佳期如梦》剧照站在医生的角度，高翔也明显觉得近年来过敏性疾病患者人数增多、发病年龄变小的趋势明显。2018年刚刚建科的时候，高翔所在科室的门诊半天能看10到15个病人，现在，半天的门诊病人增加到了35到45位。到了周日，高翔与同事两人出诊，每人一天下来最多要接待100多位患者。她发现，患者里有约五分之一是婴幼儿，最小的患者在出生后八天饮用早产儿奶粉就发生了过敏性休克。“我们做检测发现，这个宝宝血液里的牛奶slgE 已经达到了二级的水平。”高翔说，“这说明过敏的进程其实从生命早期，甚至可能在宫内就已经开始启动了。”高翔说，除遗传具有易感基因外，两岁以下婴儿的肠道菌群没有完全建立，过敏原容易通过不完善的胃肠道屏障进入体内，而此时婴儿的免疫功能也尚未发育成熟，容易发生免疫功能的偏移，从而产生过敏反应。高翔告诉本刊，过敏人数增多，有一个解释被称为“卫生假说”，即现代社会消毒灭菌物质的使用，使人们的卫生水平提高了，孩子们从小生活在清洁的环境中，感染的机率降低了，同时也减少了接触生物和菌群多样性的机会，而这种接触其实能够对人体的免疫系统起到有益的作用，比如有些研究发现，经常接触农场动物的孩子比那些从不接触的孩子，哮喘和花粉过敏的发病率要低，生活,其他,中性
转发,2025-08-20 14:33:58,没什么事就是告诉大家瑞典成为无烟国家了333wjx ??,你大爷的,2,0,0, , ,其他,中性
转发,2025-08-20 17:14:37,人，借你头发躺一下 ??,谢谢奶帮忙熨头发,2,0,0, ,,其他,中性
转发,2025-08-20 19:08:21,给你个眼神自己体会 ??,海豹,1,0,0, , ,其他,中性
转发,2025-08-20 19:09:30,猫咪在300平大床上睡着了[awsl] ??,两个苍耳,0,0,0, ,,其他,喜悦
转发,2025-08-21 11:20:33,#罗小黑战记[超话]# “木头，我是你的催更人”截断到属于是想吃什么自己画的程度了(? ? ?? )#罗小黑战记##电影罗小黑战记2# ??,笑死,0,0,0, , ,其他,喜悦
转发,2025-08-21 13:04:50,可爱? ??,大脑斧,0,0,0, ,,其他,中性
转发,2025-08-21 13:06:15,世界的隽久与残酷直抵胸膛，溅起火光般的诗行用「适诗」进行一场对生命庄严的誓师适我之诗 适我之誓 适我之适 适我之生8月22日 10:00 「适诗」即将上线#适界那么大# ??,老弟你要干啥,0,0,0, ,世界的是久与战醒诚起火义教诗了AM10:0020258/22Asoul performing,其他,中性
转发,2025-08-21 13:19:44,不愧是奶牛猫 #和猫住##猫咪消防员##领养代替购买# ??,一屋子奶牛猫，谁幸福了,0,0,0, , ,其他,中性
转发,2025-08-21 15:45:40,郑州人想退房都想疯了。我的咨询里面，有一半是房屋质量，各种裂和漏水，有一半是烂尾楼，烂尾楼里10个有5个是郑州，还有2个是郑州周围的河南其他地区，最后3个全国合起来。郑州保交楼口号喊得最响亮，但是盖不起来、盖到一半强行交的房子，怕是很多都在郑州。咨询的绝大多数，都是想自己悄悄地退，想在我这得到什么高招。我说你们得组织，他们就给我抱怨，一抱怨邻居们不团结，二抱怨邻居们愚蠢，三抱怨上级打压，四抱怨法院不公，我听得多了，有时候会回怼两句，我想告诉他们，你们打电话找我咨询，我也没收你一毛钱咨询费，你没必要和我辩论，我说什么你反对什么，没有任何意义。还有一些行动派，有从北京、南京、上海、深圳回老家维权的郑州人，这些人在过去几年前赴后继，回去组织业主维权，基本都是失望至极，表示以后再也不回郑州。有一直在反复、不停起诉的郑州人，有的是接力赛，你输了我上，我输了你上。也有运气好，在保交楼前夕赢了官司，保全了监管账户的幸运儿。有输了一轮又一轮，打完一个一审二审再审，隔了一年又立案的。什么情况？2022年到2025年，小夫妻起诉之前，郑州可能一套房子都没退过。我不客气的说，我们从全国烂尾楼审理的情况来看，郑州这种特别极端的司法黑洞，覆盖面最大最广，做事风格极端，可能就相当于烂尾楼“放开”最晚的一个洼地。这事要从22年说起。2022年开始保交楼，保交楼专班，主导是住建系统。住建系统对烂尾楼的认知，就是老百姓一旦退房，或者起诉要违约金，就有可能去保全监管资金账户，导致原来剩余的购房款、纾困资金以及白名单贷款，这些原本要用来盖房子的钱被拿来退房子。（其实这个是个错误认知，因为就算查封了监管账户，按照现行规定，只要住建不同意，这个钱是不可以执行的。过去是可以执行的）像郑州，买房的时候一平米一万五六，盖房子一平米可能一千五六，也就是说，退一套房子的钱能盖十套房子。所以领导就不允许退房。但是法院下判决的时候，他不会这样写。只有个别的法官会在判决中说，是保交楼专班不同意退房，所以不能退。因为这又涉及到了政府领导的责任问题：行政不能干预司法。于是双方形成了一个默契，就是你问保交楼专班，我起诉退房行不行，保交楼专班说，行政不干预司法，想告就去法院告。于是，等你真的去法院告了，又会被各种判败诉。败诉的理由五花八门。有说你房子能盖好，法院为你好别退。有说疫情影响、大气影响，不可抗力，延期多少天多少天都不违约的。（起诉的太早）有说你过了除斥期的。（起诉的太晚）我说的这件事是不是事实，其实非常容易区分，因为法院判决文书全部都是公开的。你可以从2003年出台了《最高院关于审理商品房预售合同纠纷若干问题的司法解释》（双解除的规定来源），一直看到2022年，之前怎么判，之后又怎么判，就可以理解，今年7月入库的双解除案例，实在是法律原本的样子。郑州应该是最后一个“放开”的城市，因为我们在全国各地，去年就陆陆续续的拿到双解除的判决，包括河北，包括陕西，就是这些省份都能支持双解除，唯独郑州依然坚持不给退。郑州在2022年到2025年7月，从公开的数据库上，一个退房案例都没有。直到2025年7月7日双解除入库之后，突然小夫妻就发了抖音，说他们退房立案进去了，并且以一个相对而言非常快的速度缴费开庭。他们的影响力，给法院出了一个难题，如果堂堂正正的按照法律判，就应该让这小两口退房、停贷。这样开了一个口子，给所有等着退房的郑州市民一条活路。可以说，小夫妻这时候突然杀进来，算是给郑州的法治环境照进了一束光。为什么说是活路呢？因为郑州的保交楼禁令，应该并不是一直存在的，据我所知，虽然过去三年全郑州法院都不给购房人退房，甚至不立案，但是银行起诉业主的案子，是打的飞起，早就放开了。只要保交楼一宣布交房，哪怕是没有手续，哪怕是小区一片狼藉，哪怕是10栋楼只能交3栋，哪怕是地下室都没修，哪怕是临水临电，都不影响传票如期而至。郑州有很多有意思的房地产特色，比如，他是全国极少数还有大量首付贷的城市（在全国绝大多数地区都因为违规而严格禁止），他也是要求购房人必须花钱请担保公司给银行按揭贷款担保的城市。以我对全国范围内其他城市房地产政策的了解，郑州的房地产是非常有特色的。既然话都说到这里，就多说几个，郑州是全国少数所有网签都是预告登记的城市，郑州是少数交房就办证的城市，郑州是在北方城市中小区绿化做的最好不像北方的城市。这些特点，是有优有劣。但是一万个优点，抵不上一个缺点，就是对购房人过于残酷、对开发商太好。保交楼三年，大部分购房人日子也不好过，经济大环境不好，就会有人失业、减薪，有人没活到房子盖好，有人因为买房分手了，有人得了重病。这些购房人，因为各种原因无法还贷款，由于房子烂尾了，所以他们是因为维权断供也好，是真的还不上也好，是因为不懂也好，总之，不还贷款的业主比例相当的高。这房子，不交还好说，可以一直拖着不还贷款，一旦房子能交了，保交楼专班一句话，银行就扣担保公司的钱，担保公司就起诉业主。一旦起诉，就是胜诉，一旦胜诉，就意味着用现在的市场价的房子法拍，抵不过银行贷款本金利息的零头，郑州的房价早已跌穿，如果不让这些购房人起诉开发商（商品房预售合同纠纷），那么就意味着他们只能在借款合同中当天然的违约方，他的首付也拿不回来、贷款也还不清，房子也没了，这么大规模的人群，不逼死几个是很难想象的。有一天，又是郑州的购房人来咨询我。我给业主讲解法律规定，组织建议，业主跟我说，徐律师你自己也要注意安全，我们业主在群里讲这些，都被警察打电话警告了。我说我全国到处做咨询，这些话天天讲，别担心。话音未落，收到了一个短信提示，说我是疑似诈骗。客户也收到了这个提示，提醒他防范我。我真想把郑州的咨询全屏蔽了，尤其是郑州人里面，虽然有很多明事理的业主，但是还有相当比例的蠢货，给他们免费帮助还要被他们怀疑，明明是他们找我咨询的，搞得我好像坑了他们一样。我真想把郑州的咨询全屏蔽了，但是我的同情心不允许我这样做，哪怕我已经非常忙了，我知道郑州所有的电话对我而言毫无意义，对他们而言也只是苦难，知道真相，他们恐怕也做不了什么。但是小夫妻就不一样了。其实在很早之前关于他们的文章里，我一般不愿意去批评一个具体的人，更愿意批评一个组织。我认为小夫妻应该把他们的注意力放在烂尾楼的维权上，而不是把重心放在要2万块钱，否定烂尾楼烂尾，毕竟融创城6期每年都是年底交房，每年年底也没交房。现在小夫妻的起诉，给郑州法院送了一道选择题，是选择法律，还是选择政治。是依法治国，还是搞权大于法。本来文章写到这里就很足够了。但是还要多写两句，因为傻瓜实在太多。1、烂尾楼退房，钱也有房子也有，不退房才是钱房两空。2、2003年~2022年，以及2024年之后，双解除都是可以的，不允许的原因就是政策因素。3、在历史上，关于烂尾楼能不能退房的政策，一贯是房价上涨想方设法交房（2014、2015），房价下跌保障老百姓能退房（2002、2003），最高院的态度是非常明确的（2023年1号解释）。4、烂尾楼允许普通人退房，银行不会因此垮掉。前面3点我在其他回答里已经多次解释，在此不再赘述，关注我的朋友都可以替我回答评论区的疑问了。关于第4点，就是总有傻子认为，退房了银行就完了，这是大错特错的。一个房子烂尾了，卖不掉，银行的贷款就是收不回来，这里说的银行并非只有给小业主贷款的银行，其实给开发商贷款的银行才是大头。保交楼排斥破产程序，会导致整个债务周期搞得过长，影响了第一家金融机构的退出，会增加极大的资金占有成本，同时，为了把房子盖好，白名单的银行和国开行的资金会进去，这些钱进去了退不出来，因为保交楼盖了个破房子、烂小区。他们对购房人说，容缺竣备、强行收房，但是他们没办法给二手房市场的买家一个交代，就是没有人会傻到去买这样的房子，这就等于变相的把剩余货值牺牲掉了。保交楼专班会为了完成保交楼认为，把烂摊子玩命往后甩，房屋质量、房子验收、房屋保修、房屋产权、施工方债务、银行债务，统统甩给未来，反正我只管我自己。金融机构在这里头扮演的角色，可以说是一点儿也不能实现自身的利益诉求。至于那些按揭贷款的银行，在业主真正断供之后，他们大规模的起诉收割业主，本身也是极其有争议的。我们地方政府也好、法院也好，一个一贯的思想就是要维护社会秩序的稳定，所以到底把起诉断供业主这个事情，在立案执行层面放开到什么程度，是这个硬币的反面。如果你从公平公正的法律角度说，银行本来就应该承担这个风险，业主的购房款无论首付还是尾款，无论解除还是履行，都应该是优先保障的，最高院说这个的时候提到了一个概念，叫生存权。就是你银行失去的只是钱，老百姓损失的是命。所以原本的法律设计，就是房子烂尾了，银行必须承担损失。如果你不想承担，你为什么不老老实实的审查贷款，放到监管账户，把监管账户看好了，是因为法律不允许这样做吗？如果真的是银行的利益最重要，不能让银行吃亏，那放那么多白名单贷款去保交楼，难道是闲得蛋疼吗？我们的评论区有很多人，脑子特别奇怪，他们分析问题，总是搞一些权谋、计策，好像有一盘大棋一样。我们的政府也好、银行也好，不是一个人，是大群人，不存在一个什么刘伯温、房玄龄，藏在幕后天天谋划这个谋划那个的，每个人都在自己的位置上，按部就班的履行他的职责，表达他的诉求，或者谋求经济利益，或者谋求政治前途。只有无聊到抠脚的看客，会把一个复杂到难以想象的复杂社会，压缩成一本三国演义，以为靠一两个人运筹帷幄指点天下。郑州这地方，不知道为什么，让我特别厌蠢。不是说郑州市民蠢，而是围绕着郑州的话题，总是会招来很多愚蠢的声音，这些声音过于响亮，以至于常常会实实在在的给购房人带来实质性的伤害。比如什么，退房了，开发商没钱，执行不了，钱房两空。我就看不了这种话，我特别讨厌人说话没有脑子。但是只要你提这个话题，评论区这种声音就跟癞蛤蟆一样，呱呱呱的一大片。,我们这里人最讨厌去河南做生意，做过的都上当////[无聊]//？之前信用社的钱也是那边的，感觉还是有些系统性风险。不抓紧解决的话，又要有人跑出来说中州民俗多忠厚，务使和平莫太严了//，盖到可以预售的层数，再用预售款建设，房企实际上也没钱，市场变冷后自然就运转不下去了。//,0,0,0, , ,司法，政务,愤怒
转发,2025-08-21 16:06:48,帝限 ：历史同人（完）*罗小黑 ??,小黑懂事//[期待]//！//[色]就好这口[抓狂]//,1,0,0, ,17:44川备忘录2025年8月4日17:44猫在看书，看得感慨万千：“我就知道我的师父有很多秘密。”师姐：“对。”猫：“但我不知道他曾经是兴帝的爱人。他醉卧牡丹花丛，用利刃削下兴帝的一缕头发，颤声问道，当年杏花微雨，你说你只是一个普通人”师姐：“不对！！！！”无限本人在极为偶然的情况下得知这城市正在进行举办历史向同人only他只知道这里有个会展中心，他今日需要找到隐藏款妖精。这任务看起来没什么难度，他带着猫一块去了。猫本来也没有什么疑心，他甚至拉了拉师父的衣角，快乐地说：“师父，那个人看起来跟你很像！”无限顺势看了一眼，看到了条幅若干：《君臣还是帝后我自有分辨》《朕要这天下呼唤你的名字》《无限之凤仪天下》《就这个有据可考的血糖爽！！！！》猫逐渐回过神，他颤抖地看向无限的胸口。猫：“我，我之前是不是在你身上踩过奶.无限缓缓道：“没有。不能。你想多了。”20:16备忘录猫：“听说兴帝终其一生，也忘不了你那一双忧郁的眼睛。”无限：“我没有忧郁。”猫：“听说你逃出皇宫，被兴帝通缉；你逃，他追，你插翅难飞。无限：“我没有逃！”猫：“听说你和兴帝也是一款小伙为何爱老头。”无限：“他一点都不年轻！！”猫：“对不起，师父，你也不老。猫：“师父，师父，你能不能告诉我兴帝为什么用你的名字当年号？无限：无限：“我不知道。15:505G 备忘录2025年8月5日15:50池长老非常震惊：“你们吃错了什么药，竟然在看书？”乙：“师父，会馆妖精说，无限大人遭遇了人类的精神攻击。那可是无限大人啊！我们费了不少功夫才找到其中的一些书籍，正在仔细研读，想知道他到底为什么会受到精神伤害。”池长老：“哦？书上是失传的秘籍，还是邪道的法术？”甲面无表情地念道：“无限试图逃离皇宫，被兴帝抓了回来。无限坐在秋千上，看着高高的宫墙和天边的飞鸟，凄然地笑了。”池长老：？乙：“你那个不对，兴帝不会这么对他！”他哗哗翻书，大声道，“无限大人之所以在兴帝驾崩后成仙，是因为兴帝让他以亚父身份辅佐太子，而太子知道如果不杀了这个小妈，自己继位后根本无法主持朝政；无限如果不成仙离开皇宫，迎接他的将是腥风血雨，国将不国！”池长老：.？甲拿起另一本，面无表情地继续念道：“无限带着剑走到兴帝面前，为了表示自己无意伤害，他徐徐解衣，直至身无半缕，以示没有凶器。这一幕在兴帝心中留下了深刻的印象一一个武艺高强的男人，如此坦然地站在自己面前，以红梅和白雪为背景，眼神明亮而镇定，在寒风中纹丝不动。”池长老：?？？？乙连连摇头：“不对，不对！”他用力指着自己手里的书，急切道：“据可靠的野史记载，无限，是兴帝给年号取的新名字，象征着他和无限大人被众人瞩目的感情。我要给他更多，这是兴帝此时所想的。他害怕自己失去无限，即使最后是无限失去了他。绝望的成仙。”芷清：“你这段野史里好像掺了不少真的。”乙骄傲地挺起胸口。11:58备忘录池年在噩梦中惊醒。他梦里的无限一会儿醉卧海棠花下，一会儿得胜归来被兴帝亲解战袍，一会儿嘴边流血倒在地上，伸手抚摸兴帝的侧脸，一边吐血一边笑着说：“修仙不能动情，我在你身边多年，终究要有这一刻..是命，不公平的命，指使我来的池年大吼一声从床上坐起来，冷汗涔涔，咬牙切齿，放声嘶吼。他一大早冲进会馆，西木子早已经在那，正在玩游戏。“我受不了了！”池长老怒吼道，“历史上的无限到底是什么样？！”西木子转过自己手机。那上面的游戏界面写着“基于真实历史改编”，几个俊男靓女正在上面一字排开。“无限的角色池正在up.”西木子说道，“无限Saber拥有传统的男性古风形象，无限Shielder 可以弹开子弹，无限Alteregos是个高马尾的少女，曾被皇帝亲自修改了史书上所有可能暴露她身份的痕迹池长老：“…少女。”西木子笑道：“等会无限本人会来会馆，你为什么不当面问问他？”817:23备忘录2025年8月7日17:23池长老已经在西木子那儿栽过跟头，他听到狐狸的建议后高度警觉，当即决定背其道而行之。他直接到了之前给无限本人带来精神伤害的历史同人only现场。来得最早的摊主正在从箱子里往桌面摆本子，忽然感觉眼前一道山一样的影子站在了面前，摊主抬起头。这是我能看的吗。摊主倒吸一口凉气。“你就是历史同人爱好者的一员？”池长老冷淡地问，“你们的大本营在哪？”摊主：“”摊主：“知网？”无限本人来到会馆，发现会馆的众人皆欲言又止。鹿野察觉了气氛不对，她立刻走到无限前面。无限：“无妨。”西木子笑着走上来：“没什么事，池长老去学习了一些历史知识，会馆内的妖精有些年长的，正和他一同回忆当年的一些记忆，只是越是回忆，越是感觉混乱；而年轻的妖精们求知若渴，显得有些急躁罢了。鹿野不由得皱眉。谁在学习？池年？甲主动走上来，道：“师父仍在苦读，我有几个问题，想问问无限大人。”无限淡然背手，道：“问。”甲：“其实可以不用当着所有人的面.”无限心神宁静，坚不可摧。他缓缓道：“问。”甲抽出一沓资料，念道：“根据本篇论文摘要，当年的江洋大盗素回乃是无限的孪生兄弟。兴帝欲效仿飞*、合*姐妹之事，令无限、素回兄弟二人伴君；兄弟为主动争夺帝王之心而争斗，素回败而离宫、又被兴帝通缉，充分暴露了封建君主专制下权力高度集中，皇权缺乏有效制约的制度性缺陷。鹿野：？13:52川备忘录2025年8月8日13:52乙：“不对！”他急忙抢到甲前面来，对无限连连道歉，“历史学界对这篇文论早有争论，认为这篇文章过度强调制度因素，低估了无限大人您的主观能动性一兴帝将您强行囚禁在皇宫的做法，完全脱离了您剑圣的身份，他不可能这么做！无限：“.对。”乙：“所以另一篇文章显示，您和您兄弟二人都是自愿被关在皇宫的。”无限：“”芷清看不下去了。她将甲乙都拉了回去。“您没有兄弟。”芷清正色道，“任何一个经历过那段历史的人都知道。”无限沉默良久，默默点头。“历史学界一直有个疑问，”芷清道，“兴帝只有“无限'这一个年号，因此他又被称为无限皇帝”。考虑到您的名字和年号相同，有人认为兴帝有意与无限大人您分享皇位。”无限：“他已经给我封地了。”芷清笑了笑，道：“很多人想知道，兴帝是不是偶尔会邀请您坐上他的皇位。兴帝毕竟是皇帝，而他对待您这位好友的方式让很多专家学者摸不清头脑。“皇位？不。”无限回忆片刻，道，“他只是偶尔会派人请我去他的寝宫。现场忽然一片寂静。正在历史同人only出摊的摊主忽然打了个寒颤。正在买本子的人关切地问道：“您好？”“..没事。”摊主喃喃道，“我总感觉我下个月的论文有着落了。”16:38三备忘录2025年8月10日16:37无限五十七年，夏，阑风伏雨。兴帝斜倚着厚重的锦褥，偶尔发出压抑的咳声。他今天精神不错，喘息不再像是胸腔深处破风箱般的嘶鸣。孙锐久在相位，早已经不再年轻。他敏锐地察觉到皇帝这不正常的清醒，站直起身，走到近前。兴帝转过头，朝他点头，缓缓道：“让无限过来。”“您不能让他独自听遗诏！”孙锐立刻反对道，“陛下，您比任何人都明白，这会将他推到风口浪尖—“朕只是要跟他聊一聊。”兴帝说道，似乎觉得孙锐此时的慌乱很有趣。“你以为朕要跟他说什么？”孙锐一时间哑口无言。他是最早一批跟随兴帝起兵、立国、兴业的旧臣，也是兴帝和无限共同的旧友。他本来就不该掺和他们之间的事——至少到目前为止，这对君臣并没有越界。“朕几个月前听说民间有些新的话本。”兴帝精神不错，他回忆道，“朕这次也让人寻来看了看，那上面说，朕上一世救过一条青蛇，那蛇修炼成人形，法力高强，样貌出众，这一世特来报恩；有寺院的和尚劝朕不要沉迷于他，结果朕不听劝告，阳气才一天天被吸走孙锐：“陛下！！”“这至少说明百姓并不希望朕死了。”兴帝咳了一声，道，“无限也没闲工夫去看那些话本。几年前还有写他是女扮男装的，一时间洛阳纸贵，他本人也没察觉。孙锐眉头紧皱，道：“陛下，您需要休息。”兴帝看向自己这位旧臣和旧友：“你去叫无限来。朕这么多年没有做错事，这次自然也不会做错。朕让他来，是要削他的官职，让他离开京城，让去求仙问道。孙锐一愣。“他只有二十岁的时候，就能一人克一城。”兴帝又咳了几声，有些费力道，“朕不担心他功高震主，但朕要死了。如果朕走后，无限突然获罪，被抄家枭首，你也保不了他！”孙锐凝视面前的皇帝，沉默良久，道：“陛下，无限如果成仙，他就会几百年、几千年地活着。”“对。”兴帝缓缓道，“他会遇到更多的人，遇到其他妖或者仙；他会看到越来越多关于他和我的解读，越来越多，积石成山，直至某一瞬间，他终于开始疑惑我们曾经之间的相处，直至无解的困惑将他带入无解的伤感。他咳了起来，用手抹掉咳出的一些血沫，他凝视窗外的骤雨，低笑道：“但愿真的有那么一天无限，你何时也尝尝夜不能寐的滋味。,政务,中性
转发,2025-08-21 16:34:11,人，来救一下呀！ ??,路过摸一下肚腩,0,0,0, ,,其他,恐惧
转发,2025-08-21 16:45:02,趣闻：仓鼠吸人（强档） ??,到处乱嗦,1,2,0, ,八么吸(强）,其他,中性
转发,2025-08-21 16:59:38,忧郁的眼睛真的来了（） ??,檀健次给配音呢，司马昭作何感想[哈哈]//[doge]//，易中天你是真的发力了,0,0,0, ,曹操字孟德去日苦多三国星空，十月一日全国上映编剧/监制易中天,娱乐,惊奇
转发,2025-08-21 17:11:39,被小猫当成阿贝贝是一种什么幸福体验?? ??,偷着乐吧，我看你炫耀呢[怒][怒][怒],1,0,0, , ,其他,喜悦
转发,2025-08-21 20:32:40,649【啊啊啊】太会起名笑得我发颠了要。。。 ??,感觉就是马野一样的人，平时吃太干净，偶尔一顿放纵餐就爆了，正常健身不要走这条路，最后就是很大只的纸包鸡//，笑死我了////[允悲],0,0,0, ,14.3万2.6万3643弹榴莲亿层）15.4万第105集|今天放纵日，榴莲亿层登场一#妈呀太香了#嘎嘎好吃#榴.展开2023-8-2418:05IP属地：河南32.7万6.4万8200弹半熟巴士啊（增肌中）一三章节22.7万第98集|今天放纵日，半熟巴士登场了#美团外卖神抢手#放纵餐#美展开2023-7-2817:00IP属地：河南章鱼篮球35.1万1.5万弹7462橱窗努力的橙子（增肌中）的.（增肌中）8.0万第74集！《这个叫什么》#健身#妈呀太香了#放纵餐#美食#减脂2023-6-1211:28IP属地：河南合集·放纵餐合集（更新中）雪媚老祖5.0万9119弹1408（增肌中）第37集|减脂第73天：放纵日午餐，雪3.8万媚老祖即将退场#放纵餐#减脂展开2023-4-2917:12IP属地：河南该行为存在风险，请勿轻易模仿合集·放纵餐合集（更新中）11.8万韭菜房子啊1.6万2307弹（增肌中）三章节6.0万第101集|今天放纵日，韭菜房子登场了一#放纵餐#美食#妈呀太香了#.展开2023-8-418:46IP属地：河南合集·放纵餐合集（更新中）22.4万2.2万浴巾卷登场了弹5152橱窗|努力的橙子（增肌中）的..）7.6万第94集|浴巾卷登场了一#妈呀太香了#吃货#放纵餐#美食#大口吃肉2023-7-2018:19IP属地：河南6613万17.4万弹2.5万橱窗圣村精我这增子有点小（增肌中）100.1万第76集|全村桶登场啦，我和家里人一大早起来烹饪，一直到下午才.展开2023-6-1420:28IP属地：河南25.6万惠灵顿牛棚3.6万6138弹）三章节16.2万第102集|今天放纵日，惠灵顿牛棚登场一#妈呀太香了#放纵餐#健..展开2023-8-1017:21IP属地：河南16.3万2.6万4362弹上校鸡舍啊）三章节15.7万第103集|今天放纵日，上校鸡舍登场#放纵餐#妈呀太香了#美食..展开2023-8-1819:05IP属地：河南,其他,中性
转发,2025-08-21 21:48:57,为了犯懒我在切不十分好洗的食物时会在案板上放一张厨房纸。切十分不好洗的食物时会在厨房纸下面再垫一层保鲜膜。不知道有没有用但是说出来给大家犯懒共享一下。 ??,日本人把牛奶盒子拆了洗干净就用来垫着切肉,0,0,0, , ,其他,中性
转发,2025-08-21 21:50:53,下雨#罗小黑战记[超话]##罗小黑战记# ??,可爱宝宝,4,0,0, ,Do Not Rep 学习信作究言Re s9con,其他,喜悦
转发,2025-08-22 15:34:47,小黑这个学三个拼音都能睡着的猫，上学之后，课上犯困老师叫他去后排站着清醒一下，过一会儿发现小黑倒立着睡着了，语文小测屡次徘徊及格线边缘，但数学学得还不错，美术课上虽然画画画得一般，但手工做得特别好。老师们聚在一起寻思这个孩子怎么这样偏科，觉得可能是家庭教育的问题，可能家长从事什么手工业让孩子耳濡目染之类的，得和家里人沟通一下。遂把小黑叫来，问小黑你家里大人是做什么工作的，小黑说我师父在会馆打工，有时候在家炼炼金，老师一脸果然如此的表情，心想：师傅！还炼金。脑子里浮现一个包着头巾的大汉打铁的场景。老师说，那你明天让你师傅来一下学校。小黑说哦。第二天，一个穿着长袍温文尔雅的长发古风小生伴随着驱蚊水的芬芳不疾不徐地背着手走进办公室,老师：嗨，美女～,1,0,0, , ,其他,中性
转发,2025-08-22 15:40:01,不过看的时候没想着会有别人来帮助解决这个问题，因为我很清楚别人不行。让我意外的是，解决了 ??,别人帮着解决掉的问题，下一次一定会再来，一定要你自己解决一次，命运就是这样的//【哈哈我好残酷【所以不管怎样 大家先往下接着活活再说 活着才有希望解决,0,0,0, , ,其他,中性
转发,2025-08-22 16:30:51,啊，我觉得人30多岁真的很完美。看那种已经老去的上一代明星的颜值向剪辑，也觉得他们30多岁的时候是最漂亮的[哆啦A梦花心] ??,我的经验是上班十年，人生审美及各种价值观重塑一轮后，人最自信也最漂亮//，张国荣和梁朝伟在那个年龄段最漂亮,1,0,0, , ,其他,中性
转发,2025-08-22 16:57:17,#罗小黑战记[超话]##罗小黑战记2# 料理鼠王驾到???迫害下池长老 ??,是他！,0,0,0, ,8,其他,中性
转发,2025-08-23 08:44:59,马德，笑死。 ??,好多狗熊啊//////,0,2,0, , ,其他,喜悦
转发,2025-08-23 16:49:25,兽医无限#罗小黑战记[超话]##罗小黑战记# ??,做绝育？,0,0,0, ,,其他,愤怒
转发,2025-08-23 17:06:47,?局部失重 ??,好哦我吃,0,0,0, , ,其他,中性
转发,2025-08-23 17:18:16,掏出一张发一下#罗小黑战记# ??,可爱鼠,2,0,0, ,EMAIN WORK NEXT2EMAINSTMILES 108219,其他,喜悦
转发,2025-08-23 17:21:15,#罗小黑战记[超话]##电影罗小黑战记2# 无限，你只是兴帝的一条狗！ ??,是那个男人！,0,0,0, ,去把他们端了OK.请弃城投降。无限！把小黑还给我！不要。给我站住！谁检到就是谁的。好熟悉的一幕,其他,愤怒
转发,2025-08-23 20:45:25,我是给庄医生家的猫铲完屎很久才学到：原来猫也在猫砂盆里尿尿。当时铲的时候还想，庄医生买这什么破猫砂，都结块了。但你问我“那你以为猫在哪尿尿”，这我还真没想过。我看短视频网红猫猫自己上马桶厕所。 ??,你是不是看了罗小黑番的第一集,0,0,0, , ,其他,惊奇
转发,2025-08-24 15:48:55,是“白月光”还是“连朋友都不算”，于正与何晟铭的恩怨情仇，引发了吃瓜群众们的狂欢热浪，网友们纷纷开始玩梗，不亦乐乎。#许凯恋情##于正##何晟铭##于正回应##白月光##王星越##菀菀类卿##许荔莎##于正气到输液##何晟铭气定神闲# ??,于正这个土鳖，连白月光也土，怪不得能做爆款剧////，老何真有梗，金光神咒是道教咒语，驱除魔障、护身辟邪的……,0,1,0, , ,娱乐,中性
转发,2025-08-24 16:34:09,《青蛇》重映版别去看，删成《青虫》了。 ??,本来也很小众（并不是常规审美//。。//《泰坦尼克号》重映//,0,0,0, , ,其他,中性
转发,2025-08-24 16:47:37,[笑而不语]美国网友这个刻板印象的梗我觉得可以给个高分。 ??,蛇也不吃苹果吧其实//？//////////。?////，尤其是「他们会吃蛇」哈哈哈哈，蛇很好吃，椒盐蛇段比苹果好吃多了[允悲]//[笑cry][笑cry][笑cry],0,0,0, ,如果亚当和夏娃是中国人，我们现在就会在天堂，他们会吃蛇而不是苹果Heu'sbo a omyy Tha mmll.Ta nlk Thhn I was just thinking 如果亚当和夏娃是中国人，我们现在就会在天堂，他们会吃蛇而不是苹果ifAdamandEvehad been Chinesewe would be in Paradise nowthey would have eaten the snake instead of the apple #china#china#tiktok_refugee#从来如此便对吗#已永远地闭上了眼睛#我又在乱来#并且有自己的见解编辑于今天01:00美国,其他,中性
转发,2025-08-24 17:20:53,钝感力更是伤人于无形 ??,正经请客找别人点人数，然后多点一点，多了就给其他大馋丫头喝/////…我刚入职的时候也碰到过这种，等等难道是我理解错了？//，再加上脸盲//[祈祷]//////////,0,0,0, ,好多年前，同事买奶茶买了其他所有人的唯独漏了我，还当众说不好意思忘了你的了，然后我说没关系你再给我点一杯吧，我还专门让他给我买了一杯我特别想喝还舍不得喝的牌子，我一直都不知道这是职场80，直到今年刷抖音刷到类似的段子收起08-16·江苏回复36.7万她点了吗08-16·贵州回复13.8万点了，我盯着她点的，生怕她买错了08-16·江苏回复219惑行大真,其他,中性
转发,2025-08-24 19:08:30,把猫放冰箱冻了六年 ??,我能理解,0,0,0, , ,其他,中性
转发,2025-08-24 20:07:10,罗小黑官博每天艾特每一位幕后创作者认真介绍的样子好迷人，团队里的每一位老师都非常有才华，还有的老师是画同人被抓壮丁收编，有的老师配图中还带着一些自己搞的其他作品同人图，短短几行字都能看出公司氛围有多好。如果从电影商业角度讲，在心怀不轨的人眼里，翻主创团队私博抠字眼扣帽子是很容易的事，这种亏吃过很多但官博每天骄傲地如数家珍：看，这就是我们团队的创作者们，超棒的吧！越看越有一种同人女搞企划的亲切感[捂嘴哭],他们还有双休//[抱一抱]//[抱一抱]////……哎//[苦涩]一般公司是很不情愿介绍幕后的，生怕员工自己有流量了跳槽，以前出过书前司连署名都不给，这种把幕后员工推到台前，认真介绍的太稀有了。而且还讲他们擅长的特点爱好，就连设计的周边都有署名……简直是当代互联网奇迹[苦涩],0,0,0, , ,其他,中性
转发,2025-08-24 23:01:55,世界上最柔软的乐器出现了 ??,我也有,1,0,0, , ,其他,中性
转发,2025-08-24 23:12:59,看个日本人来上海旅游的视频，笑死。。。是个女生up主，因为工作原因要来中国一段时间，视频一开始被酒店的送餐机器人送了个外卖，然后她开始讲太先进了，太厉害了，感受到了文化冲击如何如何，这段我其实完全不意外，觉得很平常，这种少见多怪的外国人我见多了。接下来她开始惊叹于外卖的袋子。。。很震惊的表示这是什么鬼，我只是点了个冰茶而已，为什么包装这么好，外面的袋子为什么这么豪华，为什么这么结实，感觉这个袋子压根不是外卖用的，而是用来装高档红酒或者奢侈品都可以，她表示实在太吃惊了！这段我是边笑边和她起共鸣。。。嗯。。。[不愧是你]她点的是霸王茶姬。。。。。。。[允悲][允悲][允悲],然后喝完一晚上没睡着是吧////[笑cry][允悲][允悲][允悲]//，我专门去店里看过。。。。 //,1,0,0, , ,其他,中性
转发,2025-08-25 09:04:15,#罗小黑战记#若干年前，与池长老于斗帅宫中的一场比试。 ??,那时候胸还不大,0,0,0, ,,其他,中性
转发,2025-08-25 09:05:07,我去旅游啦～o(｀ω? )o我会飞～ ??,鹿野在飞机上吗,0,0,0, , ,其他,喜悦
转发,2025-08-25 13:09:36,妈妈，洗脚 ??,顺便洗个猫,0,0,0, ,,其他,中性
转发,2025-08-25 13:11:29,这就是西部菱斑响尾蛇 ??,是蛇,1,0,0, , ,其他,中性
转发,2025-08-25 13:12:16,超绝两头身小咪 ??,给我抠,1,0,0, , ,其他,中性
转发,2025-08-25 16:43:06,去欧洲玩最值得分享的经验：订带厨房的酒店公寓，从国内带上雪菜榨菜，然后去公寓附近超市买鸡蛋。 ??,说明欧洲菜比你做饭还难吃的,0,3,0, , ,其他,中性
转发,2025-08-25 17:03:04,看寒木春华的作者简介发现他们女员工非常多，占了相当大的比例，这就是罗小黑没有登味的根本原因吧，太喜欢了。 ??,同人女公司,0,0,0, , ,其他,中性
转发,2025-08-25 17:04:05,#罗小黑战记2##电影罗小黑战记2# ???查询养猫人拿到T恤都在想什么 ??,是的,1,0,0, ,这两件衣服就送你了谢过哪吒大人：真是辛苦你了神游中被各种去猫毛产品骗过的人去猫毛的神,时尚,中性
转发,2025-08-25 17:04:35,?? ??,嗨邻居猫宝宝,0,0,0, ,,其他,中性
转发,2025-08-25 17:20:02,您是来我家做客的吗？一般欢迎呢。#daily奶牛猫# （投稿： ） ??,宝漂亮宝傻子,0,0,0, ,nullnull,其他,中性
转发,2025-08-25 17:25:52,#罗小黑战记[超话]# 最近画的11p上学if堆一堆！好想看上学后3p为想不出名字的师门摸鱼喜欢看师父带孩子???金门互动摩多摩多#电影罗小黑战记2# ??,棉花娃们,0,0,0, ,门孩子身心健康最重要初二基本是模范家长不鸡娃小学三年级让孩子们早六前吃口热饭对孩子宠宠的表情淡淡的不能总吃速冻包子最近努力于要开家长会？明天是不是成绩很好，但是还是会有点紧张63但是这个时候额关于发型干嘛呢？某天学师父的学师兄的自己想扎意外coslav最成功散开了后面麻花辩柔顺离岛组初二初一家长这一天出去玩儿家务是轮班制轮好猫咪。好茂密（头发）和和美美一家人皆逆荒初二成绩却没有多大变化有点陷入沉思因为努力学习这段时间是鹿野收的小弟谁是啊（字面意义)水全画开花所有科目觉得很厉害金门上学前某天昨天路过精品店买的好吃！真的可以吃了上学路上师姐个天好可爱倒也没摘下来给你也扎个？师姐给我扎的！小黑个可爱小红书金1背手站姿先洗手师姐回来（真的好像)好的三正了怎么了这是小黑笑离岛组喜欢上劳动课洛竹捏植物都长得很茂盛！手工和种植都很有趣！有风息在可以永远在起希望我们金门离岛组明明邻居也没有开空调可以来邻居家避难不过好神奇空调罢工的时候我刚冻的吃吗？好凉快一岁和两百岁像同龄人十岁和百岁感觉差很多同一所学校喜欢猫。金门师父！小黑举高高师父！！！！小黑鹿野青春期状态：来,其他,中性
转发,2025-08-25 17:27:21,朋友用广发银行的卡。我说我一听广发就想笑。她问我为什么。我说广发有一年出了个广告。纯文字的。先跳出来一个巨大的金色的广字。然后跳出来一个银色的发。然后广发合体！变成了巨大的【废】 （又看了一遍图，我把颜色记反了，但真的是一个巨大的废字，谁看谁笑） ??,在广东是不是有特别的含义////？设计者是不懂中文吗////////？哈哈哈哈哈哈哈,0,0,0, , ,其他,喜悦
转发,2025-08-25 17:29:02,感觉好多工作的人都是这样[苦涩] ??,你看那些五六十的人，也不少这样的,1,0,0, ,Moy 不像成熟的人，像被催熟的果子11小时前·山东回复3075Moy 表面看着圆润光滑，实则内里酸涩泛苦。11小时前·山东回复879扬雪LMoy 说的好好10小时前·河北回复15,其他,中性
转发,2025-08-26 11:14:01,听说你要把我当成七夕礼物送出去… ??,送给,1,0,0, ,,其他,中性
转发,2025-08-26 14:24:25,一家子出门[开学季] ??,师侄幸福了,1,0,0, ,,其他,中性
转发,2025-08-26 14:26:00,好肥的小松鼠，尾巴摇得好欢快！ ??,见过最肥美的松许了,0,0,0, , ,其他,喜悦
转发,2025-08-26 17:36:34,当事猫表示不服 ??,哼,0,0,0, , ,其他,中性
转发,2025-08-26 18:04:06,?一家子合影#罗小黑战记2# ??,祖孙三代,2,0,0, ,图库,其他,中性
转发,2025-08-26 19:31:22,省流：把自己衣服给别人穿，十分接近于两人做了……[老师好] ??,你们史同男真的//《眼睛》////,18,0,0, ,所以我们看红楼梦那里面有一个情节,其他,中性
转发,2025-08-26 20:39:16,现在中国店开得近，买东西的时候可以想买什么就买什么，不用考虑个体运输能力的问题。我现在经常买速冻油条，大头同学则愉快地把那些花里胡哨的面包一个个试过来。昨天买了一个海苔肉松面包，我有点惊讶地问他你确定要吃这个吗？肉松你又不是没尝过。他说，漫画里看过，所以一直想尝尝味道。这样一说我倒理解了，耳餐目食，总是分外诱人。我小时候看阿丽思漫游奇境，也很垂涎果馅饼以为是什么了不得的甜点心。没来英国以前读哈里波特，霍格沃茨的开学大餐看起来仿佛是无穷无尽的美味；现在再看，只有无穷无尽是真的，美味不美味，心如止水。连霍格沃茨的圣诞节大餐也不过是几百只火鸡，堆成山的烤肉，第二天也免不了是火鸡三明治。在现实世界的英国，圣诞节大餐的巨型烤禽主要是视觉震撼，第二天的饭就是把头天的剩肉切切夹三明治。庞大的火鸡此时还剩半副嶙嶙的骨架和白惨惨的零落肉身，因为总有热心人把“没人吃”的鸡皮剥下来扔掉，要吃饭就自己去片些肉夹面包。圣诞节大餐不能算是美食高光时记刻，但第二天的饭一定是反高潮中的反高潮。所以哈里波特里列举的那些食物，我一样都不想吃。,谁还不是郑老屁//////////，意大利折箩：烩饭，西班牙折箩：马德里炖菜，法国折箩：酥皮浓汤、卡酥来砂锅，韩国折箩：部队火锅…//// 三明治是这样来的…就如毛血旺这道菜，必定是前一天吃火锅剩下的食材煮成一锅来的，因为在家涮完火锅第二天看见剩菜想到做毛血旺，每一个食材都吻合[允悲]// 我们家只要一烤羊腿我老公就会说，太好了，明天中午可以吃cold meat sandwich。为了抵制这个万恶的传统我就不烤羊腿了，md,1,0,0, , ,生活,愤怒
转发,2025-08-26 20:40:17,“到家三个月，宝宝撕完了全家的墙纸”#daily奶牛猫#（投稿： ） ??,还不谢谢宝,0,0,0, ,nullnullnullnullnull,其他,中性
转发,2025-08-26 22:19:46,#罗小黑战记##罗小黑[超话]##罗小黑战记2# “小黑，我们回家。” ??,应该是檀健次的鞋借给他了//））//*?▽?*)o)))嗯！！！,0,0,0, ,,其他,中性
转发,2025-08-27 08:02:24,假如哪吒当了校长小卖部老板看着空荡荡的货架和遍地散落的现金be like:[费解][费解]#罗小黑战记2# #罗小黑战记哪吒# ???,笑死啾啾居然水洗,1,0,0, ,揪揪清洗中好无聊啊，出来逛逛好了去操场看一看吧这位同学！上课期间怎么在外头乱逛！！赶紧回教室！！把你传送去！？没看到有学生在乱晃啊额，我不是空间系真是烦死了.谁？借我个nAzA ?同学们来看下一句how校..校长大人！？你怎么在这里？？什么时候进来的舞校长！？哪吒天人！？哟，我来听听课你们就当我不存在那你们继续上课啊，我去听听其他班的情况同学们要认真学习哦校长大人慢走！校长室嘿咻，薯片嘿咻！,其他,喜悦
转发,2025-08-27 09:31:19,和你相遇（在火锅店）#罗小黑战记# ??,嗨美女,0,0,0, ,,其他,中性
转发,2025-08-27 14:37:36,家里人有信佛的也有信基督的，我小时候问我爹，你信什么？我爹说，信自己，当时深以为然，但长大后发现信自己会面临一个问题，自己可信吗？但想想，其实我不纠结这个问题，我信自己主要是因为信自己没有怨言， ????我甘愿 ??,与众不同的时候永远相信自己的直觉，绝望的时候永远相信自己能克服，失败的时候永远相信自己下一回还这么干//，求放心，不加入任何教派,0,2,0, , ,其他,中性
转发,2025-08-27 14:40:56,鼠鼠来咯? ??,今天也要玩弄鼠子,0,1,0, ,nullnullnullnullnullnullnullnullnull,其他,中性
转发,2025-08-27 16:00:39,堺雅人在甜甜圈店打工的时候，干得太开心了，于是经常无故出勤上班，结果被开除了。这个故事我真的相当喜欢。 ???#海外新鲜事# ??,古美门干得出来//,0,0,0, ,推文打开应用好走翻译推文,其他,中性
转发,2025-08-27 16:45:08,#罗小黑战记[超话]##电影罗小黑战记2##罗小黑战记# 。。。。。我可能是吃了菌子画出来这个哪吒说下次我再画这种东西就找人弄我 ??,下回奥运会就你们几个上去////？,0,0,0, ,NAZA NAZA NAZ6限限黑黑吃吃苍南欢迎你,其他,中性
转发,2025-08-27 16:48:07,向我们请安不是必要的，简单地进贡就可以了。#奶友会# （投稿： ） ??,长毛头盔警长奶，白下巴黑西装绅士奶,1,0,0, , ,时尚,中性
转发,2025-08-27 19:46:36,原来真的有这么大的猫[哆啦A梦害怕][哆啦A梦害怕] 得用一吨来形容[开摆] ??,谁家奶奶的大孙子,3,2,0, , ,其他,惊奇
转发,2025-08-27 19:47:05,biu～! ??,和你在一起,1,0,0, ,,其他,愤怒
转发,2025-08-27 22:13:42,一起长大的小鹿和猫猫!! ??,羡慕谁,0,0,0, , ,其他,中性
转发,2025-08-27 22:14:16,#罗小黑战记2# 当发现上司是你关注已久的男主播时[老师爱你]画个池长老现代上班AU ??,下班在直播间露肉,0,0,0, ,9999666下王后1689还刷子机!快工作！！抓到你了V,其他,中性
转发,2025-08-27 22:14:51,师姐太帅啦 已经画了好几张了呢！#鹿野# ??,师姐赛高,2,0,0, ,SOFTDRINKS WCNDA208UYE,其他,喜悦
转发,2025-08-27 22:17:57,镜头给到咪咪 ??,全场收视率高峰,0,0,0, , ,其他,喜悦
转发,2025-08-27 22:59:35,日语配音版『罗小黑战记』TV动画 10月起在日本电视台播出Cast小黑：花泽香菜小白：佐仓绫音阿根：潘惠美山新：鬼头明里无限：宫野真守 ??,然后他们发现十几年才更了40集//么小朋友，但也还行，山新还是太全能。但是但是，真就让香菜喵完整部TV啊我的意思是哈哈想听香菜堆[赢牛奶],2,0,0, , ,娱乐,中性
转发,2025-08-27 23:02:17,我要被这位主人的缅因猫拍摄手法笑死[允悲]你们家里有猫山吗？发我瞅瞅[馋嘴] ??,请出猫山猫海之母,3,3,0, ,一只小松徐关注已1/5你好，我有一个猫山越长大越听话粘人了，真是妈妈的乖宝宝，就是胆子太小了，不能带出门#缅因猫#棕虎缅因小红书小红书号：xdy0204小红书小红书号：xdy0204小红书小红书号：xdy0204,其他,喜悦
转发,2025-08-28 08:06:34,我要被这位主人的缅因猫拍摄手法笑死[允悲]你们家里有猫山吗？发我瞅瞅[馋嘴] ??,我能看到！//，这我真有 //,1,0,0, ,一只小松徐关注已1/5你好，我有一个猫山越长大越听话粘人了，真是妈妈的乖宝宝，就是胆子太小了，不能带出门#缅因猫#棕虎缅因小红书小红书号：xdy0204小红书小红书号：xdy0204小红书小红书号：xdy0204,其他,中性
转发,2025-08-28 08:07:44,一秒融入了#电影罗小黑战记2# ??,咪：最喜欢师姐了,1,0,0, ,初来驾到这是小黑，要好好相处哦好大只.感觉好凶.走，带你去吃好吃的很开心有新的小猫是看起来很凶的好咪！一周后咔嚓咔,其他,中性
转发,2025-08-28 08:08:21,不儿不儿不儿，怎么这么漂亮！！！！ ??,不许算了//，智商也这么算了,0,0,0, ,,其他,中性
转发,2025-08-28 15:18:02,奶肚、懒腰、呼噜#奶肚陷阱# （投稿： ） ??,我每天,0,0,0, , ,其他,中性
转发,2025-08-28 15:19:01,弦音好看 ??,这个番的男孩子发型特别好，后脑勺完美,0,0,0, , ,其他,喜悦
转发,2025-08-28 16:33:47,狗狗露眼白会显得更可爱? ??,文元本狗,0,0,0, ,,其他,喜悦
转发,2025-08-28 16:56:39,要闻 ??,黄老师有猫的呀,0,0,0, , ,其他,中性
转发,2025-08-28 16:57:21,我不行了，Cardi B在法庭被律师盘问，律师：你是不是说她很胖？Cardi B：没有，我说她是个婊子。?[笑cry][笑cry] ??,学习,0,0,0, , ,司法,中性
转发,2025-08-28 19:12:28,“藤原愁”这种名字听着就不是悲剧就是失恋，日本人给二次元角色起名字这么不讲究么。 ??,这个番，心脏不好的没法看，声音特别好听，每一帧都很完美，看5mins就要歇会儿的节奏，偶尔有夏目友人帐的感觉。,0,0,0, , ,其他,中性
转发,2025-08-28 19:14:25,八年没见的小猫居然还认识我[泪] ??,我哭了,1,0,0, ,我是追剧脑八年没见的小猫还认识我小时候养了四年的小猫，跟我特别特别亲。八年没见了，本来以为会很陌生，结果一直蹭我还踩奶出了门就哭#猫#宠物null我是追剧脑作者初中的时候因为家里生了小孩，家长就趁我4648上学的时候把它扔了，我去找了好久没有找到，没想到过了两天她自己回来了，瘦了一圈后来家长又趁我上学把她送人了，吵了一架也没有办法，因为我初中住宿，家里人坚决不让养怕小孩感染细菌，我也没办法了它特别特别乖，会蹲在下水道抓老鼠，生病了也不叫，不让人操心，闹着玩的时候只要嘶一声，它会立马停下来看着我，怕咬疼了，这次去看她也这样之前还在我被窝里生孩子，我觉得她一定是非常信任我的。关于我为什么不接她回来，它已经适应了现在的环境，而且还有一只猫陪着它，年纪大了我怕它应激，它现在天天睡觉，我去的那次竟然还跟我玩了一会，真的很高兴置顶评论我是追剧脑作者它是我的一生之痛每次想起它就会哭3673Berry 它大半辈子没见你了3.3万作者赞过1234568半夜刷到这句话心都凉了1.4万茜茜相当于在晚年见到了小时候的妈妈2万作者赞过minami 希望我晚年也能见到依旧年轻的妈妈7322一键查询号主精神咪：人原来你不是不要我了只是去了很远的7436地方有苦衷是吗我懂那等你下次回来看咪,其他,惊奇
转发,2025-08-29 09:20:41,猫咪：这条街都是我的！ ??,奶牛大王,0,0,0, , ,其他,喜悦
转发,2025-08-29 17:04:00,接下来由小奶简单喵两句 ??,哎哟，我来摸摸小蝴蝶,0,0,0, , ,其他,中性
转发,2025-08-29 17:12:00,【来自投稿】1939年 电影《乱世佳人》 拍摄中，演员奥利维亚·德·哈维兰 幕后定妆照，奥利维亚活了104岁，她是这部伟大电影所有演职人员里最后一个离世的人 ??,梅兰妮万岁,5,0,0, , ,其他,喜悦
转发,2025-08-29 17:13:31,当奶牛猫脱下白袜 ??,还戴着口罩,0,0,0, , ,其他,中性
转发,2025-08-29 20:43:40,【#万斯称若特朗普遇不测已准备好接班#：过去200天准备充分】#万斯对特朗普的健康充满信心#8月27日，美国副总统万斯接受采访时表示准备好接替特朗普承担总统职责。当天主持人称万斯距离总统只有一步之遥，问他“准备好承担最高统帅职责了吗”。万斯回答说自己在过去200天里获得了大量实战培训，倘若悲剧发生出现重大变故，他想不到还有比过去200天获得的实战经验更好的准备。但万斯也表示对特朗普的健康充满信心，相信他会完成剩余总统任期。,港给选民听的//？////？,0,0,0, , ,时尚，政务,中性
转发,2025-08-29 22:17:17,漂亮的胖女 ??,智障之美,0,0,0, ,,其他,中性
转发,2025-08-29 22:46:07,刷到条乞巧节的祝福，“祝所有女孩都能如愿以偿获得技艺、智慧与自由，也祝所有男的成为牛郎。” ??,真心祝福//////,0,0,0, , ,其他,中性
转发,2025-08-30 09:49:16,奶牛猫超大杯 ??,我也来一杯,0,0,0, ,,其他,喜悦
转发,2025-08-30 17:16:52,买回来一袋梨被小猫亲了半个小时 ??,有香味，我懂的,0,0,0, ,momo 买回来一袋梨，猫亲亲了半个小时不仅闻，还把头埋进去，睡觉也要在旁边，是喜欢梨的味道吗，不懂，就问#小猫咪的味道#一只贪吃的猫咪#小馋猫nullmomo 大概又会有一些多败儿的妈妈也去买梨试试6189自家孩子喜不喜欢了4小时前北京回复我变秃了也变强了有这个打算3小时前上海回复992最好的时光在路上非常喜欢42374小时前浙江回复胡椒小丸子孩子喜欢苹果17453小时前贵州回复我说的都是真的103,其他,喜悦
转发,2025-08-30 23:05:57,有没有人懂这个脸埋进耳朵里的瞬间，终于可以欣赏 ??,啊我每天看到猫的第一个动作,0,0,0, ,,其他,中性
转发,2025-08-30 23:06:25,当你在狗咖摔倒时…全世界的小狗都涌了过来 ??,猫咖的话，全部逃走,0,0,0, , ,其他,中性
转发,2025-08-31 09:45:51,#罗小黑战记# 生杀予夺……摸了一下明王……喜欢……碧眼的帅气妈妈………… ??,妈咪,0,0,0, ,,其他,喜悦
转发,2025-08-31 09:46:41,奶肚陷阱不是都市传说！#奶肚陷阱# （投稿： ） ??,我每天,0,0,0, , ,其他,中性
转发,2025-08-31 15:14:29,转发这条微博，9月的霉运将会马上烟消云散！??? ???#海外新鲜事# ??,////[祈祷]//[祈祷][祈祷][祈祷]//[祈祷][祈祷][祈祷]//[祈祷][祈祷][祈祷]//[祈祷][祈祷][祈祷]//[祈祷][祈祷][祈祷]//[祈祷][祈祷][祈祷]//[祈祷][祈祷][祈祷],0,0,0, ,,其他,中性
转发,2025-08-31 17:16:20,平等地歧视每一个歧视土猫土狗的土人 ??,土土的很安心//////！[黄鸡大笑]//？土人！//，有种踏踏实实的可爱[来抱抱]//,0,0,0, , ,其他,愤怒
转发,2025-08-31 17:17:39,奶牛小矮马 ??,这个动作仿佛下一秒要拉屎了,0,0,0, ,,其他,中性
转发,2025-09-01 08:44:37,点击观看池长老穿搭[干饭人]#罗小黑战记[超话]##池年# ??,嗷嗷嗷啊,0,0,0, , ,其他,中性
转发,2025-09-01 08:45:34,#电影罗小黑战记2##罗小黑战记2# 老虎凳说是 ??,配,0,0,0, ,又不是没椅子去坐椅子。不要。哈？,其他,中性
转发,2025-09-01 11:48:47,网上看到朋友在说就搜了搜，没想到还真能搜出来。。。。？[哆啦A梦吃惊] ??,温州人木头//////[黄鸡大笑] //[么么哒],0,0,0, ,G6095号公路速龙天小镇曹垄村度假区番唐酒店应和宫龙游风息公园32高德地图龙游风息公园公园·浙江省衢州市龙游县3小时26分钟更多,其他,中性
转发,2025-09-01 16:39:05,夏天阴部特别容易长火疖子。问了医生说尽量透气透风，我从今天开始将保持在各地都双腿张开的姿势。 ??,睡觉直接穿睡裤,0,0,0, , ,其他,中性
转发,2025-09-01 16:40:16,分享图片 ??,怕你吃苦又怕你开路虎////，他又不高兴了，我可太清楚了[二哈][二哈][二哈]。,0,0,0, ,一个人自己过得不太好，但成天想着让别人过好，本质是他把自己看不见的婴儿般的需要、巨大的被他人照顾的愿望投射给别人这种“利他”是病理性的，是假的,其他,中性
转发,2025-09-01 16:51:32,我反应过来对于“不好吃”津人和别人的评价标准是不一样的全市有一百家卖这个的，它排第七，别人可能就觉得不错，好吃全市有一百家卖这个的，津人只认他心里排第一那个好吃，第二就是对付，第三就属于胡闹而且越上点岁数越这样我这岁数还不怎么挑到我妈，想吃绿豆糕，得开车上静海买去，四块绿豆糕来回俩小时。吃就吃这家，要么就不吃。我姨姥姥，买酱豆腐不仅挑厂家，还挑生产月份。她生说味儿不一样。津人为个合口的老豆腐开车二十分钟半拉小时太正常了，一辈子嘛都可以亏就是不亏嘴,常吃小东西就在生活或单位附近找最能吃的，远距离吃知名饭只存在好心情和别人请客之中////，主要吃一个跟自己少年时期的一致性，重点不在好吃而在一致，所以可以不吃但只能吃那一家的//，小吃那必须是妈妈的味道,0,0,0, , ,生活,中性
转发,2025-09-01 17:10:34,大家一起来撸猫hhh没有人在意需要帮忙的无限[笑而不语][笑而不语]#罗小黑战记2##鹿野##无限# ??,可恶，无限着这个幸福的男人,0,0,0, ,找到了好圆w 2.动了！不知道为什么突然感觉很困3.感觉好温暖0妈妈。》有时候睡个午觉也不错呢。。。5.电话也不接鹿野？小黑？出去看看吧这次说不定：END,其他,喜悦
转发,2025-09-01 17:21:33,小狗也会生闷气！ ??,妈你就看着？,0,0,0, , ,其他,愤怒
转发,2025-09-02 11:03:08,进入奶肚森林探险！#奶肚陷阱# （投稿： ） ??,我来啦，快乐老家,0,0,0, , ,其他,喜悦
转发,2025-09-02 12:30:30,新的一岁，继续热烈去追风！????????#迪哒三两声##微博奇遇记# ??,大大方方地成长//，明媚又热烈地生长着,0,0,0, ,！！,其他,中性
转发,2025-09-02 12:30:47,这是一只奶牛大壁虎 ??,是壁虎本奶,0,0,0, , ,其他,中性
转发,2025-09-02 12:30:58,九月第一天就签了几十万的大单，未来几个月我会越来越富有的，我爱工作，我爱金钱[努力] ??,接,0,0,0, ,,其他,中性
转发,2025-09-02 16:42:48,我要笑死了猫眼出的暑期档报告，用数据证实了木头叽叽把观众熬成了有消费能力的人20岁以下的购票人群占比大电影1是19.4％大电影2是9.8％35岁以上的购票人群占比大电影1是17.2％大电影2是36％我期待大电影3的数据[柯基]（当然了，这个数据去趋势也在一定程度上受电影观影人群“老龄化”的影响，不过这是另一个话题了，感兴趣的朋友可以自己去找找资料看#罗小黑战记[超话]##罗小黑有世界上最好的观众#,好哦,0,0,0, ,《罗小黑战记》系列大电影购票人群画像-性别年龄20岁以下2024岁25-29岁30-34岁3539岁40岁及以上女5.8%15.8%9.7%6.2%10.3%14.1%61.9%男4.0%10.5%7.9%4.1%4.6%7.0%38.1%女10.5%14.7%9.4%8.2%5.8%4.9%53.4%男8.9%14.7%10.5%6.0%3.6%2.9%46.6%,其他,喜悦
转发,2025-09-02 17:20:23,它完全可以跳下去吃，但它不想弄脏小jiojio ? ??,蛋蛋挺大的,0,0,0, , ,其他,中性
转发,2025-09-02 18:59:39,都让让，真正的审美积累来了球花莫妮卡贝鲁奇的女儿戴娃卡塞尔，星二代长这样才准进圈 ??,十几岁就开始整容了，很遗憾，虽然有美女妈但是爹不是美女,0,0,0, , ,其他,中性
转发,2025-09-02 20:01:44,男频文，男配为了破灭女主的道心，研究一番发现最好的办法是侮辱折磨女主……于是他在女主面前强x了男主……我知道男频编辑会和作者说为了赚钱说该卖南铜就卖点南铜……但是能写出这种剧情还是太先进了……但是鉴于没有让反派干出强x女主的事情，那我选择原谅吧…… ??,于是男主找到了真爱//…//[微笑]当然有可能大家 都很开心//[笑cry]//？报复她？////，那折磨是什么？不让女主往外说，让她不能跟大家一起嗑吗？//！！！”然后把亲友叫过来一起嗑//（这么爽的女主剧情到底折辱到谁了[无聊],0,0,0, , ,其他,中性
转发,2025-09-02 21:26:34,木子美大胆的行为和她保守的价值观一点也不冲突。曾经有个离过婚的女博主跟她吵架（是这女博主不对），她愤恨地回应说：“在我们那儿，（乱搞的）我比（离婚的）你值钱。”当然也可以理解为她抓着别人痛脚反击，但我觉得这更像是一种下意识的反应。证据只存在于我的记忆中，毕竟天涯都没有了。 ??,挥霍性并不能填补爱的贫瘠,0,0,0, , ,其他,中性
转发,2025-09-03 12:19:17,吐泡泡完整版！[哆啦A梦吃惊]#朱一龙# ??,free画的都没有猪猪真人美//////[馋嘴]////////！//,0,0,0, , ,其他,中性
转发,2025-09-03 12:20:49,这么多人，每天安排吃饭都是各大活儿。 ??,就是说，应该切一个架锅炒糖色的镜头// 炊事班方阵接受考验,0,0,0, , ,其他,中性
转发,2025-09-03 12:27:39,俄罗斯??记者分享媒体人的疯狂“抢位”！[笑而不语][偷笑]#中国对俄罗斯试行免签# #微博跨域计划# ??,横店站姐能站在树上//[允悲]//，让他们和站姐待几天锻炼锻炼,0,0,0, , ,其他,中性
转发,2025-09-03 16:06:43,自从知道了每次阅兵的和平鸽都是找老百姓家借的鸽子，放飞之后它们会各自回家，还会给主人颁发一个纪念奖状还是什么的，就觉得特别萌飞入寻常百姓家?? ??,好哦,0,0,0, , ,其他,中性
转发,2025-09-03 16:07:01,我认为这么辉煌隆重的庆典应该给全国人民放假七天。第一天看直播，第二天看重播，第三天看集锦，第四天看幕后花絮，第五天看纪录片，第六天看人物访谈，第七天看群众心声 ??,赞成,0,0,0, , ,其他,中性
转发,2025-09-03 16:11:30,3582只狸不是很明显的嘴努子[给力] ??,蛋蛋,0,0,0, ,,其他,中性
转发,2025-09-03 16:19:41,网安方队出来，旁边小同事：你说，这方队里全是程序员吗我：不能这么简单。我：是武装程序员。过了一会，信息保障（？）方队出来，我：这是武装图书资料馆员。工勤保障方队（？）出来，小同事抢答：这是武装大夫我：不止。还有武装大师傅 ??,看到医疗兵背着包，我觉得安排他们背着网线也可以////，不过他们应该不办展览，吧//：端着（比较小的）枪，看起来和其他部队一样啊。同事：你总不能让他们抱着电脑踢正步吧。,0,0,0, , ,其他,中性
转发,2025-09-03 16:26:26,这个真的笑得我国格疼 ??,最终还是托付给了前夫////,0,0,0, ,邀请回答写回答特朗普好几天没出现，是不是身体出问题了？知乎·622个回答·1105个关注咪咪响+关注一个COPY文案的柜员听内容3621人赞同了该回答诏书原文：传位于马斯克昨天12:03·广西Q美媒称称特朗已死Q两个白头瓮一死一反馈评论127多元视角碰撞无限可能Knightingal 那“马”字笔画有点奇怪啊，不会是“万”字写到第二笔没写下去吧？22小时前·江苏热评回复2128随便叫什么都好此乱命也，蓝州概不奉诏23小时前·北京热评回复571查看全部评论咪咪响关注3621,其他,中性
转发,2025-09-03 16:51:56,#罗小黑战记2# 噩梦 ??,师姐立刻预定大别野里和可丽饼////！//,0,0,0, ,也的师父死了师姐！吸,其他,中性
转发,2025-09-03 17:18:08,小鸽鸽上大分！ ??,拼鸽鸽//[可爱]//////////////////,0,0,0, ,！今天的主题是老爸和鸽子们！#九三阅兵#爱国#爱国正能量囤肉好过冬我这边听着“放飞和平鸽”，邻居叔叔家的鸽子不到十分钟就开始咕咕咕叫门到家了2小时前·北京回复2.6万作者赞过微微一直以为是国家为活动买的一批鸽子，原来是民间众筹的2小时前·广东回复1.6万路过打醋的昨天刷到还有天津的鸽鸽子，主包说一个小时就飞到天津了3小时前·甘肃回复7945展开135条回复妮妮看直播的时候同事还说鸽子都飞哪了，我说了一句各回各家2小时前·山东回复6323展开32条回复烟小雨到家了吗，我刚看到他们起飞了3小时前·天津回复1.6万Closer 我家五只，刚回来两只呢2小时前·北京回复4410易冷我爷的鸽子前天也交上去了但是它每次出门都能拐好几只笨鸽子回来前天交的8只今天回来一大堆1小时前·北京回复2817展开479条回复北京兴冠鸽业二十只全部到家1小时前·北京回复2141故事大王我家出了17只到现在回来29个了.其中只有8个是我的42分钟前·北京回复625淡然笑我的8只已经安全飞回来了54分钟前·北京回复522YZ 很荣幸我家的鸽子每次都参与了，我老爸每次都交，还给奖状3小时前·北京回复3071展开194条回复虎林林刚回来俩2小时前·北京回复1624Vicky 有天津的鸽子，有天津的鸽子，有天津的鸽子！重要的事情说三遍天津鸽子们也出力了，而且道儿远，估计这会还没到了吧1小时前·天津回复2501展开45条回复悦月2022好聪明啊，8万多只还知道自己回自己家，万一看上对眼的会不会跟着跑了2小时前·重庆回复2257展开29条回复王叭叭金龟婿呜呜呜，我看到放鸽子的时候有一个鸽子被撞晕了，在地上停了几秒钟才飞起来，不知道是谁家的宝贝鸽子2小时前·广东回复5133木瑾之前有外地朋友来北京玩，问我2环里胡同里为啥那么多人养鸽子，我：请看VCR 1小时前·北京回复474作者赞过展开11条回复玲子鸽子先到家还是你爸先到家3小时前·湖北回复4952展开64条回复biu 大家的鸽子是不是放一起？然后他们之间是不是会：一你好，你好，来了？一来了，什么时候到的，一刚到。一我也刚到。一早饭吃了吗？一吃了，吃了，家吃完饭出来的。2小时前·北京回复2440作者赞过低头*浅笑想着放飞的鸽子就是征集民众的，因为好多老北京人喜欢养鸽子2小时前·河南回复1799展开16条回复奇奇呀（愿演唱会可以抢到一这是小动物方队啊，敬礼心1小时前·陕西回复138作者赞过展开2条回复心静自然凉h 一直以为每次放的鸽子都是国家养的，没想到是民间拼鸽鸽1小时前·四川回复148,其他,喜悦
转发,2025-09-03 17:20:51,[柯基]总感觉泽宇很适合当钓鱼佬？ ??,成果全是师叔的（一只师叔在旁边舔毛等待ing,0,0,0, ,,其他,中性
转发,2025-09-04 12:57:45,当意识到今年入学的一年级小学生是2019年生时我?? ??,出生就戴口罩了////////…//？最右这么表述感觉好夸张。。//？//////？//。。。//////？//,0,0,0, ,,游戏,中性
转发,2025-09-04 16:56:20,【#九三阅兵全图鉴#】太震撼！45个方（梯）队，大量首次亮相装备！收藏级长卷让你一图了解#九三阅兵藏了多少王炸# 抗战胜利80年，这就是中国人勇往直前的底气→ ??,这个封面挺丑//////，好详细的介绍，图文并茂～// 很值得一看//。扫开链接太拽了！！！每个装备都有介绍，有的还有点看三维视频详情。。。震撼！！！,0,0,0, ,新华红新华社客户端网网易新闻2025纪念中国人民抗日战争暨世界反法西斯战争胜利80周年阅兵列阵完毕请收藏！口扫码全景观看沉浸视角见证历史,文化,惊奇
转发,2025-09-04 17:19:06,多咪给自己舔毛舔成这样子 ??,嘴努子,0,0,0, , ,其他,愤怒
转发,2025-09-04 17:25:42,狗好，狗好 ??,好狗,0,0,0, ,,其他,喜悦
转发,2025-09-04 22:52:07,#养鸽千日用鸽一时#【和平鸽的Q&A大放送：#如何炼成一只乖巧和平鸽#？】Q：放飞的“和平鸽”从哪来？A：由北京市信鸽协会的会员们提供。“鸽主”到收鸽地点集结交鸽。区信鸽协会逐羽检查，并将所有和平鸽集中安置在12辆放飞车中。Q：什么鸽能成为“进京赶考”的和平鸽？A：大多是资历丰富的信鸽。天安门广场放飞的和平鸽不少已是“老演员”，它们不仅参与过多次国家重大活动，许多鸽子还曾在区级、市级等鸽赛上获过奖，有的甚至还是冠军。Q：一只和平鸽要怎么训练？A：平常的训练主要有两种，一种叫“家飞”，另一种叫“训放”——在家里放飞信鸽，让它在家附近盘旋、飞翔；将鸽子送到离家远的地方让它们飞回家，距离从10公里逐步到200公里甚至更远。除此之外，还得对鸽子进行亲和训练。Q：和平鸽出发前要做啥准备？A：和平鸽出发前要清淡饮食。出发前可能只喂点清淡麦粒，不喂豆类或蛋白质含量高的食物，还要做疫苗，帮助调整肠道、预防传染病。Q：和平鸽入驻的放飞车有多讲究？A：车里有水槽、通风机，放飞员还不时喂些水。放飞车放置位置也有讲究——出笼后要朝东飞回家的鸽子，就在广场西侧放飞；朝西飞的鸽子，在东侧放飞——如此形成和平鸽空中盘旋效果。Q：每只和平鸽都能找到家吗？A：95%以上的和平鸽都可以靠地磁感应、太阳定位和视觉线索，自行回家。不过，也不排除少数鸽子会因为迷路、天气等原因，飞丢了。严格训练可以降低和平鸽放飞的损耗率。Q：遇见迷途的“路痴”和平鸽怎么办？A：千万不要试着去抓它们。如果鸽子没有很害怕你，你可以试着给它们一些水或者是玉米、小米、绿豆之类的食物，等它们自己飞回家；如果鸽子一直没有离开，或状态不好，可联系12345。Q：和平鸽下班后奖励是？A：获得15元酬劳！回家后清淡饮食或大睡一觉~有鸽主说，回家后，先喂点电解质水，让鸽缓缓。主人也会得到纪念足环和证书。（综合南方都市报、科普中国、北京日报）#vista封面报道#,对打工人能不能也好点////，鸽鸽辛苦了！//,0,0,0, ,庆祝中华人民共和国成立60周年和平鸽放飞工作会议状奖归巢证书南京信鸽协会公里竞赛本证发同信环克小0年第179年月日7时北事亚：10公里天气情风：发证目期：2日参加八九年全国”国庆怀”信鸽大赛江苏赛区第三分赛区1000公里级比赛，光荣归巢北京鸽友给自家鸽子开“行前会”好好完成任务开笼了就往家飞别吃太多食儿留给家远的鸽子9月2日北京北京时间咕！有别人家鸽子地磁场的感知视觉线索生物钟偏振光的感知快来认领脚上有2025编号路上碰见一只不知道是不是表演回来的好找不到家了编辑于今天14:27北京这些鸽子每次劳动有报酬吗？还是就义务劳动？国家给发证或者奖状什么的吗6小时前·四川回复880一只15有纪念环和奖状6小时前·北京回复1801荣誉同志：周年纪金中国人民抗日成赞批界反法西斯成分胜利表圳年庆典和平鸽放飞活动年物表现突出会特此表影念！北京市信,文化,中性
转发,2025-09-04 23:45:26,就说是不是正正好吧...........【我瞎改着玩的别骂我】 ??,nata萨玛最可爱了//,0,0,0, ,5亿累计票房破萌化万物超燃一夏9.7豆8.7正在温映维小记THELEGENDOFHEILL他腿中间好适合放个哪吒刚刚好,娱乐,中性
转发,2025-09-04 23:51:22,#阿玛尼发讣告#一个时代落幕 9月4日，阿玛尼公司发布讣告称，意大利时装设计师乔治·阿玛尼（Giorgio Armani）离世，终年91岁。#阿玛尼先生去世# ????在纷繁的潮流中始终保持高贵奢华优雅的品牌调性，没有随波逐流，也没有所谓的zz正确。Giorgio Armani老爷子独有地品味格调与对完美地不懈追求。不追逐潮流亦非传统意义上的高级时装，典雅凝练的风格形态一眼便识。时装永存定格在了今日！,赛高审美,0,0,0, ,nullnullnullnullgiorgioarman 1934-2025nullnullnullnull,时尚,中性
转发,2025-09-05 10:06:28,人，不可以挠咪的胳肢窝！ ??,哪吒大人：烦死了,0,0,0, , ,其他,愤怒
转发,2025-09-05 10:07:38,一些乱涂乱画~ 喜欢无限酱 #无限# ??,少女??,0,0,0, ,,其他,中性
转发,2025-09-05 20:35:27,看到北美那边的罗小黑电影repo，甲乙的名字翻译是A和B…… ??,完全可以叫埃尔法、贝塔//！// B Christine D，当时还觉得很妙来着hhh,0,0,0, , ,其他,中性
转发,2025-09-05 22:56:00,猫儿睡觉这个萌！ ??,偷走,0,0,0, ,ORE 3号,其他,喜悦
转发,2025-09-06 08:48:51,看到就要闻，闻了又要yue，yue了又嫌弃，嫌弃完下次还要去闻。 ??,我家噜也喜欢闻小奶皮燕子，但是面对面是要打猫的//，类似人类刷朋友圈//，猫猫的社交方式？,0,0,0, , ,其他,中性
转发,2025-09-06 08:52:22,22年刷到云南野生动物园的灰鹦鹉在骂人sb。25年刷到它，还在骂[泪奔] ??,只要是sb一个没少,0,0,0, ,,其他,愤怒
转发,2025-09-06 08:57:22,想按一下小奶的home键 ??,那我也按一下,0,0,0, , ,其他,中性
转发,2025-09-06 11:08:37,喝点丝瓜汤吧（快关窗了额拼了……#电影罗小黑战记2# ??,红毛大肥猫,0,0,0, ,护短为什么乱吃地上的东西！呜呜只是路过看了一眼你这猫怎么这样！我们家孩子！不准欺负！,其他,中性
转发,2025-09-06 12:43:16,戳到谁了，不让转发？ ??,////////，真是太贴切了，而且生动！,0,0,0, ,那罗陀_银子35推广阅读25-9-319:32发布于江苏微博流量蝗虫已经形成了吃流量的标准流程：第一步，断章取义或利用他人言语漏洞，截图一个所谓的“问题发言”。第二步，上纲上线发散引申，MCN互相转发推波助澜，在短时间形成负面热度。第三步，通过造谣、开盒、发散联想等各种手段，进一步扩大影响。事件选择保持“不踩线”的原则，确保自身安全，话题热度安全。猎物性别通常为女，以便接下来搞成男女对立。一套流程走下来，流量吃得满嘴流油，又接着下一个。猎物有没有问题？有些确实有发言不谨慎或行事不当。但大多数都属于普通人反应，绝不值得被围攻网暴。问题最大的是制造这类事件，挑动对立、以负面情绪为食的流量蝗虫。对这类针对素人的短时间爆款热搜，要保持警惕，不给蝗虫可乘之机。微博正文那罗陀_银子的微博编造谣言网暴围剿一个支援武汉抗疫的护士，只因为她在跑步后说了一句想调休，,政务,愤怒
转发,2025-09-06 17:08:10,就只吃包菜吗？不买点丝瓜做丝瓜汤吗？ ??,智慧的眼神,0,0,0, ,,其他,愤怒
转发,2025-09-06 17:09:10,买了一堆chanel dior vca高仿为了其他人不用鄙夷的眼神看着自己，一个月买高仿花了2w好心痛。。。。。。难以忘记男友在知道自己吊带是pdd 9.9r买的，朋友知道自己的银戒指是10r三个且带两天就掉成红色，蓝色涂层糊自己一手的地摊货时候投出的鄙视的眼神和怀疑的语气。我没有你们出生那么好，随便一件衣服需要我省吃俭用大半年，只能靠cqxf的谎言来换取一点点尊严和认同。我那么努力地想和你们站在一起，但是无时无刻都觉得自己是下水沟里可悲的虫子。 33461,2w高仿是想达到20w的铂金包效果// 我花两万没人给我做个高仿的文凭（没有我在焦虑文凭的意思）//？买条金项链金戒指再入个中古包就可以达成目的了，，//：尊嚴和認同從來都不是靠消費取得的啊寶寶//不起自己 因为我觉得一般人还是很少因为别人的眼光去cqxf2w买高仿[笑cry]//，我靠这样还算是男友和朋友。。。真是病得不轻了。。。,0,0,0, , ,其他,惊奇
转发,2025-09-07 09:25:17,岛国摄影师KAGAYA在北海道拍到的，在小小的岩是上睡午觉的野生海豹，好可爱的表情 #海外新鲜事# ??,好像日本那个流心蛋包饭，蛋刚做好放在饭上没切,0,0,0, , ,其他,喜悦
转发,2025-09-07 10:49:04,看小猫睡觉也很治愈 ??,抠抠小手,0,0,0, , ,其他,喜悦
转发,2025-09-07 13:55:08,好可爱，还在吃手手呢[期待] ??,这还不偷走,0,0,0, , ,其他,喜悦
转发,2025-09-07 13:59:13,最近发现，身边三十多四十出头在一线城市工作生活的朋友，无分男女、不管有钱没钱、不论已婚未婚已育未育，都处于一种普遍性痛苦中，而其中八成的痛苦来源都是他们的工作。究其原因是目前的很多工作已经不是屎上雕花级别，而是在空气中写字级别——在越来越深的萧条中不可能找寻到真正的意义或确实的产出，所有事在虚空中发生又在虚空中推倒，大家都在“假装”有希望，实际上明知道一个季度后这些方案报表项目都会消失无踪、仿佛什么都没发生过。一切从头再来。而作为这个阶段的中年人，他们不仅要糊弄自己（或者说首先要糊弄自己），接着还要去糊弄老板和下级，同时又清楚对方也在糊弄。在这个过程中不断轮回着迷茫着，却不敢辞职，因为辞了可能就真得去开滴滴送外卖，不是没有积蓄，但可能真的没有别的工作选择了。可同时又怀疑，也许那样的生活还真实一点。就这样，大家频繁出入医院精神科，互相交流心理咨询经验，碰了面张嘴就是一个字，“熬”。 但更可怕的是，即使身处如此炼狱中你也很清楚，你已经是这个下行期社会中少有的幸运儿了，而你身边的所有人也都会不断提醒你这一点。,苟//,0,0,0, , ,其他,中性
转发,2025-09-07 14:38:17,#皆逆荒# [柯基] ??,合适吗,0,0,0, ,,其他,中性
转发,2025-09-07 14:57:57,我相信七七的网络姨姨们几乎都见过七七洗澡但我更相信你们还是想看—— ??,好乖啊,0,0,0, , ,其他,中性
转发,2025-09-07 14:58:39,咪一下子就投降了 ??,放我来,0,0,0, , ,其他,中性
转发,2025-09-08 10:19:41,#电影罗小黑战记2# 比血月中元节更恐怖的是…… ??,救,0,0,0, ,开饭啦开饭啦,其他,恐惧
转发,2025-09-08 10:33:26,刚刚，朱一龙提名金熊猫奖影帝。 ??,阿面屁股////！,0,0,0, , ,娱乐,中性
转发,2025-09-08 10:54:41,#朱一龙提名金熊猫影帝#沈面认证是真的 ??,是阿面,0,0,0, ,,其他,中性
转发,2025-09-08 11:32:58,点进来之前没想到那么好笑 ??,//哈哈哈哈,0,0,0, , ,其他,喜悦
转发,2025-09-08 16:17:01,【#男子虐杀20余只猫被刑事立案#，这也是全国首例因虐猫被刑事立案的案件】7月23日，方萍收到深圳市公安局光明分局的立案告知书，杨某因假借领养之名，虐杀送养人的20余只猫，被以诈骗案刑事立案。陈安清晰地记得杨某的样子——21日晚9点43分，对方敲开她的房门，微笑着带走了她和方萍一同喂养的4只流浪猫。不到24小时，4只猫凭空消失了。凭空消失的，还有在一个半月内其他10余名送养人的20余只猫。进入8月份，案件审理在移交检察院时，因无法确定损害金额，重新转为行政案件。对此结果，方萍和其他送养人表示将进行民事诉讼，继续追究杨某的责任。,他最需要的是被实实在在揍一顿////,5,0,0, , ,公安,愤怒
转发,2025-09-08 16:55:29,猫咪坐下来的时候，肚子上的肉肉掉下来真没忍住笑，还是爱心形状，太可爱了 ??,谁不想放一只手在这里,0,0,0, , ,其他,喜悦
转发,2025-09-08 16:58:03,啊啊啊啊啊啊啊啊啊啊啊啊啊啊啊啊啊啊啊啊啊啊啊啊啊啊啊啊啊啊啊啊啊可爱鼠妈妈了！ ??,好多猫猫菇,0,0,0, ,,其他,喜悦
转发,2025-09-08 21:38:51,自律小猫一天的vlog ??,你的一天,0,0,0, , ,其他,中性
转发,2025-09-08 21:39:45,不结婚…即便一百岁也会被问不婚的原因 （cr绿川夏苜） ??,为了膈应你们这帮沙雕,0,0,0, ,方爱兰1100岁100岁为什么不结婚啊？不感兴趣不结婚一百岁也会被问原因杭州方小姐读了大学学了英语资助了十几名学生这样活到了100岁,其他,愤怒
转发,2025-09-09 07:09:42,晚安~ ??,师侄手里的钱是给师叔买可丽饼吗,0,0,0, ,?,其他,中性
转发,2025-09-09 07:13:13,猫猫捕水记，看看猫快还是水快??#一分钟视频创作季# / #动物奇遇记# / #我的幽默灵感片场# / #人间值得有欢喜# / ??,乱七八蕉小玳瑁,0,0,0, , ,其他,中性
转发,2025-09-09 07:14:10,猫咪和狗狗，最好的伙伴??cr：mikushka2017 ??,这个主人的猫狗审美就是：短,0,0,0, , ,其他,中性
转发,2025-09-09 11:51:22,东北花了2000万装修的别墅[生病]。谁买送谁五个哈雷，一个劳斯莱斯。 ??,伤害友邻////，这个真是丑绝了[允悲][允悲][允悲]// 总裁，[捂嘴哭]假如我有钱买下这房子，按你公司的普通水准，800 万能改掉这些丑装修吗？[哈哈][哈哈][哈哈][哈哈][哈哈]我就是怕你没见过这么特别的装修风格//《洗浴中心》//。////，这卧室。。。,0,0,0, , ,其他,愤怒
转发,2025-09-09 15:37:47,当奶牛猫穿上制服 ??,偷走,0,0,0, , ,其他,中性
转发,2025-09-09 16:42:59,国家应该给我们这些不抽烟的人每年发20000块钱补贴 ??,钱就算了，允许我们在公共场合揍烟鬼就可以//////////// :// :支持// :// :给我[举手]// :支持// :???♂?// :支持// :给我,0,0,0, , ,其他,愤怒
转发,2025-09-09 20:33:31,听到小豆泥去喵星之后，把这个消息和其他喜欢小豆泥的朋友说了，然后坐着发了半天呆，晚饭外卖到了起来发现一脸眼泪。我养阿蒙没多久就看到了小豆泥，觉得阿蒙和小豆泥漫画里的几个表情很相似，发了微博，很多人喜欢，就更留意起来小豆泥。最开始没有官方简中，有民间翻译和繁中，我先是买了第一册繁中版，翻译是“红豆小姐”，我感觉也非常可爱。很快出了第二册，买了超级贵的日版和周边——束口袋和抱枕，还有一整套盲盒吧唧all in。那时候暹罗猫还算是冷门猫猫，我想都拥有，也不知道之后能这么火，能有这么多琳琅满目的周边。再后来就一路爆火，看着小豆泥成为人见人爱的猫猫，阿蒙也逐渐长大变黑。小豆泥的周边我也再没有能力全部买下，属于有一些看着眼缘的才会下手。有很喜欢阿蒙的朋友去nobeko的签售会，签了阿蒙的to签送给我。我看nobeko的通告看得很难过。几乎每个字我都能理解，因为我也是完全一样的心情。和猫在一起的时间太快乐所以总是风一样地溜走了。而猫就是猫，纵使我们有大把纪念她的照片图文，亦或是像小豆泥这样被全世界喜欢着得到赛博意义上的永生，没有任何一种方式能比得上亲亲小猫的脑袋瓜，摸摸她的下巴，那是完全不同的东西。除了感谢小猫来过，选择过我们，我没有其他能说的。我也不知道等阿蒙离开的那一天我又会怎么样，现在只能希望nobeko能注意身体，慢慢接受这个世界少了一只小猫，并且我们都知道她在能大吃特吃还能玩到玩具的世界里一定会幸福，还会等待我们。,也都是长寿小猫了//………小豆泥………,0,0,0, ,nullnullnull世界中心猫1！！（人页牌日力物fnullGambol anish 轻松快书洛外社德汉WERER 德现IBLIASACRA 小：阿道阿蒙天天开心！kIsan SignioEoGu,其他,中性
转发,2025-09-10 10:28:32,可爱卷毛奶牛猫 ??,天惹,0,0,0, , ,其他,中性
转发,2025-09-10 13:01:00,昨晚刷到个东北妈妈的视频，在讲关于教师节给老师送礼的。博主坐标是辽宁，她说，东北那边，教师节给老师送礼是标配，几乎可以说是人人送礼，小学是1000块起步，初中高中时3000块起步，送少了老师会给你退回来。送礼的形式也有讲究，不能在学校送，一般是教师节前一天电话联系老师，跟老师约去家里送礼的时间，这点非常重要，因为不预约容易跟别的家长撞见，三方尴尬。那在东北不给老师送礼行不行？当然可以，但是你就要做好准备老师对你的孩子区别对待（大概率），除非你遇到非常有良心的老师（小概率）。那为啥东北会有这样的不正之风呢？博主的解释是因为东北特别宠孩子，特别怕孩子在学校受委屈，所以只能连带着宠老师。这个博主视频下的评论区简直炸了：北方的家长都在问：你们南方真的不送吗？我不信！（同时北方家长晒出了各种给老师的送礼经历）南方的家长都在问：你们北方的说实话，真的都送吗？这怎么可能啊！（同时对实操的可能性提出各种质疑）南北双方形成了巨大的意识流冲突，场面极为壮观。,啥年代了还给红包老师//……//[允悲]// 东北医院陪护900一天还要抢呢 上海三甲一对一陪护 300 江苏这里200多,0,0,0, ,扬帆起航东北的送锦旗送一千18分钟前·辽宁回复葡萄弟弟哈哈哈哈哈那你这个少我知道长春高新区某私立学校家长给买电器，老师退回来了。晚上变成1万现金收了，而且这学校私立小学初中高中都有，都没出过贼牛的成绩高考清华北大都没有，这事保真12分钟前·吉林回复州金融文民工乐明月刚才听一朋友说他东北的朋友单亲家庭，家里负债几万，贷款送礼给老师，太勇了吧39分钟前·广东回复2福福有的老师谁送礼不知道谁没送一下子就知道一39分钟前·吉林回复六州金融文工沐沐麻麻南方真的不送吗，考驾照都还上点礼呢?？2昨天12:07·辽宁回复390颖颖颖考驾照送啥礼啊我的天，不就一个驾照吗昨天12:40·重庆回复金融民工孩子一年级，我家条件一般，昨天给了老师2000，我同事直接甩了1w.昨天13:18·辽宁回复764半糖可乐这么恐怖。不送会怎样？昨天16:23·湖北回复291Mouse半糖可乐座位，从学习找茬，孩子小怎么做都能被抓把柄，天天哭唧唧的闹心，花钱买清净！昨天16:35·辽宁回复312存钱日记北方人，辽宁地区，小学1年级，红包1000，你们呢？昨天10:33·辽宁回复3699飞度你只要把转账记录保存好，孩子毕业了。能全部退回，那个收礼的直接告别教育行业。金额大还可能更严重。昨天12:55·福建回复1044默陌飞度绝昨天12:56·山西回复79木偶飞度转帐谁收，老师又不傻，都是现金。昨天12:56·辽宁回复124M金融安民工军抚顺的，给老师1000老师退回来了，给5000的收了昨天13:27·辽宁回复16060C 抚顺，给老师送金项链因为没有坠都被退回了，后来加个坠老师才收下昨天13:49·辽宁回复金融安民工然长春高中老师，我说了不知道你们信不信，家长凑钱给老师买了一辆奥迪a4昨天21:40·辽宁回复142知足常乐孩子考上清华北大了吗昨天22:15·吉林回复36然.知足常乐初中高中说难听点，哪个家长不去送礼？就咱们东北这风气，你说有不送礼的，这我信，但是毕竟是少数人吧昨天22:38·辽宁回复W景儿知足常乐不是考清华北大的事，是为了自己清净，对孩子好点昨天22:43·吉林回复州金融女民工小鸟爱果果沈阳长白价最高，小学2000起，初中3000起，这是底价，不送老师会点你，当然也不是所有，第一年当班主任的不敢，基本带出来一届第二届就开始创收了。尤其初中老师，班补加手里，一年轻松几十万，基本穿戴都是始祖鸟，v.2分钟前·辽宁回复学霸物理长春据说不好的学校1000，好的学校500019分钟前·吉林回复学霸物理长春据说不好的学校1000，好的学校500019分钟前·吉林回复,教育,惊奇
转发,2025-09-10 19:03:06,3933只狸傻瓜 ??,我猫也这样,0,0,0, ,,其他,中性
转发,2025-09-11 07:09:51,小猫好像是去打听过了，人都吃这个！ ??,怎么你还嫌弃上了,0,0,0, , ,其他,中性
转发,2025-09-11 07:21:10,再也不敢对小猫乱说话了[允悲] ??,我猫完全不鸟我,0,0,0, ,"wackyo蓝手疗愈我突然想到之前小区楼下有一个特别有灵性的猫妈妈，然后她生了一个超级可爱，但是特别凌乱，炸毛的长毛小三花，然后然后有一天我看她们两个很乖乖的揣手手并排的坐在一起，然后我就嘴欠着说了一句这个小三花毛乱的好像一个拖把呀，然后猫妈妈就马上看了一眼小三花，然后又看了一眼我，立马开始给小三花舔毛了，一边舔一边看我！然后舔完更像拖把了。（我有视频！哈哈哈哈）4天前四川回复枫我来！猫咪快十岁了，我女儿有次说它是只吃白饭的猫，然后它每晚一到凌晨就开始每个房间巡视并喵呜喵呜叫，证明自己有站岗不是吃白饭的猫1天前河北回复momo 听得懂，全家人都跟他告别过后，我跟他说，放心走吧，以后要再来找妈妈，最后像每天上班前那样跟他说了声“拜拜”，他才终于合上了眼睛2024-01-10回复Meow（减肥成功保持体重版）真的会，我固定喂的一只小流浪，每次看到我就会超大声的叫，要吃的，有一次我说它：你好吵，声音太大了，能不能小声点。它真的小声了一点，我让它再小声一点，尾音不要拖那么长，它就再小声一点从喵嗷嗷嗷嗷嗷嗷嗷嗷啊变成喵嗷嗷嗷，我觉得很好玩，一直让它小声一点，最后它张嘴特别特别轻的喵？了一声，太可爱啦08-29JiangsuReplyTranslate下沙文泽柠檬奶（试营业版）我每天对着我家猫说“妈妈xXxx""，有天听见她突然喊“妈妈”，还有没粮了会喊“好饿”有的时候晚上搁那儿一直叫不像平时喵喵喵，像在学说话一样08-27ZhejiangReply Translate冥顽灵秀外面喂的流浪猫。有次我笑他毛乱七八糟真脏，然后肉眼可见的低落，我回到家从窗户一看小家伙正在认真梳理毛，从此每天都特认真舔毛08-28TianjinReply Translate",其他,中性
转发,2025-09-11 11:32:28,只要你接！ ??,//！[抱一抱]非常有钱！非常会花钱！//[亲亲]！接！非常有钱，非常会花钱！// ////！////////！////,0,0,0, ,你命里非常有钱。,其他,中性
转发,2025-09-11 12:15:42,“狐狸嫁女”是流传于日本本州、四国和九州地区的民间传说，这类怪谈故事元素包括被想象为夜空中悬浮的纸灯笼的鬼火、神道色彩浓厚的婚礼仪式、狐狸组成的送亲队伍等。在青森县等地，狐狸嫁女的传说往往与天气现象有关，太阳雨也被称为“狐雨”。 ??,妹说退婚就是同意//，狐主任要嫁人//……不是，谁娶啊？////[笑cry]////？？？藏狐也是狐是吧[费解],0,0,0, ,thefox'swedding anilustratedcompcndium ofJapanesef塘2.9万822:02探访海南热带雨林国家公园！狐主任带你寻找隐藏在雨林中的秘密,其他,中性
转发,2025-09-11 12:57:56,【#外骨骼帮助残障人士登上长城#】#120斤记者穿上外骨骼秒变大力士# 9月10日，来自延庆区康庄镇温馨家园的5位残障人士，在“外骨骼”设备的助力下，顺利攀登八达岭长城北线，圆梦“好汉之旅”。此前，温馨家园了解到八达岭景区已引进了“外骨骼”科技设备，社区工作人员主动联系景区技术团队，学习设备操作，掌握穿戴调节、步态配合、紧急制动等各项细节，只为帮助残障人士圆梦长城之旅。而在首钢园举办的服贸会里，一批外骨骼机器人也登陆展区供参会者体验。在工作人员的帮助下，记者在现场体验了一款VIATRIX增程动力外骨骼机器人，穿戴之后，记者简单运动了几分钟，发现自身力量得到了显著加强，托举和提起重物时，外骨骼机器人会释放一种同向的力，极大减轻了使用者的负担。#聚焦2025年服贸会#据工作人员介绍，这款外骨骼机器人重约3千克，续航可达4小时，穿上之后，配合AI步态算法，该款外骨骼机器人可在健身、户外登山、徒步、骑行时为使用者提供助力，腿部力量可提升50%，体能消耗降低30%。（ 记者 李竞择 高悦 鲍佳宇）,所以未来只需要一个脑袋是吧////,0,0,0, , ,科技,中性
转发,2025-09-11 12:58:53,【#全球首富现任妻子是中国姑娘#】9月10日，据彭博亿万富豪指数，甲骨文联合创始人拉里·埃里森（Larry Ellison）的财富达到3930亿美元，超越马斯克，成为全球首富。拉里·埃里森的第六任妻子，是34岁的中国姑娘朱乔琳。朱乔琳1991年出生于辽宁省沈阳市，高中赴美留学，毕业于密歇根大学，获国际研究学士。2017年开始，朱乔琳成为拉里·埃里森身边的女伴。2024年12月，两人的婚姻信息被曝出。,这标题是很自豪还是啥，我家闺女找了有钱老头？,0,0,0, , ,其他,惊奇
转发,2025-09-11 16:07:57,#电影罗小黑战记2#?烈日灼目 ??,哼,0,0,0, ,,其他,中性
转发,2025-09-11 16:19:14,几名大学生租车游西安，结果车子竟然被租车公司的人员偷偷划伤…[流汗][流汗][流汗]几个大学生在西安一家租车公司租了一辆特斯拉model3，发现没有行车记录仪，客服说为了保护隐私（其实是防止拍下作案证据），然后几名学生自费购买了一个装上了。有趣的事情来了，客服称车辆gps掉线，派人检查后确认安全，又称要给车上放点东西，学生同意并提供了位置，一通操作之后，结果行车记录仪晚上就拍下车辆被恶意划伤！学生报警处理，警方迅速锁定嫌疑人并传唤。最后处理结果，租车公司退剩余租金，嫌疑人赔偿精神损失和租车费用。照理说，这样的公司应该狠狠罚钱到倒闭，几个敲诈者也应该判刑！[怒] #热点现场##中长视频流量扶持计划#,谁敢去西安//，应该拘留的//，营商环境好啊[doge][doge]甚至有人在火车站前开办了假派出所，解决了很多毕业大学生的就业问题//。。。秦始皇来了都能被假冒的地方。。。#唐人大# 。。。////,0,0,0,唐人大, ,公安,愤怒
转发,2025-09-11 20:42:23,绝大多数人不会因为认知提高了就能过好日子，对绝大多数人而言，提升安身立命的技能水平更重要一些。 ??,光有技能守不住钱，都提高才能真的活好活顺活踏实//，输入法奴隶→//，否则只是自称认知提高了////，但能有效避免已经在过好日子的人瞬间跌落谷底。而安身立命的技能则恰好与之相反，比如厨艺能让人发家致富，但不能防范诈骗。所以最好二者都有。,0,0,0, , ,其他,中性
转发,2025-09-12 15:20:54,用小狗视角看发呆的小狗 ??,来我家看猫,0,0,0, , ,其他,中性
转发,2025-09-12 15:21:26,推主买了婴儿车，但儿子在玩箱子，猫在婴儿车上，好像不是想像中的画面w ??,猫帮你用，猫好,0,0,0, ,raplbe,其他,中性
转发,2025-09-12 17:05:28,笑死我了，我今年听的两句很精彩的刻薄话：“不咸不辣就是美食荒漠”“文青读书是为了引喻失义”。 ??,笑死，土鳖的自信//// :这两句刻薄话都在看不起人但是实在是很好笑。,0,0,0, , ,其他,喜悦
转发,2025-09-13 09:51:49,【#西贝召开1.8万名员工与罗永浩作战大会#】9月13日消息，网友发布的截图显示，西贝在12日晚22点召开了作战大会，标题为“西贝1.8万名伙伴跟罗永浩之战”动员大会。（鞭牛士）#贾国龙为什么必须硬刚罗永浩##贾国龙称生意不做了也要刚到底# ????,作战大会哈哈哈哈哈////,0,0,0, , ,其他,喜悦
转发,2025-09-13 16:06:14,看到一句话： 渣男唯一的缺点就是渣，老实人唯一的优点就是老实。 ??,现在的老实人意思是胆小鬼吧//人叫渣男，光出轨不叫渣//…一般人既遇不到渣男也遇不到老实人，都是遇到跟自己差不多的无魅力半吊子，所以有幻想//……,0,0,0, , ,其他,中性
转发,2025-09-13 16:09:07,《间谍过家家》第三季 正式预告 公开?将于 10/4 晚 开播！可可爱爱阿尼亚回归！#间谍过家家##二次元招新季# ??,这什么好东西,0,0,0, , ,娱乐,喜悦
转发,2025-09-13 20:39:36,无限#罗小黑战记[超话]##罗小黑战记# ??,嗨美女,0,0,0, ,,其他,中性
转发,2025-09-14 16:39:39,真的拍到了光伏羊！青海龙羊峡水库旁的塔拉滩，这里曾经饱受土地荒漠化的影响。不过现在随着国内首个千万千瓦级太阳能发电基地的建设，光伏板挡住了大量的阳光与强风，让土地上重新焕发了绿意。为了防止草长的过高，电站与周边牧民合作，在光伏板间放起了“光伏羊?”。拍摄：大疆御4Pro ISO100 f2.8 1/240s 70mm这张照片是我《绿色未来》系列的一部分，系列作品会于9.19-9.23在平遥摄影节展出，欢迎大家线下观看～#微博摄影##微博影像年##风景摄影#,这些羊肉应该都很好吃吧//[比耶]//……//////[good]话说光伏羊听起来也像是宝可梦的名字[笑cry]////,0,0,0, ,,能源环保,惊奇
转发,2025-09-14 16:48:57,你永远不知道奶牛猫下一步要干什么！ ??,抓鬼呢,0,0,0, , ,其他,中性
转发,2025-09-14 22:10:18,乖乖做雾化治疗的小狗，一脸懵懵的不理解但很配合[抱一抱] ??,棉花团子,0,0,0, , ,其他,中性
转发,2025-09-14 23:26:19,哈哈哈哈哈哈哈哈哈哈哈哈哈哈哈哈哈哈哈哈哈哈哈哈哈哈哈哈哈哈哈哈哈哈哈哈哈哈哈哈哈哈哈哈啊哈哈哈哈哈哈哈哈哈哈哈哈哈哈哈哈哈哈哈哈哈哈哈哈哈哈哈哈哈哈哈哈哈哈哈哈哈哈哈哈哈哈哈哈机器人：我记得我刚刚给过你脸了 ??,机器人多好的脾气//……////。。。//////////,0,0,0, , ,科技,喜悦
转发,2025-09-14 23:37:50,我靠今天看了一个特别棒的青春番《堀与宫村》，友情爱情全部直球，笑死5集就完成了工藤新一几百集的任务。 ??,超级好看，没想到我是这样的人,0,0,0, , ,其他,喜悦
转发,2025-09-16 07:54:11,下个月进入丙戌，丙戌接引明年丙火，火光闪烁，如火如荼，丙火里所以有一个的关键词，归位，复位，曾经那些你求之不得，或者曾经失去的东西，都会加倍的返还给你，而且毫不费力。 ??,////[祈祷][祈祷][祈祷],0,0,0, , ,其他,中性
转发,2025-09-16 14:39:43,小门小户娇生惯养，这不吃那不吃。要我说爱吃不吃，不吃死切。 ??,最嫌弃食堂饭菜的都是一脸抠门相的穷人同事，什么红烧肉不正宗，海带汤里没有虾米。,0,0,0, , ,其他,愤怒
转发,2025-09-16 14:42:33,突然反应过来：想要了解或重温鹿野的相关剧情、故事细节，目前还只能进电影院看，或者重刷。鹿野太有魅力了。刷一次就想说一次。虽然大家都讲过这个事实但还是要重复的：鹿野太有魅力了。从理性层面上讲，她冷静、强实力、判断力强、目标明确。她能说“我是最强的”，那就是最强的，接收到事情，立刻亲自前往，揪出真相。她能立“一天之内，我一定会找到真凶”的期限，就必能达成、说到做到。她从开始就明确地知道“师父没有危险”，也从一开始就明白“我要解决的是整个事件”。这对应到、听长老们谈话那短时间内，她察觉到整个事件背后的真正问题所在：“如果找不到主谋，战争就会爆发”。为了这个目标，对规矩做了取舍，比如炸传送门甩开甲乙，比如“借”车等等。鹿野的理性思维是相当明显和客观的，算是这个角色给大众的前置印象。她用理性来编排行动：一切都是为了快速解决问题。她的做事风格看似大刀阔斧，实际对事情的把控、和她对金属的掌控一样，一根线，精准而锐利，能让最终损失尽力最小化。对各领域细节的了解也细致，比如飞机迫降那段的应急安排。虽然这可能是作为总会馆感知组组长具备的技能，就像泽宇知道各个机型一样，但是也可能是她了解得、学得够深够快，所以四十岁成功当领导的呢。总之，这样的把控，让她在短短一天之内做了从散播到聚拢式、再从聚拢到定点的探查。和她的追毫一样，从遍布大地的灵，聚拢成清晰的一条路径。同时在行动中准备了多条解决问题路径，比如预判反派小队高空行动的两种可能，对付一，是在酒店顶层贴了符，对付二，就是飞机上的打斗和救援。最后一击必中，找到对方老巢。从感性层面上来讲，她非常重情义、且有恰到好处的细心，和闲暇透出的幽默。以前的师父和朋友们死在人类的战火里，她自此对战争痛恨入骨，在大事面前无比地坚定于妖精立场。这是她内心的义，她会为此赴汤蹈火。现在的师父受阻碍，她作为总馆感知组组长、可能本是负责相关调查的领导，会直接表明立场并表态，首先这事儿不对，其次“那谁来保证他的安全”。其实后来看，馆长原就没打算拦她，毕竟要是她不能负责，也是泽宇去干。但就是，公私啊，流程嘛，明确表达立场了，就不能明面放宽了。小黑的助力有小黑的坚持，鹿野本身做好了独自解决、并且独自面对可能是长老级别的对手的打算的。可以说，感性部分，是鹿野原发的锚点和立场，和行事最初的驱动。这也是她看起来严肃却不冷酷的原因。还有很多细节：比如，带小黑的两天时间里，紧急探查中，她会腾出机会让小黑表现和锻炼，会录着视频大笑。看到小猫在旁边走，多看几秒。路上小黑跑到大喘气后，下一个画面就是鹿野拦了车，两人坐上去，小黑在副驾吃小点心。还有两顿大餐，一顿“在执行者里非常有名”的粤东菜馆，一顿在最好的酒店里，点了一整桌菜，里面靠近小黑摆放的，有一整只烤鸡、几份肉排、甜点是奶油可丽饼，还有其他甜品，放在架子上，这几乎是冲着小孩长身体+爱吃的菜单来的。确实很对胃，小黑吃得狼吞虎咽的。鹿野一边跟他聊天，一边吃鱼子酱鹅肝，配好贵的酒，没碰小黑那边的菜。且点菜时小黑在洗澡。等于她相处一天，大概摸清了小黑爱吃什么，点到小孩的最好评，不是问题。也有一种可能是，她亲自带过徒弟，也大概知道这个年纪的爱吃什么：大肉，甜食。选定这些，上最好的，完事。还有一个点，是无法简单用感性和理性二元去说的：她很明白自己的喜恶、和底线。比如问她：你不是讨厌人类吗？她回的是：我更讨厌战争。宏观的影响，永远胜于具象的爱恨，鹿野明确知道这点。与其说她讨厌人类，不如说她讨厌人类这样生物，因大规模、快速的繁衍，和反自然变革等缘由、所带来的战争行为。在她那里，第一要务永远是制止战争，扩大她所能、再尽她所能的掐灭战争的可能性。其他的问题，都会在这个最大矛盾前后置。她内心有个专门针对这个问题的杠杆：若维护人类与妖精的和平，是维护妖精方最大和平和最小牺牲的最优解，她就会去做。即便这个杠杆相当难平衡她的个人爱恨、会让她拥有违背感，她也会把这些问题归于其他，将其后置。这是她符合自我认知逻辑的理性选择。如果真的完全阻止不了呢？如果这个和平无法抵抗地被打破呢？那就可以回到感性的第一条：她会选择站妖精那边，也就是自己内心认定的情义那一方。并且以最大努力减少这一方的伤亡。这是她坚定不变的感性选择。理性感性在她身上的体现都并不矛盾，这个角色的魅力也集中于此。她贯穿电影的解决路径，也是她用个人行事风格来制衡各方势力的表现。不知道用什么结尾了，就还是：鹿野真的！太！有！魅力了！太！有！魅力了！！#电影罗小黑战记2#,刺客鹿野传//……小猫！！[打call]////。//，有小黑的师姐，无限的徒弟，泽宇的师父，感知组组长，以及独处时的她自己本人，这么多关系的每一面鹿野都处理得游刃有余。其中也有鹿野的日常，惊险刺激的办案，剑拔弩张的对峙，云淡风轻的生活，挣扎着从战后创伤中把自己救出来，站到阳光下,0,0,0, , ,其他,中性
转发,2025-09-16 14:53:31,[卡皮巴拉]池长老穿得最保守的一次（ ??,鼠标垫！,0,0,0, ,有料,其他,中性
转发,2025-09-16 14:53:42,很喜欢猫猫那种遇到任何它们无法理解的东西就把它扇出屎的态度。 ??,我学,0,0,0, , ,其他,中性
转发,2025-09-16 14:54:00,赏味期即将到期的比格犬 ??,赏味巅峰期,0,0,0, , ,其他,中性
转发,2025-09-16 15:00:41,感觉30岁左右好有意思，心智上有成长，身体机能上又有退化，边进边退的，人确实无法同时拥有青春和对青春的感受，因为在拥有的时候往往不知道自己在拥有什么，直到开始失去，能做的就是好好珍惜现在和即将到来的拥有 ??,没事的，只要不生孩子，30岁开始健身，会越来越好的//，但莫名其妙三十岁骨骼肌就开始想退休了//，现在被吐槽体能差的时候我都直说但我开始长脑子了嘿嘿//[笑cry]////////。。,0,0,0, , ,其他,中性
转发,2025-09-16 15:04:04,苹果除了偷偷改了韩国版的手势之外，还改了中国区AirPods的文案...真的很谨慎 ??,////////……//,0,0,0, ,AirpodsPro3预购超长电池续航从早到晚，都能畅快听。magSafe充电盒满载实用功能，比如内置的扬声器和更强的精确查找功能，可助你实时追踪AirpodsPpro3的位置二。而现在充满一次电，就能陪你从早忙到晚，加加班也没问题。AirPodsPro3Pre-order All-day battery life They're workin'9to5.TheMagSafeChargingCase is full of helpful features—likea built-in speaker and morepowerfulPrecisionFinding—that let you keep track of your AirPodsPro 3nomatter where they are.2Andnowjustasinglechargewill takeyou all the way through the workday.Plusovertime.,其他,中性
转发,2025-09-17 07:12:55,特别萌的金门泽宇是不是为了不吃无限做的饭所以急转弯[doge][doge]#罗小黑战记2# ??,拿好师叔,0,0,0, ,一点金门…太师父早时间线混乱f 泽宇啊，早正好，要不去我家吃早晚晕到了太师父再见好，注意安全拿好你师叔别摔了特训得有1.4的亚成小,其他,中性
转发,2025-09-17 09:05:55,629???【】很好吓的咪 ??,抱走,0,0,0, ,nullnullnull,其他,恐惧
转发,2025-09-17 09:06:07,审比积累 ??,我来,0,0,0, ,nullnullnullnullnullnullnullnullnull,其他,中性
转发,2025-09-17 09:31:40,恭喜你，此局已破，要进入人生上升期了。 ??,我////// //,0,0,0, ,,其他,中性
转发,2025-09-17 12:46:21,“美肚莎”#奶肚陷阱# （投稿： ） ??,我每天下班的工作,0,0,0, , ,其他,中性
转发,2025-09-17 14:24:59,4191只狸人，我要走进你的人生 ??,漂亮小笨蛋,0,0,0, ,nullnullnull,其他,中性
转发,2025-09-17 14:26:33,?BreakThroughNews：法官驳回了对路易吉·曼吉奥内提出的两项州级恐怖主义指控之后，路易吉只剩二级谋杀等九项罪名。?基本无法判决死刑了。#海外新鲜事##热点现场# ??,监狱伙食还不错？//？//////，俺朋友：这就只是一个意大利男的啊。我发路易吉，俺朋友：真帅啊。,0,0,0, , ,司法,中性
转发,2025-09-17 15:10:15,鼠鼠的安全座椅，系着安全带好可爱cr：d2_c1 ??,,0,0,0, , ,其他,喜悦
转发,2025-09-17 16:52:46,小猫偷听? ??,偷走小猫,0,0,0, ,ier,其他,中性
转发,2025-09-17 17:30:43,服了这个车，被我钳制住，但是偷偷舔我的手 ??,小猫不懂,0,0,0, ,,其他,愤怒
转发,2025-09-17 17:39:16,上下五千年 现在是对女性最好的时代了 ??,贱兮兮的，说明不是真人//////……说，你是不是活人// 最好的时代，别睡在最坏的选项里,0,0,0, ,,其他,中性
转发,2025-09-17 17:41:14,上班上学#罗小黑战记[超话]##罗小黑战记# ??,乖，小黑，去学校吃早饭,0,0,0, ,ia S,其他,中性
转发,2025-09-18 07:10:46,小猫被骂废物后，我把捕鼠战绩发遍图书馆去年备考期间，我认识了图书馆的小狸花猫。小猫名叫“白鼻头”，我初次得知时，还惊讶于名字的朴实无华。 小猫脖子有道伤疤，查阅猫咪档案，发现它有一个宿敌叫做“丧彪”。两猫经常打架，白鼻头屡战屡败。 舍友气恼猫协取名的偏心，白鼻头听名字就就很难打败丧彪，于是重新给它取了一个旗鼓相当的名字“刀疤”，我们常称它“小疤”。 与小疤相识的那天，我早晨得知老鼠偷咬了同学的苹果，夜晚小疤就溜达到了图书馆北厅，整只猫横躺在路上博取关注。 我开玩笑地请求小疤解决一下老鼠，第二天老鼠的尸体就出现在了北厅的地板。而小疤则累倒在了同学的钓鱼凳，睡到中午十一点才起床。 这一投名状交完，我为小疤购入了几袋猫粮，每天等待猫猫大王驾到。小疤也尽职尽责，又连捉两只老鼠，平息了图书馆鼠患。 此后，小疤每天在北厅等待放饭，我与小疤的感情日久弥新。偶尔，小疤贪玩没有按时出现，便与舍友惶惶不安，生怕可爱的小疤被人绑架带走，直到小疤出现，才长舒一口气称对方的“疤贝尔”回来了。 今年图书馆又起鼠患，搬动沙发时，底部的老鼠流窜出来。附近的同学受到惊吓不敢动作，老鼠感受到人的恐惧，也停留在原地。 正巧，小疤在人身旁酣睡。图书馆对小疤的存在一向颇有微词，我顿时计上心头，一把将小疤抱往老鼠出现的地方，期待小疤当众表现一番。 小疤意识刚清醒，看见老鼠就扑了上去。大厅地面光滑，小疤进攻时脚底一滑，老鼠借机逃窜上了二楼。 两个男生见状，大骂小疤是废物！ 我听了怒火中烧，懊悔不该让小疤出手，好猫没好报。如果不是小疤吓跑老鼠，他们还不敢坐回位置学习。 三天后，事情出现转机。我正在北厅背书，小疤躺在凳子下方，突然爆起咬住一只老鼠。猫儿这个迅猛，猫儿这个英勇，猫儿才不是废物。我拍下证据，脑海灵光一现，要为小疤设计了一份海报，挽回男明星的声誉。 海报到手后，我在图书馆偷偷摸摸四处发放。第二天，碰巧馆内举办活动，馆长和一位女老师看到小疤的资讯，哈哈大笑，走前又把海报整理好，摆放回原处。 小疤我为你付出了太多。人生二十余载，未追过明星，却偷偷做了一只小猫的站姐。,猫好//[奶牛猫][奶牛猫]//，为小猫正名！////！！！！猫好男坏！//,0,0,0, ,ins nEwS 校园新讯校「图书馆捕鼠工作大开展帅猫冷面退恶鼠夏日酷暑，图书馆老鼠猖獗。夜帅猫为求美味罐头而假寐人旁，鼠未感猫之威严，流窜人前，猫暴起杀之。猫夏E 之魁梧，猫之善意，人难相忘。麻已缉捕老鼠7只自2024年8月，猫入驻图书馆当晚，于馆内北厅捕捉老鼠一只，两月内又连续捕获两只。此后，据同学目击，又在图书馆正门前捕获一只，后门两只。近日，又于北厅积极参与鼠患整顿工作，公开捕鼠一只，由同学留下珍贵影相。若遇恶鼠积极寻求帮助几周前，帅猫参与捕鼠工作，略有失误导致老鼠逃脱，遭同学恶评，出此公告证明猫之能力。纸张后为空白，可做草稿纸使用。,教育,中性
转发,2025-09-18 07:17:33,脸颊[太开心]#罗小黑战记[超话]##罗小黑战记# ??,我来摸我来摸,0,0,0, ,,其他,中性
转发,2025-09-18 07:18:56,[可乐][么么哒]#罗小黑战记[超话]##罗小黑战记##电影罗小黑战记2# ??,嘴努子！,0,0,0, ,,其他,中性
转发,2025-09-18 07:33:21,最愤怒最难过的是这个被多次证实的现象：电商向农村发假货。这种发展岂止是不均衡，是把一些人完全地不当人看。 ??,下地狱////////，并且知道此势已不可挡，历史没有找到善良的通道。,0,0,0, ,卡1士伽coconutcrisp COCONUTCRISP 椰片脆饼椰片脆饼争含量：162克向农村发假货，原来是真的.之前看网上沸沸扬扬的说，电商平台一般发货是分城市与农村一线城市与二线城市，原来是真的。之前。无意在亲戚家尝过这个饼干，我爸感觉还挺好吃的。当时就在包下单。到了这么多天我也没打开过。无意中打开一块，发现皮掉了。跟我原来吃的那个口感不一样。我也是找了商家协商自己退款后。他还让我把样品寄给他。今天无意中发现他里面两款饼干颜色不一样。就嗅到了不同寻常。结果果然发现淡颜色的包装是脆的。深颜色的包装是皮的。好赖货掺着卖。#饼干推荐#太好吃了淘宝店安利#又淘到好吃的说点什么1万15893016打过暑假工，电商真的是这样的，我打的4294是南极人，他们就是上海广州北京一线城市发正品，而且特别是上海查的严发往上海的包裹都是和别的城市区别开来的，包装也很细致，二三线的啦就随便包包，放的也是生产线上的劣质或者瑕疵品昨天14:02江苏回复作者赞过,其他,愤怒
转发,2025-09-18 13:53:43,正在为公司员工充电的小金毛 ??,我来啦,0,0,0, , ,其他,喜悦
转发,2025-09-18 15:07:26,我的小狗就这样在茶几下盯着我吃东西#动物奇趣# ??,你不惭愧吗麻麻,0,0,0, , ,其他,惊奇
转发,2025-09-18 20:00:47,麻烦大家帮忙照看一下小猫 ??,送到我家谢谢,0,0,0, , ,其他,中性
转发,2025-09-19 06:36:56,出门#罗小黑战记[超话]##罗小黑战记# ??,美女妈咪送崽上学,0,0,0, ,Repost 无断25AI学习自作凳言禁止loidasn uctionang,其他,中性
转发,2025-09-19 07:12:37,#罗小黑战记[超话]##罗小黑战记大电影[超话]#“鹿野大人有了新趴肩呢。”#罗小黑战记2##鹿野##授权自印# ??,这个幸福的女人[怒],0,0,0, ,,其他,喜悦
转发,2025-09-19 10:22:33,羊毛大师小浪汇报说自己发现一个巨大的羊毛！——天津殡仪馆，一个大厅含俩标间俩卫浴，麦克风啥的都有，条件又好地方又大，三天两晚才六千，办个小型会议啥的，性价比太高了。（人家其实还有烧，但这个羊毛实在薅不动了） ??,适合举办讨论古人古文等一切活动//,0,0,0, ,小浪殡仪馆举行！请罗师指示！小浪：比如罗教第一次全体大会（含旅游），就可以考虑.,其他,中性
转发,2025-09-19 17:22:28,看到一句形容强制爱文学的话：“行为上的强求，精神上的乞求。”一定要有爱，一定要纠缠...好吃～ ??,吃一口//////,0,0,0, , ,其他,中性
转发,2025-09-19 17:27:08,#罗小黑战记# #虫师# 灵，妖，虫，人。（有没有懂的……都是令人安详的淡淡的那种氛围的故事，我非常喜欢虫师[熊猫]） ???,般配,0,0,0, ,LXHMSHIS1,其他,中性
转发,2025-09-21 08:46:44,2385我真有点受不了了……美国联邦住房和城市发展部遭黑客攻击：投屏上循环播放AI制作的特朗普给马斯克吃?视频，大楼工作人员无法找到关闭视频的方法，只能派人到每一层楼去拔掉电视的电源……… ??,好哦//////？////？？//////////////？科幻片照进现实,0,0,0, ,LOn therea king EREAT,其他,中性
转发,2025-09-21 16:45:17,我不好惹，但我也特别困。#daily奶牛猫# （投稿： ） ??,很好惹,0,0,0, , ,其他,中性
转发,2025-09-21 16:46:58,肖明瑫中考449转学籍借读武外违规保送武大的事查了吗？武大肖明瑫同学中考仅449分未达武汉外国语学校资格生最低录取分数线，其借读学籍如何挤占本校生名额拿到武大保送资格？ #武大撤销肖某某记过处分# ??,////。////，bro都沉默了[拜拜]正义感这时候不灵了[允悲]//，彻查，如果不是这样的话也可以发通告还肖明瑫清白，不要冤枉了一个清纯无辜的湿疹男孩[捂嘴哭],2,0,0, , ,教育,惊奇
转发,2025-09-21 17:22:09,#罗小黑战记[超话]# 上学路#罗小黑战记# ??,小宝宝们，我全部骗走,0,0,0, ,,其他,中性
转发,2025-09-22 09:55:48,看到这里笑的想死 ??,我觉得这个东西就是，人一旦发现了新的权力角落，就会产生性欲////,0,0,0, ,现在好多电视剧，除了吸取我国古代封建制度外。还融合了古日本傀儡天皇无权舔狗制，古朝鲜的嫡庶有别从母制庶孽禁锢法，印度的种姓不互通制，古欧洲的贵庶不通婚法则，乃至美国曾经有过的一滴血法则。中东伊斯兰教的“荣誉谋杀”融合了各个社会的封建制度之后，那叫一个集世界之封建，聚天下之糟。添加表情,其他,中性
转发,2025-09-22 15:44:43,上海学生餐抗议爆发至今已经超过6天了。涉事公司绿捷实业没有任何回应，更不承诺任何整改，一切仿佛与己无关。 ??,////，真是傲慢，但我不想看到这件事就这么沉寂下去////。#上海绿捷背后到底是谁#,0,0,0,上海绿捷背后到底是谁, ,公安,愤怒
转发,2025-09-22 16:21:58,小心点！你被奶牛猫盯上了！ ??,快来盯我,0,0,0, , ,其他,中性
转发,2025-09-22 16:36:33,烟花团队的人暂且不表，始祖鸟这么大的户外品牌，对于这种行为就没点评估吗？？？ ??,领导觉得你们既然做这件事，应该调研过了吧，下属觉得领导既然批了，就是没问题的吧//。//////////，这荔枝送不到吗”“你去说啊？”,0,0,0, , ,时尚,中性
转发,2025-09-22 17:04:21,没见过这么小的蝙蝠侠吗 ??,我来偷走,0,0,0, , ,其他,惊奇
转发,2025-09-22 17:47:40,能对过去现在未来任何一轮明月说出可恨二字的，都不配抬头见明月。你懂什么是明月吗？你懂个几把 ??,我现在觉得随便吧，如果这回的明月是我，让无能的人随便恨一恨我也没啥意见，我们做明月的，就是这么有格局，要是来打我的话，我正愁没煞笔给我殴打////。//,0,0,0, , ,其他,愤怒
转发,2025-09-22 17:50:25,喜欢这个 ??,我立刻搜,0,0,0, ,MITORAKARUNA HERBANDSPICE I0o%.HOMEMADE ALLNATURAL VEGAN SWEETS.,其他,喜悦
转发,2025-09-22 17:57:07,非常6+7 ??,感觉有一点点智商，但是不多//,0,0,0, ,,其他,中性
转发,2025-09-22 20:21:48,周作人回忆说，有个叫胡仁源的工科男，对鲁迅大谈实业救国，问鲁迅“学了文科有什么用”。鲁迅回答道：“学文科的人知道理工也有用，这是他们的长处。” ??,?//////,0,0,0, , ,其他,中性
转发,2025-09-22 21:43:02,? ??,哎呀可爱鼠,0,0,0, ,,其他,喜悦
转发,2025-09-23 07:26:55,掌管农场的奶牛猫农场主???cr：neko ufarm ??,这个大脸蛋,0,0,0, , ,其他,中性
转发,2025-09-23 07:27:49,猫瘾犯了根本控制不住！ ??,是我,0,0,0, , ,其他,中性
转发,2025-09-23 16:51:37,用耳朵打招呼的萨摩耶[哇] ??,偷走宝宝,0,0,0, , ,其他,中性
转发,2025-09-24 07:10:04,让你们见识一下，什么叫垄断性企业的傲慢。拖了这么多天，在网民的连日追问下才回应，结果就甩给你们两行字。是谁给了你们如此傲慢的底气呢[流浪地球2]#上海绿捷道歉# ??,什么肆?肆，都显得格局小了//，何至于还要出来敷衍两句,0,0,0, ,X 上海绿捷致歉澎湃新闻2025年09月23日16:23听全文“绿捷食品”微信公号明对于涉及此事的学生和家长，我们表示最诚挚的歉意。对于有关部门采取的措施，我们全面接受，全力配合。上海绿捷9月83公众号·绿捷食品此前通报：澎湃澎湃新闻直播中5142推荐写留言,其他,愤怒
转发,2025-09-24 07:10:41,意大利爆发大规模工人游行活动，由基层工会发起的十万意大利工人在意大利各地举办大罢工，抗议意大利政府拒绝承认巴勒斯坦国！最牛的是码头工人，他们放言，提供“有一条全球坚韧船队（人道主义援助船队）的物资到达不了加沙，哪怕只是断联20分钟，他们将封锁所有欧洲前往以色列的货物运输”上一次码头工人大罢工还是二战反法西斯运动…工人阶级万岁！,////！,0,0,0, ,STOP THE CRIERMACIA GAZAsiop vCYCLE PEAT DESERVESAPLACE TOCAuHOME,其他,中性
转发,2025-09-24 14:46:13,尊重奶牛猫的选择 ??,偷走,0,0,0, , ,其他,中性
转发,2025-09-24 19:59:34,漂亮 ??,好傻好漂亮,0,0,0, ,,其他,喜悦
转发,2025-09-25 06:36:27,【#北大教授俞孔坚巴西坠机遇难#】#俞孔坚坠机遇难#巴西当地时间9月23日，北京大学建筑与景观设计学院俞孔坚教授不幸遭遇坠机身亡，终年62岁。澎湃新闻从北京大学有关人士方面确认了这一噩耗。（澎湃新闻） ??,what？天呐,0,0,0, , ,教育，政务,惊奇
转发,2025-09-25 07:36:35,抵制华为。傻B企业。今天依然不放假。而且为了不放假，不让保洁保安食堂工作人员回家，只能住在会议室和地库。工贼企业。社会主义国家头部企业能邪恶成这样也没谁了。 ??,////////。何必呢……//……今天雨下得我都看不见隔壁栋了他们还要上班……,0,0,0, , ,公安,愤怒
转发,2025-09-25 11:57:28,高敏感人感受到的一切不适 不对劲 说不清道不明的奇怪感觉都是对的，我已经反复验证过了 ??,敏感本来是一种优势，敏感以后怎么处理情绪和问题这才是比较难搞的，多数人没能力处理这些东西，敏感成了诅咒//。//，因为我以前就是高敏感人，别人可能眼睛里进沙子翻个白眼我都觉得她是不是对我有意见[淡淡的]所以解决这个问题的办法就是别拿自己太当一盘菜了[开摆]//,0,0,0, , ,其他,中性
转发,2025-09-25 13:29:20,涂鸦#罗小黑战记[超话]##罗小黑战记# ??,又是这个幸福的男人,0,0,0, ,次5,其他,中性
转发,2025-09-26 07:08:34,无用的事才是重要的事啊。看夕阳、听雨、在河边吹风、听清晨的鸟叫和傍晚的虫鸣，狠狠地咬下一口热腾腾的炸鸡，把甜点塞进第二个胃里，写无人阅读的文字，看考试不考的闲书。在这些不必要的小事里，我才能感到自己活着。 ??,应该说做一切有用的事是为了无用的事//,0,0,0, , ,其他,中性
转发,2025-09-26 07:16:02,关于绿捷在上海的产业链，搜狐还挖出一条信息：绿捷“公司还是疫情期间上海市保障物资供应商之一，且是方舱医院食品保供企业。”为了这部分业务，绿捷2022年连续注册了4家子公司，2024年1月全部注销。 ??,////？////////[费解]//，感恩[good],0,0,0, , ,其他,中性
转发,2025-09-26 07:37:00,这场闹剧何时能停池长老看起来不太高兴，是不是也想穿裙子[笑而不语]cr:xhs 鸦飞在野#罗小黑战记2# ??,你看他多开心啊,0,0,0, ,nullnullnull,其他,喜悦
转发,2025-09-26 09:51:52,“每天都在掏小奶裤裆嘿嘿[太开心]”#daily奶牛猫# （投稿： ） ??,我的日常[哈哈],0,0,0, ,,其他,喜悦
转发,2025-09-26 20:35:28,【】我招人就这样： #乌萨奇 你是汉族吗# ??,乌尔善老家的//？灵感菇一族？//,0,0,0, ,您是否接受此工作地点？暂不考虑可以接受10:47招实习的么已读11:04招的你是汉族吗还是我看你这边的昵称叫乌萨奇,其他,中性
转发,2025-09-27 16:48:55,AI 生成 - 《进击的巨人》拍摄片场 ??,过于完美大众//……// :我再看一遍// :卧槽…// :埃尔文好帅再看一眼// :真厉害啊，再过几年不知道会变成什么样[哆啦A梦吃惊]明年就会有人拿AI来做电影了吧,0,0,0, , ,其他,惊奇
转发,2025-09-27 16:58:30,[么么哒] ??,完美的一尊猫猫,0,0,0, ,,其他,喜悦
转发,2025-09-27 17:01:24,猫瘾犯了 ??,小黑萨马,0,0,0, ,,其他,中性
转发,2025-09-27 20:04:49,不像师父亲生的，像师父亲自生的（#罗小黑战记# ??,是闺女,0,0,0, ,,其他,中性
转发,2025-09-28 07:26:30,?：我要长高高，我要长高高#动物奇遇记# ??,妈耶很会吃么,0,0,0, , ,其他,惊奇
转发,2025-09-28 15:14:30,曹老板说他薄葬，确实是薄葬了，那么多陪葬品铭牌，也没多少写着金银珠宝，除了他衣服上的珠宝，其他都是陶器，连吃意大利面的叉子（bushi）和吃饺子的笊篱都是陶做的。 ??,loro piana是吧//,0,0,0, , ,其他,中性
转发,2025-09-29 09:08:58,杭州77岁儿子每天陪101岁母亲散步，幸福在此刻具象化！点赞的都会长寿！#热点现场##热点解读# ??,看起来都年轻////,0,0,0, , ,其他,中性
转发,2025-09-29 11:56:26,对? ??,变成脂肪也没事////,0,0,0, ,在正常范围内美味的食物不会变成你身上的白油脂肪而是会转化为温热的血液红润的脸颊美丽的秀发和明亮的眼睛是支撑你逃离一切你憎恨环境的力量,其他,中性
转发,2025-09-29 11:56:45,找到了小猫的神秘开关 ??,我来我来,0,0,0, , ,其他,中性
转发,2025-09-29 11:58:06,小黑，今天就交给你了。好的！师父！ ??,小黑当家,0,0,0, ,师父！快起床！d 开饭啦！好，慢点吃。师父！好吃！东西都带嗯！齐了吗？师父，拉手！出发咯！好。师父，相信我语噢？师姐！,其他,中性
转发,2025-09-29 12:03:53,画好此男难度不亚于请神 ??,我那美丽的限子,0,0,0, ,,其他,中性
转发,2025-09-29 12:04:48,这是我见过最可爱的冻梨猫猫！ ??,真的是你们东北冻梨,0,0,0, , ,其他,喜悦
转发,2025-09-29 14:33:46,猫咪想找同伴玩，结果同伴想睡觉，一脚给它蹬开了，猫咪托着腮，甚至还叹了口气[笑cry]#快乐上头好有意思##微博欢享派对# ??,好哦// 狸花猫和小奶[哈哈]////////////// 不玩就不玩嘛，生气干嘛[捂嘴哭]//[无聊]//：蒜鸟，还是睡觉,0,0,0, ,词典8也没有很想和你玩昨天19:31·江苏回复4.6万awalma 小猫：不玩就不玩，哼昨天21:13·辽宁回复8832大幸福哈哈哈哈哈哈，小狸花还叹了口气昨天10:35·广西回复4608作者赞过,其他,喜悦
转发,2025-09-29 22:14:47,就这样咪咪喵喵呼呼大睡小猫那个萌啊啊啊啊啊！！！[哇]谁能拒绝猫猫!#罗小黑战记2##鹿野##无限# ??,养猫人是这样的,0,0,0, ,,其他,喜悦
转发,2025-09-29 22:15:16,『罗小黑战记』日语配音版主题歌新插图 ??,我才发现他们在哪吒家,0,0,0, ,最新「LittleBouquet/Pastoral TVF二x主题歌「Pastoral]11/12（水）凳壳10/6（月）0时0先行配信Almer LittleBougues Aimer Pastoral 期间生产限定盘少卜「Pastoral」配信y卜BolJaHMCHAimer PastoralAimer Little Bouquet /Pastoralnullnullnull,其他,中性
转发,2025-09-30 16:15:18,第一次坐电梯的小边牧，透露出好奇又胆怯的小眼神[抱一抱] ??,偷走,0,0,0, , ,其他,中性
转发,2025-09-30 16:19:03,???）回家路上看到一辆好吵的小猫 ??,哎呀,0,0,0, ,吗我是只小猫喵喵,其他,中性
转发,2025-09-30 16:43:42,2734明月文学还是太权威了 ??,说明，主要是恨//[笑cry]////，“明月必须高悬，他恨所有不让明月高悬的人，至于照谁那是明月的事”//,0,0,0, ,1.恨明月高悬独不照我2.恨明月高悬不独照我3.恨明日高悬曾独照我4.恨明月独照我却依旧高悬5.恨明月高悬6.恨明月因独照我不再高悬7.恨明月8.恨明日高悬而我已不敢抬头9.恨明月高悬因我未能高悬10.恨明月高悬的一切阻碍11.恨明月未能高悬12.恨明月未能因我高悬13.恨明月未能只因我高悬14.恨明月高悬，未能高悬都未照我15.恨明月未能因我未高悬16.恨明月未能只因我末高悬17.恨明月高悬却照我18.恨明月曾高悬19.恨明月独照我却想高悬20.恨明月高悬曾照我，我却不,其他,中性
转发,2025-09-30 16:47:19,刚看到说月收入一万以下的人就不要把黄金基金期货挂在嘴边了，这种收入阶层最好的理财方式是不吃晚饭。60块的晚餐标为例，一方面以1.08%的七日年化利率来看，相当于余额宝里存了200万（相应的30块的餐标大致相当于100万）；另一方面816饮食法给身体带来的好处也是一笔不可量化的巨大收益。虽然是诡辩的段子，但我还挺“？！？！”的。 ????,我的实践是不吃早饭全靠咖啡，需要吃保健品//…..,0,0,0, , ,金融,中性
转发,2025-09-30 17:05:27,#罗小黑战记[超话]# 终于凑够9图……请吃罗吒(///▽///) ??,还是最羡慕无限这个男人,0,0,0, ,,其他,喜悦
转发,2025-09-30 17:19:09,???）邪恶小咪 ??,哪里邪恶了,0,0,0, ,,其他,中性
转发,2025-09-30 22:18:11,2024年，蕾雅·赛杜在《沙丘2》中的一幅肖像。如同一尊在月光下泛着金属色泽的女神像。 ??,沙丘没有太复杂深刻的东西，就是一种导演的美学展示,0,0,0, ,,其他,中性
转发,2025-10-01 16:58:09,??#罗小黑战记[超话]##蓝溪镇##明王# ??,姐姐,0,0,0, ,,其他,中性
转发,2025-10-02 12:34:13,这个游戏就是很简单的鼻子碰球球啊[笑cry]也可以叫猫猫指挥棒 ??,打开就是完美狸花猫多咪的超圆脸蛋子,0,0,0, , ,其他,中性
转发,2025-10-02 12:35:56,和小猫一起亲近大自然 ??,爱上一匹奶牛，可惜我没有草原,0,0,0, , ,其他,悲伤
转发,2025-10-02 16:53:08,之前华为找的那个代言人姑娘被很多人嘲我刷到这姑娘账号了来，看看，有啥脸嘲的？？？这个体重基数，攀岩，这肌肉力量碾压多少人了。你嘲她？你跟她同一个重量攀一下试试。 ??,我就是刷到她引体超强，真正的脂包肌，么有天赋根本练不出来//，能抗病能抗累，羡慕死了[捂嘴哭][捂嘴哭][捂嘴哭]//,0,0,0, , ,其他,中性
转发,2025-10-02 16:56:00,血脉觉醒的萨摩耶！啊呜啊呜～ ??,到老家了,0,0,0, , ,其他,中性
转发,2025-10-02 17:21:40,分享图片 ??,这对吗,0,0,0, ,,其他,中性
转发,2025-10-02 17:22:39,以军登船抓捕前，环保少女通贝里发表最后的讲话，船员围在一起唱起意大利红歌“啊朋友再见”，全球坚韧船队被袭击前，观察到以军出动了20多艘军用船只前来拦截。 ????,//,0,0,0, , ,其他,中性
转发,2025-10-04 17:40:09,找了找毛绒睡衣的图，居然还有好多呢[笑cry][笑cry][笑cry] ??,可爱鼠,0,0,0, ,AI学习禁无断耘载自作凳言无授权转载Reproduction and reuploading my artprohibited.Do notussmy artforAltraining.AI学习禁无断耘报自作凳言无授权转载ohibite禁学无断耘载Reproduction and reuploading my art prohibited.Do not use my art for Al training.自作凳言禁止无授权禁止转载禁Do not usa my art for Al trainin 自作凳言禁止无授权禁止转载AI学 gmy art ohib 学习自作转载Do Altra BESS,其他,惊奇
转发,2025-10-05 11:07:35,我福至心灵悟出来的 ??,漂亮死了,0,0,0, ,,其他,中性
转发,2025-10-05 12:19:24,『间谍过家家』TV动画第3季第1话贺图 本日开播 ???#间谍过家家# #二次元招新季# ? ??,阿尼亚赛高,0,0,0, ,SPYFAMILY MISSION:38一·二情报屋《夜帷)TE/S.SFPispyamy season3mousuguSDYFAMIY season3怎田本日放送！Tv7xseason3555之本日23时放送开始P-f 一SPY-FAmILY 1日SPY FAMILY Seasoh3放送”2日/F3LS 村SPYFAMIIV 南七3日season3作监：水谷汐里作画晋督米泽SPY famIlY season3放送书4日SPY FAMILY 原画：本田舞波,娱乐,中性
转发,2025-10-05 22:13:15,复制粘贴的两只奶牛猫 ??,不要给我,0,0,0, , ,其他,中性
转发,2025-10-05 22:32:47,们几几就是这样莫名其妙 ??,车屁股,0,0,0, , ,其他,中性
转发,2025-10-06 16:48:11,林徽因说“建筑最高的美是诚实”。我认为这个评价标准不仅限于建筑，适用于任何艺术形式。就像我们看绘画，美不是唯美，是诚实反映画家观察世界的结果，即便这个结果是主观的，带有情绪的。作品最终能不能成为艺术，还是要看够不够诚实。当时，林徽因主导设计人民英雄纪念碑上的浮雕，让工艺美术师花花环，花能怎么画？当然是曲线柔美，但是林看了初稿后说这个花是“乾隆taste”，矫揉造作，唯美自媚，英雄的花环应该是质朴有力的。那么如何画出质朴有力的花呢？这就取决于画家的观察方法了，或用直线，或简化繁复，这些都是手段，而不是你忠于的那个创作起点。一个笃定的起点，可能纠偏自媚刻奇、玄技造作以及观念上的母题偏离，也是产生经典的前提。因为常年缺乏美术教育，广大人民群众还无法摆脱“美就是用来取悦普遍视觉规律和观念秩序的”，这就造成了“美=唯美”的落后观念。它不仅体现在绘画上，还体现在音乐、文学、建筑、装饰与电影的方方面面。“唱得真高、画得真像、写得真美、人真善良”依然是大众对美感的朴素感知。如果我们可以主动剥离了取悦自己的“唯美现象”，试着以创作者的诚实去再审视，那么安娜·卡列尼娜最后的死亡也是值得的，否则也只是一个出轨妇女最终卧轨自杀的故事。,真善美么，不真的东西骗到的是不真的人,0,0,0, , ,文化，政务,愤怒
转发,2025-10-06 16:57:50,10月4日，广东，高铁上陌生男子对小女孩又亲又摸，孩子家长大怒质问：你为什么要亲她，男子：因为她长得可爱，家长：你这是猥亵，要交给警察处理。 ??,支持现场暴揍////，不然3个月之后拿出湿疹报告//！！！！！//////？他要是说出来了，估计他家乡人也不会认吧？很赞同孩子家长的态度：1、我不原谅；2、交给公安处理。,0,0,0, , ,公安,愤怒
转发,2025-10-06 17:00:14,一只行走的柯基大面包? ??,这 屁股,0,0,0, , ,其他,中性
转发,2025-10-06 17:21:29,努力的宝包 ??,漂亮乖,0,0,0, , ,其他,喜悦
转发,2025-10-06 20:08:30,《间谍过家家》漫画单行本 最新卷 地铁宣传海报 合集?好多阿尼亚鸭[打call][打call][打call]第三季将于 明晚 回归！！！#间谍过家家第三季##二次元招新季# ??,超可爱,0,0,0, ,55051603元5nullSPY JC16810月31601235-57SOY-FAMEY个SPTAMITnull精算机,娱乐,喜悦
转发,2025-10-11 17:09:42,??? ????奶牛猫??? ??,完美小奶,0,0,0, ,nullnullnullnull大胖和小胖nullnullnullnull,其他,中性
转发,2025-10-11 22:20:18,耽父的《王阳明》要播了啊 ??,截图里面的剧全是老年人的感觉（对不起//！//,0,0,0, ,影视葛二蛋关注25-10-1013:10微博电视团成员已编辑发布于山东总局公布9月电视剧备案剧名集数变更（均已过审）】郭京飞、王佳佳#老舅#24集变27集钟汉良、朱珠#蜜语纪井40集变38集黄轩、李庚希#命悬一生井40集变16集陆剑民、周海媚、朱一龙《王阳明》变更剧名为井文成传奇井,娱乐,中性
转发,2025-10-12 18:55:41,我为什么要写“长河落日圆”，是因为我在这个地方感到绝对的寂寞、绝对的静寂。在这一片荒凉之上，滚动着一轮落日，落日真的是圆的。我不是告诉你太阳是圆的，而是在告诉你我这时候的心情。 张老师讲诗词格律写作：香菱说王维“大漠孤烟直，长河落日圆”无理、太俗。“无理”是指非常经验，“太俗”是指日常经验。这两句诗看上去无理、太俗，其实是有道理的。你说烟不可能是直的，我说我知道，就是因为烟不可能是直的，我在这个地方看到烟真的是直的，我才值当写，不然我还不写呢。我写就是告诉你，这个地方烟都能是直的。所以看上去无理，平时没有的经验，今天有了。写诗是要告诉你一点有趣的。“圆”字是太俗，谁都知道太阳是圆的，但谁都知道但谁都没写，那我写了就是我的，然后我写了。我为什么要写“长河落日圆”，是因为我在这个地方感到绝对的寂寞、绝对的静寂。原来我仰头看太阳下有各种花草树木，“日高花影重”，我还注意不到太阳是圆的呢。而我在这里注意到，太阳真的是圆的呀，在这一片荒凉之上，滚动着一轮落日，落日真的是圆的。那我在写圆是在写什么？我不是告诉你太阳是圆的，而是在告诉你我这时候的心情，我这时候注意到太阳真的是圆的，这其实是一种陌生化的效果。谁都知道太阳是圆的，但我告诉你，我在这里才感受到太阳是圆的。我传达的是一种情境、一种心情，而不是一种经验。我把这个难写之景写出来了，你合上书一想，竟像是见了这景。你没有到那，但他一说你心里就有了这么一幅景，这就是诗要有形象思维，要给人一个画面。#张一南手稿#,印象派的画就是这样的////，一种冥想盆,0,0,0, , ,其他,中性
转发,2025-10-12 18:56:10,我妈转发：多地考编取消35岁限制！我：太好了，你可以自己去考了 ??,应届生不应该考////,0,0,0, , ,其他,中性
转发,2025-10-13 11:57:09,武大图书馆当事女生杨同学的vx被永久封禁了，评论有人问她为什么被封，她说因为发了肖某“挠痒”的视频被企鹅官方判定为银秽涩情…九敏谁懂这有多地狱啊 ??,//[摊手]//。。。//[春游家族]//////////////,0,0,0, ,铁粉1Wx怎么还封号啊10-1016:56来自澳大利亚99我真的想读PhD 博主热评因为发了挠痒视频，它给我判定yhsq 了10-1016:57来自.,其他,愤怒
转发,2025-10-13 14:50:24,上次去公园见到一个肌肉男在公园入口做瑜伽，身材确实不错长得也还行，但孔雀开屏的味儿太浓了导致我忍不住想笑，，公园入口，短裤，做瑜伽，目的性太强啦，哥们还到处东张西望看看有没有心仪的对象，，哎处在择偶期的外表较为宜人的傻蛋， ???,男的练瑜伽卖?，不像是直的//大吉普停在小区门口，然后掀开盖撅着腚往里看几眼起身往周围看一圈。可恶我是真的会被（吉普）吸引,0,0,0, , ,其他,中性
转发,2025-10-13 14:51:01,想起张春在一期播客里说“社恐是害怕社交但渴望社交”，这是多少摩羯座越是喜欢一个人越是觉得对方让自己社恐的真实写照 ??,我们摩羯社恐一旦开始社交，即刻变成悍匪////////，代一下吧……,0,0,0, , ,其他,中性
转发,2025-10-13 15:51:19,桜日梯子新绘制的猫猫 西条高人[哆啦A梦花心]#我被最想拥抱的男人威胁了##二次元招新季# ??,一看就是要被偷走的小猫咪,0,0,0, ,SAI?TAkATO DAKAIGt 格日2025档子03,其他,中性
转发,2025-10-13 16:36:20,最近看小地瓜发现好多人会要求别人不能拥有感情诉求，必须在工作上做到绝佳，拥有学历，拥有爱好眼界格局等需要少年乃至童年时代大量的金钱时间成本积累才可获取的东西，名校、工作、丰厚的家境，绝对绝对独立的人格，无不良爱好与恶习。只要在感情上有偏颇有依赖就好像在“让人失望”，只要想要停滞下来就会被评价“天哪，以前关注你的时候你不是这样的”。但这种完美的没有道德瑕疵，在所谓应该的年纪做到优绩主义定义下卓越的成就是否也是他人眼里的客体，感觉互联网有时候已经发展到不在乎个人的感情和痛苦了。我们总是冠冕堂皇地谈及人类要保持主体性，最后都只是让人回归为自己眼里的客体。,这些要求映射出那个无法成为的完美自我//，哪怕起号成功卖上货了数一数也没几个钱啦////，所谓的高主体性可能会沦落为另一种客体规训//,0,0,0, , ,其他,中性
转发,2025-10-13 16:53:45,[doge] ??,老汉：这对吗////[么么哒]//////？//[允悲],0,0,0, ,MADS mikkelsen,其他,中性
转发,2025-10-13 16:54:08,又一个颠颠的投票命名要诞生了[春游家族] 四只大猩猩正在投票命名，尽管官方拼命拉偏架（饲养员力荐），奈何南京人民依然毫不犹豫的把“香椿头 马兰头 小蒜头 枸杞头”（“七头一脑”是南京知名野菜）投到了断崖第一。我真的很期待正式揭晓的一刻[春游家族][春游家族][春游家族]：“小朋友们看，正在荡秋千的这只大猩猩就是咱红山新晋网红：小蒜头！[春游家族]”,枸杞头最好吃//////，红山昨天专门说了：“愿赌服输，一口唾沫一个钉，选出谁就用谁！”[春游家族]我们可以提前庆祝四大菜头出道了[春游家族] //,0,0,0, ,X 给你喜欢的大猩猩中文名投票吧！多选纳阔宁卡凯拓慕迪（饲养员力荐）14497票19.46%宁山宁安宁聪宁乐2984票4.01%山野山林山河山海2512票3.37%青山流云巨石繁星2843票3.82%望山捶风拥云递叶2488票3.34%广睦吃果增涨多闻2782票3.73%玄武栖霞秦淮鼓楼2044票2.74%香椿头马兰头小蒜头枸杞头41402票55.58%竹叶桑葚柳条芭蕉1553票2.08%紫金幕府栖霞清凉1386票1.86%已投票pis 南京.+关注386个朋友...11119814266137宁婆婆,其他,中性
转发,2025-10-13 16:55:04,??狂欢吧狂欢吧～ ??,探戈?,0,0,0, ,,其他,喜悦
转发,2025-10-13 17:27:04,小畑健的画工硬的能劈开地球! ??,能看出他的xp,0,0,0, ,null一表现の合志特别定缅1760表纸X 小烟健表和天0月号今石洋之若林么海了分卜坂本胜KxNeWPANTY&STOCKINGWith GARTERBELT 家发了七天久心一市川晴子恋世中心天使卯月引君宇宙步の泥田犬彦小烟健活动如周年记念特集村田莲DdiAeny 建尔浅田弘幸田中将资碧屈羽是都白身鱼七之击边CCnder heroslardinx3书龙力好嘴月香琳徐从晖七神大廿夕尔次中村佑介91nullnullnullnullnullnullnull,其他,中性
转发,2025-10-13 17:29:10,#罗小黑战记[超话]##电影罗小黑战记2# 老照片 ??,古墓派//[抱一抱]//#罗小黑战记鹿野[超话]#,0,0,0,罗小黑战记鹿野[超话],,其他,中性
转发,2025-10-13 20:53:04,之所以说「你只要做你自己，就一定会有人爱你」，是因为「成为自己」这件事本身，它就是有着无穷的魅力。你坦然、舒展、自由地成为了你自己，你的生命力如同将要入海的河流一样畅快又平静地流淌着，这件事比任何身材、任何美貌都更有魅力。而且，当你到了这个阶段，「是否有人爱你」都已经变成了一件太不重要的事情了。和「我全然地绽放了我的生命力」这件事相比，「是不是有人爱我」是太小也太微不足道的事情，它是一个「成为自己」的附带奖励。去吧，去全然地、全然全然地成为你自己。,毕竟渺小人类一生的唯一任务就是成为自己,0,0,0, , ,其他,中性
转发,2025-10-13 20:53:42,一位女业主震惊地发现邻居的柯基在晚上会偷偷溜进她的牧场偷骑她家的小马 ??,真的好狗啊,0,0,0, , ,其他,惊奇
转发,2025-10-14 17:16:26,? ??,哎呀,0,0,0, ,,其他,中性
转发,2025-10-14 20:12:27,动画电影和真人电影确实不一样，看封神的时候每个人的动作微表情都要拉出来看，星汉灿烂我就 ??,哪吒风3d的这钟做得不行，太糙了，2d是可以画出情态变化的,0,0,0, , ,其他,中性
转发,2025-10-14 20:13:15,我说，那个试吃不是应该“女士您好，这里可以免费试吃”“不用了谢谢”“打扰您”这样吗？我从门口过，那姐姐一把给我塞嘴里(??_?`)都没反应过来是什么就嚼上了 ??,没有挨打吗//，要不是我一脸凶相直奔厕所我也难逃一劫//，会遇到店家把新烤出来的牛肉干塞我嘴里//,0,0,0, , ,其他,中性
转发,2025-10-15 14:13:42,替丁克及不婚群体担心养老问题的省省吧，你生了一堆就能保证有人老年在家伺候你？这两个多月陪亲戚跑了多次医院、今天上午还在北肿排队做CT划线定位，说真的，我没见几个是儿女陪着的，基本或是老伴跟着更多是独自一人，有的看着像是我这种中华好亲戚。养老靠儿女？你爹妈靠你，靠得住吗？想想。所以，养老靠啥，靠钱。去医院需要人陪就雇人呗，老了独居不行的时候，去养老院呗，去质量好的，依然需要一定数目的钱做保障，能给晚年尊严的不是儿女，而是你的银行卡。婚内生活几十年过得鸡飞狗跳的，哪来的优越感可怜独身和丁克，退一百步说，人家自由自在了多半辈子，老年即使孤独点，也没啥遗憾的。,老了固然是没有尊严的，有啥问题啊，和年轻时候瞎活乱生孩子一辈子担心孩子孙子的人相比，至少好好活过//,0,0,0, ,你说得都对但我不听,其他,中性
转发,2025-10-15 17:17:04,看了n部穿越or重生成为反派千金的漫画了，看第一集就知道女主一定会俘获传说中的恶魔国王王子公爵之类的全国最帅霸总，霸总也有一些共性，白毛或者黑发，因为设定是西方魔幻世界所以在一群金毛彩毛中特别突出，然后瞳色么肯定也是很稀有的，关键的关键是，需要内山昂辉、岛崎信长或者梅原郁一郎来配帅比霸总。,东亚女频都是一样的东西，你最强就会有最强的人来爱你,0,0,0, , ,其他,中性
转发,2025-10-15 17:17:24,豆河马 ??,不是什么小蛋糕吗,0,0,0, ,,其他,中性
转发,2025-10-15 17:19:52,霸总盛行的时代，bl和bg没啥不同。 ??,突出一个明月为独照我而高悬//，另一个人对内享有绝对权力，对外拥有绝对资源，整个儿为谈恋爱设定,0,0,0, , ,其他,中性
转发,2025-10-15 22:16:16,刷到一人排故宫特展排到半夜散场也没看到什么东西，吐槽写了几大页。一看发布时间，当天凌晨三四点钟，这是真气疯了觉都不睡了[笑cry] ??,体验皇帝驾崩大臣一起守夜是吧////[允悲]罚站一整天吃不上喝不上还不敢去厕所[允悲],0,0,0, , ,其他,中性
转发,2025-10-15 22:19:51,好喜欢蓝溪镇吒混天绫绑在手上的设计[捂嘴哭][捂嘴哭]又开始想了 ??,少女之美,0,0,0, ,好吧我加人。这才是好兄弟！我们差着辈呢孩子。说清楚，我只是不齿那伽所为，不是为了她。V 40%(L)选择(S)视图(V)滤镜（)）窗口(W)帮助（H)似色40%,其他,喜悦
转发,2025-10-16 16:46:53,萌】 ??,好的，我是小猫的负资产//////[哆啦A梦吃惊][馋嘴],0,0,0, ,啾“猫认为在它所有的资产中，你最重要又最不稳定，因为你经常消失，所以要严加看管。昨天14:23安徽回复488,其他,中性
转发,2025-10-16 16:56:52,?新郎已抵达 ??,我来结婚了,0,0,0, ,,其他,中性
转发,2025-10-17 12:37:09,像毛绒玩具的西高地[哇] ??,送给我,0,0,0, , ,其他,中性
转发,2025-10-17 12:37:43,荣梓杉为非作歹后导致朱朝阳是纯恶人这事确凿无疑不容置疑了，连坐角色了 ??,就说最出圈的角色就是他命运吧,0,0,0, , ,其他,中性
转发,2025-10-17 15:29:48,猫咪为吃零食捂住同伴的嘴#万物皆可端##打卡快乐十一# ??,是臭猫猫//////////////[哈哈]////：你别吃了[doge],0,0,0, ,，让咪吃#像狗一样的猫#哈基米#大橘为重鲷鱼烧小猫咪：你虫脆是个洪蛋2天前·浙江回复9.2万本心定遇事决吃的明白嘛你就搁这吃吃吃2天前·湖南回复6747Emm “你别吃，我吃！”“你吃就你吃呗，咋还上脚呢，滂臭2天前·吉林回复1.7万欢愉1：住嘴，吃的明白吗你，让我来2：咪的天，你脚庞臭，你知道吗昨天23:25·黑龙江回复6,其他,中性
转发,2025-10-17 15:32:00,小边牧和小猫撞衫了，连尾巴的尖尖都是白色的[哇] ??,分不清谁是小狗了,0,0,0, , ,其他,中性
转发,2025-10-17 15:59:08,像个学习成绩很好的宝宝一样[好喜欢] ??,学习好不好看不出来，反正好欺负的[哇],0,0,0, , ,教育,愤怒
转发,2025-10-17 15:59:39,很长时间猫常为傲娇系高冷代表，然而事实证明猫的高傲完全只是因为它的脑子太小了无法理解大部分交互。由此可见傲娇系的本质就是弱智 ??,好的,0,0,0, , ,其他,中性
转发,2025-10-17 16:56:22,不敢想象让我躺在中间有多幸福 ??,奶牛之家[抱一抱],0,0,0, , ,其他,喜悦
转发,2025-10-18 15:47:32,大尾巴好漂亮啊猪哼[awsl] ??,奶奶家后院的??长老大了,0,0,0, ,,其他,喜悦
转发,2025-10-18 16:07:01,坂本龙一遗产委员会支持“种族灭绝无音乐”的倡议。坂本龙一的音乐由多方拥有和发行。遗产委员会已尽可能地将他的音乐从以色列所有 DSP（流媒体和下载）服务中移除，或向唱片公司发出正式请求，要求其移除所有服务。目前，他的大部分作品已生效。 ?,//////,0,0,0, ,TheEstateof Ryuichi Sakamoto supports the'No Music For Genocide'initiative.Ryuichi Sakamoto'smusic is owned and distributed by various parties.To the extent ossiblethe Estate has removedor issued formalrequests tolabels to removehis music from allDSP (streamingand download)services in Israel.For much of his catalog thishas already taken effect.,娱乐,中性
转发,2025-10-18 16:08:18,美得像一幅画 ??,原谅世界一秒,0,0,0, , ,其他,喜悦
转发,2025-10-18 16:32:20,脑子真是烧糖大户，经常一集中思考，血糖忽的一下就降了，然后就心慌手抖。 ??,L就是一直在吃甜品然后瘦成一个黑眼圈帅哥////,0,0,0, , ,其他,中性
转发,2025-10-18 16:40:45,坂本真的难看，又要骂了，还不如打魂斗罗。 ??,现在几乎就是剧情越弱cv越多大牌，和我们这里ppt电影一样的// 确实是难看…想到现在jump都这样了,0,0,0, , ,其他,愤怒
转发,2025-10-18 16:44:46,门童之多 ??,天呐??到我家来上班,0,0,0, ,,其他,惊奇
转发,2025-10-20 14:02:43,我不知道生活还有另一种选择[可爱]#生活# ??,理想猫生////[哇][哇]////[期待]//////,0,0,0, , ,其他,中性
转发,2025-10-20 16:47:33,第一个MiuMiu围裙受害者出现了，请记住她参加的是伦敦电影节，不是厨艺争霸大赛 ??,内搭拿掉////……？//,1,0,0, ,BFILOND FESTIVAL 小红书小红书号：shimaobibiji小红书小红书号：shimaobibji小红书小红书号：shimaobibiji小红书小红书号：shimaobibji,其他,愤怒
转发,2025-10-20 20:40:12,有句古话真对，爱不是占有，是成全。 ??,缔结一切契约都要付出代价//，和一个人结婚要考虑经济。,0,0,0, , ,其他,中性
转发,2025-10-21 17:18:03,美食：东京都日野市多摩动物园的《雪豹黑芝麻拿铁》，800日元。雪豹是棉花糖！ ??,我每天一杯,0,0,0, ,,其他,中性
转发,2025-10-22 09:47:54,#间谍过家家# 以防大家不知道幼年黄昏有多可爱[皱眉] ??,那必须,0,0,0, ,nullnullnullnullnullnullnullnullnull,其他,中性
转发,2025-10-22 10:27:59,有没有发现，平时买菜时会遇到两种不同颜色的白菜，一种绿色，一种黄色，看着不知道买哪一种，有些人可能觉得无所谓，随便就拿一个，不知有没有人知道这两种白菜有啥区别？ ??,我妈烧白菜我就要问，家里怎么了，没钱了吗//（不//////。,0,0,0, ,,其他,惊奇
转发,2025-10-22 16:22:11,太恶俗了 ??,小气//（ Y ）又如何呢// д ) ? ?// д ) ? ?//[笑cry]////////[允悲],0,0,0, ,她也没想到这个面料的睡衣竟然这样，被水一浸湿，就变得非常的真空、透视，此刻贴在她身上，能把身体的一切都看得清清楚楚，更过分的是，连都凸出来了。39,其他,中性
转发,2025-10-24 09:44:09,好家伙，阿川宣布：第一笔私人老板给军队的工资已经到账了！是我的一位朋友，出手就是一张1.3亿美元的支票！这热情挡都挡不住！ ??,至少拿个3k去修园子吧//,0,0,0, , ,其他,惊奇
转发,2025-10-24 10:24:19,讨厌那种特别警惕孩子穿衣打扮的家长，煞笔一样，嘴上说怕影响学习，其实是怕花钱，怕一直要多花点钱。 ??,我妈说我从三五岁开始买衣服如果到店里都是自己挑了，虽然选的乱七芭蕉的，但是我妈特别开心，总是把日常审美训练当作洪水猛兽的家长真的有病。,0,0,0, , ,其他,中性
转发,2025-10-24 10:36:08,1995 年，19岁的翁帆，是汕头大学英语系一年级的学生，作为志愿者，负责接待来访的杨振宁夫妇。接待持续了三天，翁帆负责翻译和行程安排。杨振宁偶尔会问起她的学业，得知她喜欢英国文学，还随口推荐了几本经典著作。分别时杨夫人杜致礼，拉着她的手笑说：小姑娘很细心，以后有机会来北京玩。2003 年深秋，她偶然从报纸上得知，杜致礼女士病逝的消息，犹豫再三后写了一封慰问信，寄往美国。表达了悼念，以及对杨振宁身体的关心。让她意外的是，不到一周就收到了杨振宁的回信。钢笔字迹工整有力，信中说自己正在整理杜致礼的遗物，看到旧照片时总会想起汕头的时光。就这样，一封封邮件在太平洋两岸穿梭，从学术话题聊到生活琐事，从英国诗歌谈到中国古典文学。两颗心在文字中逐渐靠近。2004 年 10 月，杨振宁从美国飞回北京，特意约翁帆在清华园见面。对翁帆表白；经过这段时间的交流，我发现我们在精神上无比契合，我想知道，你愿意嫁给我吗？三天后，翁帆给出了答案：我愿意。十年后，面对杨澜的提问，杨振宁笑着，看向翁帆：我们一起看一部电影，她笑的地方我也会笑，她感动的地方我也会感动，这就够了。有老天给的缘分，有无视54岁的龄差的自信。杨振宁老先生这一生，能不是完美的吗。#杨振宁逝世#,哈哈哈哈哈哈哈哈哈,0,0,0, ,73岁19岁68岁,文化,喜悦
转发,2025-10-24 10:59:11,上帝把我的门关了，被小猫打开了。因为小猫不允许家里有任何一扇门是关着的。 ??,门必须开着但是不敢出门,0,0,0, , ,其他,恐惧
转发,2025-10-24 11:19:19,女老师穿2.8万“大衣”上课，被家长举报，老师用硬核回复怼回去！ ??,啊啊啊就是这种沙雕家长,0,0,0, ,老师讲关注历史系90年大学女老师穿2.8万“大衣”上课，被家长举报，老师用硬核回复回去！最近，一位女老师因穿着一件价值2.8万的大衣上课，被家长举报。然而，这位老师可不是吃素的，她给出了硬核回复。家长认为老师穿如此昂贵的衣服上课会给学生带来不良影响，容易让孩子形成攀比心理。但老师却霸气回应：“我穿什么是我的自由，我的工资足以负担得起这件衣服，而且我并没有刻意炫耀。我在课堂上教授的是知识，不是时尚品味。这场争议引发了众人的热议。有人支持家长，觉得老师应该以身作则，穿着朴素；也有人站在老师这边，认为不能以穿着来评判老师的教学能力和品德。究竟谁对谁错？这恐怕没有一个标准答案。但这场“大衣之辩”无疑给我们带来了深刻的思考。#动态连更挑企业百,教育,喜悦
转发,2025-10-24 11:48:15,[允悲]好好笑，刚才我妈发给我的……belike当你被邪恶反派绑架后当做献祭仪式的祭品，而你抢先一步向神说你要把这群人都献祭了 ??,这什么恶役小羊被魔王溺爱//（不是）,0,0,0, ,TRENDING KKRVSCSK LiveCricketScore BankHolic 准备去献祭山羊的人开车掉入河中，4人溺水身亡。山羊活了下来A1微博今日memes,其他,中性
转发,2025-10-24 12:48:47,我隐隐约约记得以前说最佳睡眠是10小时，后来变成8小时，现在突然变7小时了，在过几年是不是直接不用睡了。 ??,没有人了，睡着了也是醒着的,0,0,0, , ,其他,悲伤
转发,2025-10-24 12:59:49,作为北京人，我对辣味其实有些耐受性，但全国以嗜辣著称的几个地区里，我最敬畏江西。四川的辣就好像一个穿皮衣的女刺客用鞭子抽你，要的是个辛香刺激，湖南的辣就好像一个法师用炎魔法烧你，讲究一个高爆发，贵州的辣像术师释咒，辣得迂回诡诈有层次，重庆的辣是磁暴步兵，整得人头脸发麻。江西的辣没有那么多弯弯绕，什么魔法伤害元素伤害都没有，就是直给，就是特么纯辣，好像一个200公斤的肌肉壮汉助跑30米，然后一个怒吼冲抱给你骑身子底下，左右开弓甩你耳光，我在路边餐厅里随便吃顿饭，被辣得站起来眼含热泪绕着桌子转圈，这种情况只在江西出现过。,确实是的，江西菜又咸又辣，没有什么弯弯绕绕，只想把你赶走// //，后来不知道去哪里买了//，请问哪里可以买到呢[doge]//，湖南滴蜡，贵州穿刺，重庆捆绑束缚，江西扇打[doge],0,0,0, , ,游戏,愤怒
转发,2025-10-24 13:03:25,浙传学生弄的华语电影导演红黑榜 ??,饺子都是黑点，好,14,0,0, ,中国亲ChinaMobile 华语电影全镜头志愿服务队导演红黑榜现当代中国作红黑榜电侯孝贤杨德昌许鞍华张艺谋李安负责王家卫Y 冯小刚负责ZC 杜琪峰准备前期周星驰姜文负责电竞包括王者娄烨贾樟柯·广结开文牧野同时饺子,娱乐,中性
转发,2025-10-24 14:40:22,啊 有点想屏蔽罗黑了。满屏都是逐帧级别的他人精读，会让作品在我这过于迅速的褪魅。还不想翻得那么细 ??,他们不懂这种纯粹与可爱,0,0,0, , ,其他,中性
转发,2025-10-24 14:48:15,不知道你们那里的情况啊。我和朋友聊天才知道，在成都想把小孩养好一点，稍微卷一点，居然那么花钱。.都说少子化，学校好进。但朋友说好学校还是要花钱，她女儿读小学塞了16万，这还是几年前的价格，她这两年帮亲戚询问已经要30万。进去一问发现整个班都是关系户。然后从小学就要开始补课，英语，芭蕾，美术，小提琴。朋友说英语必须提前学，她女儿六年级，同学很多已经把高中英语都学完了，该考的都考了。这样到初中就可以专心学其他科目，拉开差距考好高中。我听得目瞪口呆。朋友说，都是提前学的，学校里也是提前学，小学六年级已经在学初中的内容了。因为到初中老师会拉很快，你现在不学，到初中就一定跟不上。我感觉目眩神迷，甚至得知现在成都初中要9点才放学。顿时感到十分害怕。问朋友，补课是不是要花很多钱。她说，要，英语一节课要500元，一个月至少要3000元。这是最便宜的。小提琴的私教贵，但必须要学，这样高中才能加入学校的交响乐团。不过小学的学费少了。她说女儿读幼儿园的时候，一个月学费就是九千。然后她算了算，从大女儿出生到现在，至少已经用出去200万以上。我不禁倒吸一口凉气。朋友说，还有一些是看不见的。她和先生都是做电影行业，孩子在身边吵闹，她就不能创作，孩子不在身边，她心里就始终紧绷着一根弦，根本没办法工作，只能每天守着孩子。她的事业和时间全部被孩子影响。只有先生还在四处奔波工作。她内心很羡慕。但羡慕归羡慕。而，她的，小女儿，刚刚，出生没几年，才上幼儿园，已经开始学钢琴了。,花了钱就不要抱怨，不愿意花钱就不要勉强，又花钱又出力又心疼的话，你不抑郁誰抑郁////，丰俭由人不要攀比。,0,0,0, ,我不听我不听我不听,教育,悲伤
转发,2025-10-24 15:10:19,#电影空枪官宣海报#一个人，一把枪，一段传奇。导演：：#电影空枪#敬请期待。 ??,日常佩枪朱丽叶[哇]//[哼][哼][哼]//#电影空枪# 一把枪，一念之间。,0,0,0,电影空枪,演韩延领有主演朱一龙空枪珠江电影集团有限公司出品广东珠影影视制作有限公司广东联瑞木马影业有限公司,娱乐，时尚,中性
转发,2025-10-24 15:49:20,一串小猫咪#沉浸式吸猫# ??,咪串,0,0,0, , ,其他,中性
转发,2025-10-26 16:40:30,不管啥番，我一方面想看两位主角结婚，一方面又很希望他们离婚，大概是小五郎和妃英理三三的关系最好吃了。 ??,和宿敌结婚，但继续雄竞，爱就会日新月异到永远,0,0,0, , ,其他,中性
转发,2025-10-26 16:43:51,不管啥番，我一方面想看两位主角结婚，一方面又很希望他们离婚，大概是小五郎和妃英理三三的关系最好吃了。 ??,世界第一初恋（又称编辑部的基佬们）虽然故事没有纯情罗曼史好看，但是是这个意思//，但继续雄竞，爱就会日新月异到永远,0,0,0, , ,其他,中性
转发,2025-10-26 16:44:58,下映了~平台见~~??╰(*?︶?*)╯??#电影罗小黑战记2# ??,呵，才发现杰泥黄居然是最前景,0,0,0, ,维小电记THELEGENDOFHEIL,其他,惊奇
转发,2025-10-26 16:52:04,哎，那谛听是明王寄养在圣诞树这里的宠物…？ ??,怎么了到哪里不是当小狗,0,0,0, , ,其他,中性
转发,2025-10-26 16:58:20,我感觉这个地方最搞笑的是镜头随甲的视线从左移到右落在乙身上，然后字幕非常应景地出现了一个字： ??,给,0,0,0, ,Libi 您有什么需要吗 3万+人正在看LiL 给3万+人正在看AUgPoISon,其他,中性
转发,2025-10-26 17:06:23,百度的流浪吧很多走投无路的流浪直男已经在拿身体找txl换吃住了。 ??,//[无聊],1,0,0, ,3:083川总+关注2025-10-2309:24已编辑广东百度有个贴吧，流浪吧，我真的发现，底层直男对男同的态度发生了巨大的变化以前的老哥发帖子，交流流浪心得，说自己在公园睡觉被摸，评论区都是嫌弃避雷，恶心现在的老哥发帖，一大堆自己被男同收留，蹭吃蹭喝晚上被嗦牛子的经验分享，怡然自得，然后还有一大堆主动找有钱男同收留的。怎么说呢？底层男如果放弃社会性和雄竞，他唯一的资源就是自己的身体。他们也发现了，失去社会价值之后，哪怕在家人眼里，他们也是狗都不如，如同甲壳虫格尔高丽他们想再获得物质与情感的时候，只有饥不择食的男同才有概率为他买单回复14赞87转发48收藏21礼物全部回复作者默认最新电话机1天前·山东85没想到直男还有这种退路。河鹿1天前·四川31我也看到了有人发帖讽然后一惟老可说有人写回复16:4356流浪吧+关注河北廊坊有基哥收留吗被骗了，没米没地方去，得亏火车站全天都开着门，不知道我这种胖子有没有好心的基哥帮忙发贴千百度文明第一步14:26小然流浪记+关注贴子9关注的吧510-23我再提醒一遍没有钱的基佬就不要叫我去了你都没有钱，你叫我过去干嘛呢？跟着你受苦吗？，我什么都没有骗你们都是你们自己心甘情愿给我的，我也满足了你们一些特殊的要求玩不起就不要玩嘛，你穷就不要..全文流浪吧18391有没有基哥收留我这段时间没地方去今天去cos觉得自己建模还可以节日后就没上班等找到合适的工作再搬出去16:4156流浪吧+关注精华最新视频仗剑天涯回复于2分钟前深圳有基哥收留吗可以嗦妞，扛不住了分享赞5Lv.1初涉江湖回复于4分钟前找个武汉市东西湖的收留20岁左右男孩，要求硬、体力好，白天你随便去哪也可以在家打游戏(我上班)，晚上一起玩。食宿网电气全包，愿意来就来，想走的时候可以随时走，互利互惠，不强迫，不骗.全文分享回复赞1方游侠回复于3分钟前来跟着基哥吃香喝辣限年轻小帅，武汉分享1216:5054流浪吧全部回复只看楼主正序倒序【欠费提醒】尊敬的3星客户，截至10月24日15时，您已欠费0.07元。请您及时缴费，避免欠费停机影响您的通信畅通。便捷缴费请点击 66元20G 一键充值第5楼14分钟前河北Lv.3无名之辈有没有老哥给充个话费，饿了我现在还有两包方便面可以顶一顶，但是话费确实没钱交了第6楼12分钟前河北Lv.81初涉江湖赞几公分？第7楼7分钟前福建用：很小吧帝：16有没有告回复X 已加载全部评论50元现金红包流浪吧进吧不要忘记我们还有诗和远方0发贴千百度文明第一步16:5154流浪吧初涉江湖+关注4IP属地：浙江有没有寸头胖子啊有好看的寸头胖子吗，免费给发红包分享天猫双11好物都是心动价天猫双11官方立减商品8.5折起品质好物超值购天猫双十一活动期间内，活动优惠限指定商品可享，详情见天猫网站内活动页面及相关规则2025天猫双11广告立即查看X 全部回复只看楼主热门正序倒序year好好的以后v.4初涉江湖赞发贴千百度文明第一步16:5353流浪吧四方游侠+关注小时前IP属地：四川各位叔叔阿姨哥哥姐姐们给我团个饭好吗早知道不出去了现在出去干什么都花钱工作都很难搞饭都不知道吃什么很犹豫还被歧视民族为了挣钱干了好多行行行出状元嘛但是努力了这么久什么也没得到想回去没挣到一分钱连个脸都没有所有的委屈和无奈的瞬间就我自己懂广告50元现金红包发贴千百度文明第一步16:5652流浪吧Lv.1初涉江湖+关注刀钟前屯湖北在线找有缘人收留20岁左右男孩，要求比较大，白天你随便去哪也可以在家打游戏（我上班），晚上一起玩。食宿网电气全包，愿意来就来，想走的时候可以随时走，互利互惠，不强迫，坐标东西湖从不骗人，随缘等待有缘人。分享赞你不知道我就告诉你，现在滴滴出行领券打车是真的实惠！滴滴出行专享滴滴出行最高抵扣20元{4折优惠券}新人专享广告优惠券存在领规则查看详情50元现金红包抢沙发发贴千百度文明第一步16:5851流浪吧初涉江湖+关注没人收留。龙岗这边都是在哪流浪啊？有无搭子。（上个账号已被封禁）3.910发贴千百度文明第一步,电商,中性
转发,2025-10-26 17:07:20,哈哈，这果然是一个看脸的世界。 ????,小说主角当然不能丑，即便现在平庸，以后也要变好看//////////，可以没有，但不能小,0,0,0, ,"女生觉得""潘、驴、邓、小、闲""哪个最重要（仅限女生回答）？知乎·944个回答·3102关注知乎用户60729十关注女频小说是最能体现女生理想男性的。男主可以穷，可以性格缺陷，可以坐轮椅，可以是学渣，有些作者道德差点的男主甚至可以是犯罪分子，甚至可以是瞎子、是哑巴、是太监。唯独不能丑。哪怕是耽美小说两个男主都不喜欢女人，也不能丑。发布于2025-10-1018:07·贵州",文化,中性
转发,2025-10-26 17:13:23,初登场时衣服后摆是塞进去的，再登场又是前面塞后面没塞。会整造型的b男就是不一样啊 ??,上了一天班，谁的裤头都撑不住啊,0,0,0, ,汇报么,其他,中性
转发,2025-10-26 17:27:42,#罗小黑战记[超话]##电影罗小黑战记2# 小猫踩落叶~? ??,给吃,0,0,0, ,3！踩树叶的声音好像薯片啊！是啊那回家后我能吃一包薯片吗！？,其他,中性
转发,2025-10-26 18:05:52,一个聪明敏感的孩子，在对生命的探索和生活的价值上，往往因为过分执著，拼命探求，而得不着答案，于是一份不能轻视的哀伤，可能会占去他日后许许多多的年代，甚而永远不能超脱。三毛《雨季不再来》 ? ??,我,0,0,0, , ,其他,悲伤
转发,2025-10-28 10:51:10,《罗小黑战记2》上流媒之后，一旦觉得没什么意思或者好心情，就能打开b站加入小河一样的弹幕里，仿佛自己也拥有一支小舟，可以跟很多可爱的人一起漂流。无限会毫发无损地穿越炮火，小黑获得冰淇淋，师姐甩甩头发擦干了眼泪，不解的难题且交给未来去破解。幸福而安全，后知后觉这故事很适合冬天。 ??,我会从“又来绑架小猫啦”开始看起,0,0,0, , ,其他,中性
转发,2025-10-28 10:59:20,【新连载图透，A药的两种特性】朗姆发现了赤井玛丽身体缩小的事实！并悟到同一种药用在某些人身上会致死，还有的人则会身体缩小！他需要弄清的是其中的原因…之前流传的图2的说法可以说是稳了[哆啦A梦吃惊] ??,那柯南还是可以和哀酱结婚的是吧//。//,0,0,0, ,通女菜16条元件の19:06山46返回微博正文米花快跑115万推广阅读25-4-513:53微博动漫博主发布于重庆卧槽卧槽茅塞顿开啊，难怪73要把所有人都写成亲戚songwan90217小时前IP属地：北京看过一个大佬分析，A药只对特定基因人群有返老还童效果，对其他人则致死，宫野夫妇把boss的基因和自己的基因编辑了进去。所以现在看到吃药变小的人，都可能与上述有亲缘关系。已知柯南跟灰原没有亲戚关系，那么柯南和大boss是什么关系？33共7条回复点赞是美意，赞赏是鼓励转发868评论314赞1万未开启评论防火墙，存在骚扰隐患一键设置三按热度niurdlo 热评这一家人就这样把我们耍得团团转转发评论赞,其他,中性
转发,2025-10-28 11:27:06,#于适yosh[超话]# 灵感协奏，风格新语。感受#波司登高级产品线AREAL#前卫设计美学，和 一起携手 ， 打破常规着装逻辑，用时尚创意探索着装边界，谱写冬日摩登叙事！#温度兼风度奢艺非奢望# ??,羽绒套羽绒是吧,0,0,0, , ,时尚,惊奇
转发,2025-10-28 22:25:35,好可爱的海兔 ??,天呐水彩画////,0,0,0, , ,其他,喜悦
转发,2025-10-29 10:27:50,【#男子住酒店自带床单被罩全隔离#：全程不碰酒店物品】10月28日，安徽宣城。男子和有“洁癖”的男同事一起住酒店，同事自带全套一次性用品，床单被罩隔离膜全覆盖，全程不碰酒店物品。 ???? ???? ??,爱讲究就住好一点的，并不是好一点的就卫生，而是幸福感提升了就不关注这些了//：我在酒店浴缸（差点说成澡盆）泡澡都不用一次性塑料套。再说句大逆不道的：我内裤放洗衣机洗。袜子也是。//！,0,0,0, , ,其他,中性
转发,2025-10-29 14:34:30,4041建议每年11月到3月放冬眠假，我觉得人类肯定是需要冬眠的，一定是哪里出了问题，你们再好好查查，人类肯定要冬眠。 ??,我查了我需要，你们也都好好查查//,0,0,0, , ,其他,中性
转发,2025-10-29 14:50:58,是的，这是咪之衣 ??,可爱,0,0,0, ,,其他,喜悦
转发,2025-10-29 14:53:35,能很好的控制情绪的人大概率已经是变态了 ??,珍惜我们这些看起来变态的人吧，我们才是正常人,0,0,0, , ,其他,愤怒
转发,2025-10-29 15:17:58,第一眼还以为谛听靠着个蓝色靠背枕… ??,那三只笨狗还挺赖着他的,0,0,0, ,,其他,中性
转发,2025-10-29 15:28:52,何稀罕之有？ #电影罗小黑战记2# 接上条 ??,红老虎爸爸,0,0,0, ,,其他,中性
转发,2025-10-29 15:29:06,以防你没见过这么酷的奶牛猫 ??,这得是特警了吧,0,0,0, ,,其他,惊奇
转发,2025-10-30 10:28:35,哈哈哈哈哈哈哈 ??,嗨，那么多丑人都有男女朋友的//,0,0,0, ,其实我未成年时候震撼同学有性生活不是在震撼这件事本身，而是震撼这些同学的对象，长成那样怎么脱得下衣服的，光是想想就忍不住拿棍子打。8小时前上海回复4.5万作者赞过笑死了拿棍子打7小时前江西回复1.2万啊啊啊7小时前广东回复376啊哈哈哈哈哈哈哈哈哈哈我不行了拿棍子打7小时前四川回复791我不行了。。。拿棍子打7小时前陕西回复484,其他,喜悦
转发,2025-10-30 10:33:37,分享图片 ??,们姐尼黄换个本子也是男主角，哼,0,0,0, ,,其他,中性
转发,2025-10-30 10:39:11,初步研究发现，逛博物馆确实能缓解人的压力，改善身体炎症水平。博物馆确实是人们暂时逃离社会压力的“精神庇护所”。这是来自伦敦国王学院心理医学系和考陶德美术馆的一项小样本前瞻性对照研究。50名受试者随机分配到干预组和对照组。干预组在考陶德美术馆逛20分钟，对照组则在实验室里看相关艺术作品的复制品。结果显示，与对照组相比，真正逛美术馆的干预组在反应精神压力的多项动态心率参数，以及唾液的皮质醇、炎症指标（IL-6、TNF-α）均有明显下降，提示与情绪相关的自主神经-内分泌-免疫系统情况确有改善，从分子水平初步证实了逛博物馆/美术馆带来的美学体验确实有助于提升人的整体身心健康状态，证实了博物馆/美术馆作为人们暂时的“精神庇护所”的文化职能确实存在。这项研究的预印本发表在：bibli.artfund.org/m/43ab64650b0e8e61/original/Physiological-Impact-of-viewing-original-artworks.pdf 有兴趣的可以去阅读全文。,那必须//,0,0,0, , ,其他,中性
转发,2025-10-30 10:39:53,神秘的pa增加了 ??,是红老虎,0,0,0, ,,其他,中性
转发,2025-10-30 16:32:34,鼠鼠小恶魔???cr：hey_mounttai ??,邪恶鼠宝,0,0,0, , ,其他,中性
转发,2025-10-30 16:33:10,手感超好的大号奶牛猫玩偶 ??,给我玩一下,0,0,0, , ,其他,中性
转发,2025-10-30 16:35:53,画了万圣节小头像?！ ??,妈呀，不管什么门的，都是萌死人系,0,0,0, ,88mm#一,其他,喜悦
转发,2025-10-30 16:43:19,悲伤的重阳节。一些老人的离开。 ??,可能，活不明白也是一种活明白//////「风俗」//《农村老人自杀调查报告》： ////[汗]//，这是当代中国的情况吗[捂嘴哭],0,0,0, ,18:0563大家都在搜：助壮素Q 2884条评论阿拉是假看评论我都惊呆了，还有这种风俗么？老人生病或者年纪大就自己喝那个助壮素送自己走。昨天14:25·广东回复3015立马昆仑我们村大部分老人都是喝药走的。他们认为这是常态，是活明白了的表现。比如，我奶奶，我表弟爷爷，对门的奶奶，斜对门的奶奶，邻居的爷爷.他们很多都是这样走的。7小时前·湖北回复19雨会停天会晴立马昆仑你湖北哪里的3小时前·广东回复3水君立马昆仑善语结善缘，恶言伤人心,政务,中性
转发,2025-10-31 19:17:46,参观微博总部，他们有个数据墙，我一看，原来微博每个月只处理2万起人身攻击。我说怎么跟没处理一样呢。 ??,起码两百万起吧,0,0,0, ,Monthly Reports 人身攻击月度处理量22341MonthlyReports of Personal Abuse 数据截至2025年9月Nunmwep 1808800,政务,中性
